Status,Category,Subtopic,Problem #,Problem Name,Topics,Est Time,XP,Open Link
Unsolved,KINGDOM 1 — THE KINGDOM OF ARRAYS,Pattern 1.1 — Basic Array Traversal,263A,Beautiful Matrix,implementation,15,10,https://codeforces.com/problemset/problem/263/A
Unsolved,KINGDOM 1 — THE KINGDOM OF ARRAYS,Pattern 1.1 — Basic Array Traversal,266A,Stones on the Table,implementation,15,10,https://codeforces.com/problemset/problem/266/A
Unsolved,KINGDOM 1 — THE KINGDOM OF ARRAYS,Pattern 1.1 — Basic Array Traversal,339A,Helpful Maths,"greedy, implementation, sortings, strings",15,10,https://codeforces.com/problemset/problem/339/A
Unsolved,KINGDOM 1 — THE KINGDOM OF ARRAYS,Pattern 1.1 — Basic Array Traversal,405A,Gravity Flip,"greedy, implementation, sortings",15,10,https://codeforces.com/problemset/problem/405/A
Unsolved,KINGDOM 1 — THE KINGDOM OF ARRAYS,Pattern 1.1 — Basic Array Traversal,467A,George and Accommodation,implementation,15,10,https://codeforces.com/problemset/problem/467/A
Unsolved,KINGDOM 1 — THE KINGDOM OF ARRAYS,Pattern 1.1 — Basic Array Traversal,469A,I Wanna Be the Guy,"greedy, implementation",15,10,https://codeforces.com/problemset/problem/469/A
Unsolved,KINGDOM 1 — THE KINGDOM OF ARRAYS,Pattern 1.1 — Basic Array Traversal,479A,Expression,"brute force, math",15,10,https://codeforces.com/problemset/problem/479/A
Unsolved,KINGDOM 1 — THE KINGDOM OF ARRAYS,Pattern 1.1 — Basic Array Traversal,490A,Team Olympiad,"greedy, implementation, sortings",15,10,https://codeforces.com/problemset/problem/490/A
Unsolved,KINGDOM 1 — THE KINGDOM OF ARRAYS,Pattern 1.1 — Basic Array Traversal,501A,Contest,implementation,15,10,https://codeforces.com/problemset/problem/501/A
Unsolved,KINGDOM 1 — THE KINGDOM OF ARRAYS,Pattern 1.1 — Basic Array Traversal,509A,Maximum in Table,"brute force, implementation",15,10,https://codeforces.com/problemset/problem/509/A
Unsolved,KINGDOM 1 — THE KINGDOM OF ARRAYS,Pattern 1.1 — Basic Array Traversal,510A,Fox And Snake,implementation,15,10,https://codeforces.com/problemset/problem/510/A
Unsolved,KINGDOM 1 — THE KINGDOM OF ARRAYS,Pattern 1.1 — Basic Array Traversal,581A,Vasya the Hipster,"implementation, math",15,10,https://codeforces.com/problemset/problem/581/A
Unsolved,KINGDOM 1 — THE KINGDOM OF ARRAYS,Pattern 1.1 — Basic Array Traversal,677A,Vanya and Fence,implementation,15,10,https://codeforces.com/problemset/problem/677/A
Unsolved,KINGDOM 1 — THE KINGDOM OF ARRAYS,Pattern 1.1 — Basic Array Traversal,705A,Hulk,implementation,15,10,https://codeforces.com/problemset/problem/705/A
Unsolved,KINGDOM 1 — THE KINGDOM OF ARRAYS,Pattern 1.1 — Basic Array Traversal,723A,The New Year: Meeting Friends,"implementation, math, sortings",15,10,https://codeforces.com/problemset/problem/723/A
Unsolved,KINGDOM 1 — THE KINGDOM OF ARRAYS,Pattern 1.1 — Basic Array Traversal,731A,Night at the Museum,"implementation, strings",15,10,https://codeforces.com/problemset/problem/731/A
Unsolved,KINGDOM 1 — THE KINGDOM OF ARRAYS,Pattern 1.1 — Basic Array Traversal,734A,Anton and Danik,"implementation, strings",15,10,https://codeforces.com/problemset/problem/734/A
Unsolved,KINGDOM 1 — THE KINGDOM OF ARRAYS,Pattern 1.1 — Basic Array Traversal,746A,Compote,"implementation, math",15,10,https://codeforces.com/problemset/problem/746/A
Unsolved,KINGDOM 1 — THE KINGDOM OF ARRAYS,Pattern 1.1 — Basic Array Traversal,750A,New Year and Hurry,"binary search, brute force, implementation, math",15,10,https://codeforces.com/problemset/problem/750/A
Unsolved,KINGDOM 1 — THE KINGDOM OF ARRAYS,Pattern 1.1 — Basic Array Traversal,758A,Holiday Of Equality,"implementation, math",15,10,https://codeforces.com/problemset/problem/758/A
Unsolved,KINGDOM 1 — THE KINGDOM OF ARRAYS,Pattern 1.1 — Basic Array Traversal,785A,Anton and Polyhedrons,"implementation, strings",15,10,https://codeforces.com/problemset/problem/785/A
Unsolved,KINGDOM 1 — THE KINGDOM OF ARRAYS,Pattern 1.1 — Basic Array Traversal,791A,Bear and Big Brother,implementation,15,10,https://codeforces.com/problemset/problem/791/A
Unsolved,KINGDOM 1 — THE KINGDOM OF ARRAYS,Pattern 1.1 — Basic Array Traversal,935A,Fafa and his Company,"brute force, implementation",15,10,https://codeforces.com/problemset/problem/935/A
Unsolved,KINGDOM 1 — THE KINGDOM OF ARRAYS,Pattern 1.1 — Basic Array Traversal,996A,Hit the Lottery,"dp, greedy",15,10,https://codeforces.com/problemset/problem/996/A
Unsolved,KINGDOM 1 — THE KINGDOM OF ARRAYS,Pattern 1.1 — Basic Array Traversal,1030A,In Search of an Easy Problem,implementation,15,10,https://codeforces.com/problemset/problem/1030/A
Unsolved,KINGDOM 1 — THE KINGDOM OF ARRAYS,Pattern 1.1 — Basic Array Traversal,1097A,Gennady and a Card Game,"brute force, implementation",15,10,https://codeforces.com/problemset/problem/1097/A
Unsolved,KINGDOM 1 — THE KINGDOM OF ARRAYS,Pattern 1.1 — Basic Array Traversal,1108A,Two distinct points,implementation,15,10,https://codeforces.com/problemset/problem/1108/A
Unsolved,KINGDOM 1 — THE KINGDOM OF ARRAYS,Pattern 1.1 — Basic Array Traversal,1114A,Got Any Grapes?,"brute force, greedy, implementation",15,10,https://codeforces.com/problemset/problem/1114/A
Unsolved,KINGDOM 1 — THE KINGDOM OF ARRAYS,Pattern 1.1 — Basic Array Traversal,116A,Tram,implementation,15,10,https://codeforces.com/problemset/problem/116/A
Unsolved,KINGDOM 1 — THE KINGDOM OF ARRAYS,Pattern 1.1 — Basic Array Traversal,1234A,Equalize Prices Again,math,15,10,https://codeforces.com/problemset/problem/1234/A
Unsolved,KINGDOM 1 — THE KINGDOM OF ARRAYS,Pattern 1.1 — Basic Array Traversal,1294A,Collecting Coins,math,15,10,https://codeforces.com/problemset/problem/1294/A
Unsolved,KINGDOM 1 — THE KINGDOM OF ARRAYS,Pattern 1.1 — Basic Array Traversal,1335A,Candies and Two Sisters,math,15,10,https://codeforces.com/problemset/problem/1335/A
Unsolved,KINGDOM 1 — THE KINGDOM OF ARRAYS,Pattern 1.1 — Basic Array Traversal,1352A,Sum of Round Numbers,"implementation, math",15,10,https://codeforces.com/problemset/problem/1352/A
Unsolved,KINGDOM 1 — THE KINGDOM OF ARRAYS,Pattern 1.1 — Basic Array Traversal,1367A,Short Substrings,"implementation, strings",15,10,https://codeforces.com/problemset/problem/1367/A
Unsolved,KINGDOM 1 — THE KINGDOM OF ARRAYS,Pattern 1.1 — Basic Array Traversal,1374A,Required Remainder,math,15,10,https://codeforces.com/problemset/problem/1374/A
Unsolved,KINGDOM 1 — THE KINGDOM OF ARRAYS,Pattern 1.1 — Basic Array Traversal,1385A,Three Pairwise Maximums,math,15,10,https://codeforces.com/problemset/problem/1385/A
Unsolved,KINGDOM 1 — THE KINGDOM OF ARRAYS,Pattern 1.1 — Basic Array Traversal,1399A,Remove Smallest,"greedy, sortings",15,10,https://codeforces.com/problemset/problem/1399/A
Unsolved,KINGDOM 1 — THE KINGDOM OF ARRAYS,Pattern 1.1 — Basic Array Traversal,1409A,Yet Another Two Integers Problem,"greedy, math",15,10,https://codeforces.com/problemset/problem/1409/A
Unsolved,KINGDOM 1 — THE KINGDOM OF ARRAYS,Pattern 1.1 — Basic Array Traversal,1426A,Floor Number,"implementation, math",15,10,https://codeforces.com/problemset/problem/1426/A
Unsolved,KINGDOM 1 — THE KINGDOM OF ARRAYS,Pattern 1.2 — Frequency Counting,228A,Is your horseshoe on the other hoof?,implementation,15,10,https://codeforces.com/problemset/problem/228/A
Unsolved,KINGDOM 1 — THE KINGDOM OF ARRAYS,Pattern 1.2 — Frequency Counting,368B,Sereja and Suffixes,"data structures, dp",25,20,https://codeforces.com/problemset/problem/368/B
Unsolved,KINGDOM 1 — THE KINGDOM OF ARRAYS,Pattern 1.2 — Frequency Counting,459B,Pashmak and Flowers,"combinatorics, implementation, sortings",25,20,https://codeforces.com/problemset/problem/459/B
Unsolved,KINGDOM 1 — THE KINGDOM OF ARRAYS,Pattern 1.2 — Frequency Counting,478B,Random Teams,"combinatorics, constructive algorithms, greedy, math",25,20,https://codeforces.com/problemset/problem/478/B
Unsolved,KINGDOM 1 — THE KINGDOM OF ARRAYS,Pattern 1.2 — Frequency Counting,550A,Two Substrings,"brute force, dp, greedy, implementation, strings",40,35,https://codeforces.com/problemset/problem/550/A
Unsolved,KINGDOM 1 — THE KINGDOM OF ARRAYS,Pattern 1.2 — Frequency Counting,978A,Remove Duplicates,implementation,15,10,https://codeforces.com/problemset/problem/978/A
Unsolved,KINGDOM 1 — THE KINGDOM OF ARRAYS,Pattern 1.2 — Frequency Counting,1005B,Delete from the Left,"brute force, implementation, strings",15,10,https://codeforces.com/problemset/problem/1005/B
Unsolved,KINGDOM 1 — THE KINGDOM OF ARRAYS,Pattern 1.2 — Frequency Counting,1077C,Good Array,UNKNOWN,25,20,https://codeforces.com/problemset/problem/1077/C
Unsolved,KINGDOM 1 — THE KINGDOM OF ARRAYS,Pattern 1.2 — Frequency Counting,1141A,Game 23,"implementation, math",15,10,https://codeforces.com/problemset/problem/1141/A
Unsolved,KINGDOM 1 — THE KINGDOM OF ARRAYS,Pattern 1.2 — Frequency Counting,1187A,Stickers and Toys,math,15,10,https://codeforces.com/problemset/problem/1187/A
Unsolved,KINGDOM 1 — THE KINGDOM OF ARRAYS,Pattern 1.2 — Frequency Counting,1228A,Distinct Digits,"brute force, implementation",15,10,https://codeforces.com/problemset/problem/1228/A
Unsolved,KINGDOM 1 — THE KINGDOM OF ARRAYS,Pattern 1.2 — Frequency Counting,1270A,Card Game,"games, greedy, math",15,10,https://codeforces.com/problemset/problem/1270/A
Unsolved,KINGDOM 1 — THE KINGDOM OF ARRAYS,Pattern 1.2 — Frequency Counting,1325A,EhAb AnD gCd,"constructive algorithms, greedy, number theory",15,10,https://codeforces.com/problemset/problem/1325/A
Unsolved,KINGDOM 1 — THE KINGDOM OF ARRAYS,Pattern 1.2 — Frequency Counting,1360B,Honest Coach,"greedy, sortings",15,10,https://codeforces.com/problemset/problem/1360/B
Unsolved,KINGDOM 1 — THE KINGDOM OF ARRAYS,Pattern 1.2 — Frequency Counting,1382A,Common Subsequence,brute force,15,10,https://codeforces.com/problemset/problem/1382/A
Unsolved,KINGDOM 1 — THE KINGDOM OF ARRAYS,Pattern 1.2 — Frequency Counting,1398A,Bad Triangle,"geometry, math",15,10,https://codeforces.com/problemset/problem/1398/A
Unsolved,KINGDOM 1 — THE KINGDOM OF ARRAYS,Pattern 1.2 — Frequency Counting,1419A,Digit Game,"games, greedy, implementation",15,10,https://codeforces.com/problemset/problem/1419/A
Unsolved,KINGDOM 1 — THE KINGDOM OF ARRAYS,Pattern 1.2 — Frequency Counting,1472B,Fair Division,"dp, greedy, math",15,10,https://codeforces.com/problemset/problem/1472/B
Unsolved,KINGDOM 1 — THE KINGDOM OF ARRAYS,Pattern 1.2 — Frequency Counting,1490A,Dense Array,"greedy, math",15,10,https://codeforces.com/problemset/problem/1490/A
Unsolved,KINGDOM 1 — THE KINGDOM OF ARRAYS,Pattern 1.2 — Frequency Counting,1512A,Spy Detected!,"brute force, implementation",15,10,https://codeforces.com/problemset/problem/1512/A
Unsolved,KINGDOM 1 — THE KINGDOM OF ARRAYS,Pattern 1.2 — Frequency Counting,1520A,Do Not Be Distracted!,"brute force, implementation",15,10,https://codeforces.com/problemset/problem/1520/A
Unsolved,KINGDOM 1 — THE KINGDOM OF ARRAYS,Pattern 1.2 — Frequency Counting,1542A,Odd Set,math,15,10,https://codeforces.com/problemset/problem/1542/A
Unsolved,KINGDOM 1 — THE KINGDOM OF ARRAYS,Pattern 1.2 — Frequency Counting,1560A,Dislike of Threes,implementation,15,10,https://codeforces.com/problemset/problem/1560/A
Unsolved,KINGDOM 1 — THE KINGDOM OF ARRAYS,Pattern 1.2 — Frequency Counting,1607A,Linear Keyboard,"implementation, strings",15,10,https://codeforces.com/problemset/problem/1607/A
Unsolved,KINGDOM 1 — THE KINGDOM OF ARRAYS,Pattern 1.2 — Frequency Counting,1619A,Square String?,"implementation, strings",15,10,https://codeforces.com/problemset/problem/1619/A
Unsolved,KINGDOM 1 — THE KINGDOM OF ARRAYS,Pattern 1.2 — Frequency Counting,1676A,Lucky?,implementation,15,10,https://codeforces.com/problemset/problem/1676/A
Unsolved,KINGDOM 1 — THE KINGDOM OF ARRAYS,Pattern 1.3 — Simulation on Arrays,300A,Array,"brute force, constructive algorithms, implementation",25,20,https://codeforces.com/problemset/problem/300/A
Unsolved,KINGDOM 1 — THE KINGDOM OF ARRAYS,Pattern 1.3 — Simulation on Arrays,381A,Sereja and Dima,"greedy, implementation, two pointers",15,10,https://codeforces.com/problemset/problem/381/A
Unsolved,KINGDOM 1 — THE KINGDOM OF ARRAYS,Pattern 1.3 — Simulation on Arrays,478A,Initial Bet,implementation,25,20,https://codeforces.com/problemset/problem/478/A
Unsolved,KINGDOM 1 — THE KINGDOM OF ARRAYS,Pattern 1.3 — Simulation on Arrays,500A,New Year Transportation,"dfs and similar, graphs, implementation",15,10,https://codeforces.com/problemset/problem/500/A
Unsolved,KINGDOM 1 — THE KINGDOM OF ARRAYS,Pattern 1.3 — Simulation on Arrays,518B,Tanya and Postcard,"greedy, implementation, strings",40,35,https://codeforces.com/problemset/problem/518/B
Unsolved,KINGDOM 1 — THE KINGDOM OF ARRAYS,Pattern 1.3 — Simulation on Arrays,545A,Toy Cars,implementation,15,10,https://codeforces.com/problemset/problem/545/A
Unsolved,KINGDOM 1 — THE KINGDOM OF ARRAYS,Pattern 1.3 — Simulation on Arrays,734B,Anton and Digits,"brute force, greedy, implementation, math",15,10,https://codeforces.com/problemset/problem/734/B
Unsolved,KINGDOM 1 — THE KINGDOM OF ARRAYS,Pattern 1.3 — Simulation on Arrays,863B,Kayaking,"brute force, greedy, sortings",40,35,https://codeforces.com/problemset/problem/863/B
Unsolved,KINGDOM 1 — THE KINGDOM OF ARRAYS,Pattern 1.3 — Simulation on Arrays,1005A,Tanya and Stairways,implementation,15,10,https://codeforces.com/problemset/problem/1005/A
Unsolved,KINGDOM 1 — THE KINGDOM OF ARRAYS,Pattern 1.3 — Simulation on Arrays,1015A,Points in Segments,implementation,15,10,https://codeforces.com/problemset/problem/1015/A
Unsolved,KINGDOM 1 — THE KINGDOM OF ARRAYS,Pattern 1.3 — Simulation on Arrays,1066A,Vova and Train,math,25,20,https://codeforces.com/problemset/problem/1066/A
Unsolved,KINGDOM 1 — THE KINGDOM OF ARRAYS,Pattern 1.3 — Simulation on Arrays,1088B,Ehab and subtraction,"implementation, sortings",15,10,https://codeforces.com/problemset/problem/1088/B
Unsolved,KINGDOM 1 — THE KINGDOM OF ARRAYS,Pattern 1.3 — Simulation on Arrays,1099C,Postcard,"constructive algorithms, implementation",25,20,https://codeforces.com/problemset/problem/1099/C
Unsolved,KINGDOM 1 — THE KINGDOM OF ARRAYS,Pattern 1.3 — Simulation on Arrays,1108C,Nice Garland,"brute force, greedy, math",25,20,https://codeforces.com/problemset/problem/1108/C
Unsolved,KINGDOM 1 — THE KINGDOM OF ARRAYS,Pattern 1.3 — Simulation on Arrays,1141C,Polycarp Restores Permutation,math,40,35,https://codeforces.com/problemset/problem/1141/C
Unsolved,KINGDOM 1 — THE KINGDOM OF ARRAYS,Pattern 1.3 — Simulation on Arrays,1154B,Make Them Equal,math,25,20,https://codeforces.com/problemset/problem/1154/B
Unsolved,KINGDOM 1 — THE KINGDOM OF ARRAYS,Pattern 1.3 — Simulation on Arrays,1208A,XORinacci,math,15,10,https://codeforces.com/problemset/problem/1208/A
Unsolved,KINGDOM 1 — THE KINGDOM OF ARRAYS,Pattern 1.3 — Simulation on Arrays,1272A,Three Friends,"brute force, greedy, math, sortings",15,10,https://codeforces.com/problemset/problem/1272/A
Unsolved,KINGDOM 1 — THE KINGDOM OF ARRAYS,Pattern 1.3 — Simulation on Arrays,1296A,Array with Odd Sum,math,15,10,https://codeforces.com/problemset/problem/1296/A
Unsolved,KINGDOM 1 — THE KINGDOM OF ARRAYS,Pattern 1.3 — Simulation on Arrays,1334B,Middle Class,"greedy, sortings",25,20,https://codeforces.com/problemset/problem/1334/B
Unsolved,KINGDOM 1 — THE KINGDOM OF ARRAYS,Pattern 1.3 — Simulation on Arrays,1355B,Young Explorers,"dp, greedy, sortings",25,20,https://codeforces.com/problemset/problem/1355/B
Unsolved,KINGDOM 1 — THE KINGDOM OF ARRAYS,Pattern 1.3 — Simulation on Arrays,1368A,C+=,"brute force, greedy, implementation, math",15,10,https://codeforces.com/problemset/problem/1368/A
Unsolved,KINGDOM 1 — THE KINGDOM OF ARRAYS,Pattern 1.3 — Simulation on Arrays,1407A,Ahahahahahahahaha,"constructive algorithms, math",25,20,https://codeforces.com/problemset/problem/1407/A
Unsolved,KINGDOM 1 — THE KINGDOM OF ARRAYS,Pattern 1.3 — Simulation on Arrays,1454B,Unique Bid Auction,implementation,15,10,https://codeforces.com/problemset/problem/1454/B
Unsolved,KINGDOM 1 — THE KINGDOM OF ARRAYS,Pattern 1.3 — Simulation on Arrays,1466A,Bovine Dilemma,"brute force, geometry, math",15,10,https://codeforces.com/problemset/problem/1466/A
Unsolved,KINGDOM 1 — THE KINGDOM OF ARRAYS,Pattern 1.3 — Simulation on Arrays,1497A,Meximization,"brute force, data structures, greedy, sortings",15,10,https://codeforces.com/problemset/problem/1497/A
Unsolved,KINGDOM 1 — THE KINGDOM OF ARRAYS,Pattern 1.3 — Simulation on Arrays,1515A,Phoenix and Gold,"constructive algorithms, greedy, math",15,10,https://codeforces.com/problemset/problem/1515/A
Unsolved,KINGDOM 1 — THE KINGDOM OF ARRAYS,Pattern 1.3 — Simulation on Arrays,1535A,Fair Playoff,"brute force, implementation",15,10,https://codeforces.com/problemset/problem/1535/A
Unsolved,KINGDOM 1 — THE KINGDOM OF ARRAYS,Pattern 1.3 — Simulation on Arrays,1551A,Polycarp and Coins,"greedy, math",15,10,https://codeforces.com/problemset/problem/1551/A
Unsolved,KINGDOM 1 — THE KINGDOM OF ARRAYS,Pattern 1.3 — Simulation on Arrays,1561A,Simply Strange Sort,"brute force, implementation, sortings",15,10,https://codeforces.com/problemset/problem/1561/A
Unsolved,KINGDOM 1 — THE KINGDOM OF ARRAYS,Pattern 1.3 — Simulation on Arrays,1607C,Minimum Extraction,"brute force, sortings",15,10,https://codeforces.com/problemset/problem/1607/C
Unsolved,KINGDOM 1 — THE KINGDOM OF ARRAYS,Pattern 1.4 — Sorting Based Arrays,34B,Sale,"greedy, sortings",15,10,https://codeforces.com/problemset/problem/34/B
Unsolved,KINGDOM 1 — THE KINGDOM OF ARRAYS,Pattern 1.4 — Sorting Based Arrays,160A,Twins,"greedy, sortings",15,10,https://codeforces.com/problemset/problem/160/A
Unsolved,KINGDOM 1 — THE KINGDOM OF ARRAYS,Pattern 1.4 — Sorting Based Arrays,230A,Dragons,"greedy, sortings",15,10,https://codeforces.com/problemset/problem/230/A
Unsolved,KINGDOM 1 — THE KINGDOM OF ARRAYS,Pattern 1.4 — Sorting Based Arrays,489B,BerSU Ball,"dfs and similar, dp, graph matchings, greedy, sortings, two pointers",25,20,https://codeforces.com/problemset/problem/489/B
Unsolved,KINGDOM 1 — THE KINGDOM OF ARRAYS,Pattern 1.4 — Sorting Based Arrays,580A,Kefa and First Steps,"brute force, dp, implementation",15,10,https://codeforces.com/problemset/problem/580/A
Unsolved,KINGDOM 1 — THE KINGDOM OF ARRAYS,Pattern 1.4 — Sorting Based Arrays,659C,Tanya and Toys,"greedy, implementation",25,20,https://codeforces.com/problemset/problem/659/C
Unsolved,KINGDOM 1 — THE KINGDOM OF ARRAYS,Pattern 1.4 — Sorting Based Arrays,706B,Interesting drink,"binary search, dp, implementation",25,20,https://codeforces.com/problemset/problem/706/B
Unsolved,KINGDOM 1 — THE KINGDOM OF ARRAYS,Pattern 1.4 — Sorting Based Arrays,808D,Array Division,"binary search, data structures, implementation",60,55,https://codeforces.com/problemset/problem/808/D
Unsolved,KINGDOM 1 — THE KINGDOM OF ARRAYS,Pattern 1.4 — Sorting Based Arrays,812C,Sagheer and Nubian Market,"binary search, sortings",40,35,https://codeforces.com/problemset/problem/812/C
Unsolved,KINGDOM 1 — THE KINGDOM OF ARRAYS,Pattern 1.4 — Sorting Based Arrays,977C,Less or Equal,sortings,25,20,https://codeforces.com/problemset/problem/977/C
Unsolved,KINGDOM 1 — THE KINGDOM OF ARRAYS,Pattern 1.4 — Sorting Based Arrays,978C,Letters,"binary search, implementation, two pointers",15,10,https://codeforces.com/problemset/problem/978/C
Unsolved,KINGDOM 1 — THE KINGDOM OF ARRAYS,Pattern 1.4 — Sorting Based Arrays,1006C,Three Parts of the Array,"binary search, data structures, two pointers",25,20,https://codeforces.com/problemset/problem/1006/C
Unsolved,KINGDOM 1 — THE KINGDOM OF ARRAYS,Pattern 1.4 — Sorting Based Arrays,1029B,Creating the Contest,"dp, greedy, math",25,20,https://codeforces.com/problemset/problem/1029/B
Unsolved,KINGDOM 1 — THE KINGDOM OF ARRAYS,Pattern 1.4 — Sorting Based Arrays,1201C,Maximum Median,"binary search, greedy, math, sortings",40,35,https://codeforces.com/problemset/problem/1201/C
Unsolved,KINGDOM 1 — THE KINGDOM OF ARRAYS,Pattern 1.4 — Sorting Based Arrays,1294C,Product of Three Numbers,"greedy, math, number theory",25,20,https://codeforces.com/problemset/problem/1294/C
Unsolved,KINGDOM 1 — THE KINGDOM OF ARRAYS,Pattern 1.4 — Sorting Based Arrays,1333C,Eugene and an array,"binary search, data structures, implementation, two pointers",60,55,https://codeforces.com/problemset/problem/1333/C
Unsolved,KINGDOM 1 — THE KINGDOM OF ARRAYS,Pattern 1.4 — Sorting Based Arrays,1358B,Maria Breaks the Self-isolation,"greedy, sortings",15,10,https://codeforces.com/problemset/problem/1358/B
Unsolved,KINGDOM 1 — THE KINGDOM OF ARRAYS,Pattern 1.4 — Sorting Based Arrays,1400D,Zigzags,"brute force, combinatorics, data structures, math, two pointers",60,55,https://codeforces.com/problemset/problem/1400/D
Unsolved,KINGDOM 1 — THE KINGDOM OF ARRAYS,Pattern 1.4 — Sorting Based Arrays,1498B,Box Fitting,"binary search, bitmasks, data structures, greedy",25,20,https://codeforces.com/problemset/problem/1498/B
Unsolved,KINGDOM 1 — THE KINGDOM OF ARRAYS,Pattern 1.4 — Sorting Based Arrays,1519C,Berland Regional,"brute force, data structures, greedy, number theory, sortings",40,35,https://codeforces.com/problemset/problem/1519/C
Unsolved,KINGDOM 1 — THE KINGDOM OF ARRAYS,Pattern 1.4 — Sorting Based Arrays,1538C,Number of Pairs,"binary search, data structures, math, two pointers",25,20,https://codeforces.com/problemset/problem/1538/C
Unsolved,KINGDOM 1 — THE KINGDOM OF ARRAYS,Pattern 1.4 — Sorting Based Arrays,1552C,Maximize the Intersections,"combinatorics, constructive algorithms, geometry, greedy, sortings",60,55,https://codeforces.com/problemset/problem/1552/C
Unsolved,KINGDOM 1 — THE KINGDOM OF ARRAYS,Pattern 1.4 — Sorting Based Arrays,1611C,Polycarp Recovers the Permutation,constructive algorithms,15,10,https://codeforces.com/problemset/problem/1611/C
Unsolved,KINGDOM 1 — THE KINGDOM OF ARRAYS,Pattern 1.4 — Sorting Based Arrays,1670B,Dorms War,"brute force, implementation, strings",25,20,https://codeforces.com/problemset/problem/1670/B
Unsolved,KINGDOM 1 — THE KINGDOM OF ARRAYS,Pattern 1.5 — Coordinate Compression,987C,Three displays,"brute force, dp, implementation",40,35,https://codeforces.com/problemset/problem/987/C
Unsolved,KINGDOM 1 — THE KINGDOM OF ARRAYS,Pattern 1.5 — Coordinate Compression,1000C,Covered Points Count,"data structures, implementation, sortings",60,55,https://codeforces.com/problemset/problem/1000/C
Unsolved,KINGDOM 1 — THE KINGDOM OF ARRAYS,Pattern 1.5 — Coordinate Compression,1042D,Petya and Array,"data structures, divide and conquer, two pointers",60,55,https://codeforces.com/problemset/problem/1042/D
Unsolved,KINGDOM 1 — THE KINGDOM OF ARRAYS,Pattern 1.5 — Coordinate Compression,1131C,Birthday,"binary search, greedy, sortings",25,20,https://codeforces.com/problemset/problem/1131/C
Unsolved,KINGDOM 1 — THE KINGDOM OF ARRAYS,Pattern 1.5 — Coordinate Compression,1181C,Flag,"brute force, combinatorics, dp, implementation",60,55,https://codeforces.com/problemset/problem/1181/C
Unsolved,KINGDOM 1 — THE KINGDOM OF ARRAYS,Pattern 1.5 — Coordinate Compression,1208B,Uniqueness,"binary search, brute force, implementation, two pointers",40,35,https://codeforces.com/problemset/problem/1208/B
Unsolved,KINGDOM 1 — THE KINGDOM OF ARRAYS,Pattern 1.5 — Coordinate Compression,1230C,UNKNOWN,UNKNOWN,UNKNOWN,UNKNOWN,https://codeforces.com/problemset/problem/1230/C
Unsolved,KINGDOM 1 — THE KINGDOM OF ARRAYS,Pattern 1.5 — Coordinate Compression,1324D,Pair of Topics,"binary search, data structures, sortings, two pointers",40,35,https://codeforces.com/problemset/problem/1324/D
Unsolved,KINGDOM 1 — THE KINGDOM OF ARRAYS,Pattern 1.5 — Coordinate Compression,1355C,Count Triangles,"binary search, implementation, math, two pointers",60,55,https://codeforces.com/problemset/problem/1355/C
Unsolved,KINGDOM 1 — THE KINGDOM OF ARRAYS,Pattern 1.5 — Coordinate Compression,1400C,Binary String Reconstruction,"2-sat, brute force, constructive algorithms, greedy",40,35,https://codeforces.com/problemset/problem/1400/C
Unsolved,KINGDOM 1 — THE KINGDOM OF ARRAYS,Pattern 1.5 — Coordinate Compression,1473D,Program,"data structures, dp, implementation, strings",60,55,https://codeforces.com/problemset/problem/1473/D
Unsolved,KINGDOM 1 — THE KINGDOM OF ARRAYS,Pattern 1.5 — Coordinate Compression,1490D,Permutation Transformation,"dfs and similar, divide and conquer, implementation",25,20,https://codeforces.com/problemset/problem/1490/D
Unsolved,KINGDOM 1 — THE KINGDOM OF ARRAYS,Pattern 1.5 — Coordinate Compression,1512D,Corrupted Array,"constructive algorithms, data structures, greedy",25,20,https://codeforces.com/problemset/problem/1512/D
Unsolved,KINGDOM 1 — THE KINGDOM OF ARRAYS,Pattern 1.5 — Coordinate Compression,1547C,Pair Programming,"greedy, two pointers",25,20,https://codeforces.com/problemset/problem/1547/C
Unsolved,KINGDOM 1 — THE KINGDOM OF ARRAYS,Pattern 1.5 — Coordinate Compression,1567C,Carrying Conundrum,"bitmasks, combinatorics, dp, math",40,35,https://codeforces.com/problemset/problem/1567/C
Unsolved,KINGDOM 1 — THE KINGDOM OF ARRAYS,Pattern 1.6 — Constructive Arrays,1251C,Minimize The Integer,"greedy, two pointers",40,35,https://codeforces.com/problemset/problem/1251/C
Unsolved,KINGDOM 1 — THE KINGDOM OF ARRAYS,Pattern 1.6 — Constructive Arrays,1288D,Minimax Problem,"binary search, bitmasks, dp",90,80,https://codeforces.com/problemset/problem/1288/D
Unsolved,KINGDOM 1 — THE KINGDOM OF ARRAYS,Pattern 1.6 — Constructive Arrays,1370D,Odd-Even Subsequence,"binary search, dp, dsu, greedy, implementation",90,80,https://codeforces.com/problemset/problem/1370/D
Unsolved,KINGDOM 1 — THE KINGDOM OF ARRAYS,Pattern 1.6 — Constructive Arrays,1407D,Discrete Centrifugal Jumps,"data structures, dp, graphs",90,80,https://codeforces.com/problemset/problem/1407/D
Unsolved,KINGDOM 1 — THE KINGDOM OF ARRAYS,Pattern 1.6 — Constructive Arrays,1486D,Max Median,"binary search, data structures, dp",90,80,https://codeforces.com/problemset/problem/1486/D
Unsolved,KINGDOM 1 — THE KINGDOM OF ARRAYS,Pattern 1.6 — Constructive Arrays,1512E,Permutation by Sum,"brute force, greedy, math",40,35,https://codeforces.com/problemset/problem/1512/E
Unsolved,KINGDOM 1 — THE KINGDOM OF ARRAYS,Pattern 1.6 — Constructive Arrays,1538G,Gift Set,"binary search, greedy, math, ternary search",90,80,https://codeforces.com/problemset/problem/1538/G
Unsolved,KINGDOM 1 — THE KINGDOM OF ARRAYS,Pattern 1.6 — Constructive Arrays,1552D,Array Differentiation,"bitmasks, brute force, constructive algorithms, dfs and similar, dp, graphs, math",60,55,https://codeforces.com/problemset/problem/1552/D
Unsolved,KINGDOM 1 — THE KINGDOM OF ARRAYS,Pattern 1.6 — Constructive Arrays,1606C,Banknotes,"greedy, number theory",40,35,https://codeforces.com/problemset/problem/1606/C
Unsolved,KINGDOM 1 — THE KINGDOM OF ARRAYS,Pattern 1.6 — Constructive Arrays,1623C,Balanced Stone Heaps,"binary search, greedy",40,35,https://codeforces.com/problemset/problem/1623/C
Unsolved,KINGDOM 1 — THE KINGDOM OF ARRAYS,Pattern 1.6 — Constructive Arrays,1701C,Schedule Management,"binary search, greedy, implementation, two pointers",40,35,https://codeforces.com/problemset/problem/1701/C
Unsolved,KINGDOM 2 — THE KINGDOM OF PREFIX SUM & DIFFERENCE ARRAY,Pattern 2.1 — 1D Prefix Sum,313B,Ilya and Queries,"dp, implementation",25,20,https://codeforces.com/problemset/problem/313/B
Unsolved,KINGDOM 2 — THE KINGDOM OF PREFIX SUM & DIFFERENCE ARRAY,Pattern 2.1 — 1D Prefix Sum,363B,Fence,"brute force, dp",25,20,https://codeforces.com/problemset/problem/363/B
Unsolved,KINGDOM 2 — THE KINGDOM OF PREFIX SUM & DIFFERENCE ARRAY,Pattern 2.1 — 1D Prefix Sum,433B,Kuriyama Mirai's Stones,"dp, implementation, sortings",25,20,https://codeforces.com/problemset/problem/433/B
Unsolved,KINGDOM 2 — THE KINGDOM OF PREFIX SUM & DIFFERENCE ARRAY,Pattern 2.1 — 1D Prefix Sum,466C,Number of Ways,"binary search, brute force, data structures, dp, two pointers",60,55,https://codeforces.com/problemset/problem/466/C
Unsolved,KINGDOM 2 — THE KINGDOM OF PREFIX SUM & DIFFERENCE ARRAY,Pattern 2.1 — 1D Prefix Sum,816B,Karen and Coffee,"binary search, data structures, implementation",40,35,https://codeforces.com/problemset/problem/816/B
Unsolved,KINGDOM 2 — THE KINGDOM OF PREFIX SUM & DIFFERENCE ARRAY,Pattern 2.1 — 1D Prefix Sum,1191C,UNKNOWN,UNKNOWN,UNKNOWN,UNKNOWN,https://codeforces.com/problemset/problem/1191/C
Unsolved,KINGDOM 2 — THE KINGDOM OF PREFIX SUM & DIFFERENCE ARRAY,Pattern 2.1 — 1D Prefix Sum,1272C,Yet Another Broken Keyboard,"combinatorics, dp, implementation",25,20,https://codeforces.com/problemset/problem/1272/C
Unsolved,KINGDOM 2 — THE KINGDOM OF PREFIX SUM & DIFFERENCE ARRAY,Pattern 2.1 — 1D Prefix Sum,1363A,Odd Selection,"brute force, implementation, math",25,20,https://codeforces.com/problemset/problem/1363/A
Unsolved,KINGDOM 2 — THE KINGDOM OF PREFIX SUM & DIFFERENCE ARRAY,Pattern 2.1 — 1D Prefix Sum,1392D,Omkar and Bed Wars,"dp, greedy",60,55,https://codeforces.com/problemset/problem/1392/D
Unsolved,KINGDOM 2 — THE KINGDOM OF PREFIX SUM & DIFFERENCE ARRAY,Pattern 2.1 — 1D Prefix Sum,1430D,String Deletion,"binary search, data structures, greedy, two pointers",60,55,https://codeforces.com/problemset/problem/1430/D
Unsolved,KINGDOM 2 — THE KINGDOM OF PREFIX SUM & DIFFERENCE ARRAY,Pattern 2.2 — Prefix Frequency,1114C,Trailing Loves (or L'oeufs?),"brute force, implementation, math, number theory",60,55,https://codeforces.com/problemset/problem/1114/C
Unsolved,KINGDOM 2 — THE KINGDOM OF PREFIX SUM & DIFFERENCE ARRAY,Pattern 2.2 — Prefix Frequency,1141D,Colored Boots,"greedy, implementation",40,35,https://codeforces.com/problemset/problem/1141/D
Unsolved,KINGDOM 2 — THE KINGDOM OF PREFIX SUM & DIFFERENCE ARRAY,Pattern 2.2 — Prefix Frequency,1238E,Keyboard Purchase,"bitmasks, dp",90,80,https://codeforces.com/problemset/problem/1238/E
Unsolved,KINGDOM 2 — THE KINGDOM OF PREFIX SUM & DIFFERENCE ARRAY,Pattern 2.2 — Prefix Frequency,1285B,Just Eat It!,"dp, greedy, implementation",25,20,https://codeforces.com/problemset/problem/1285/B
Unsolved,KINGDOM 2 — THE KINGDOM OF PREFIX SUM & DIFFERENCE ARRAY,Pattern 2.2 — Prefix Frequency,1303C,Perfect Keyboard,"dfs and similar, greedy, implementation",40,35,https://codeforces.com/problemset/problem/1303/C
Unsolved,KINGDOM 2 — THE KINGDOM OF PREFIX SUM & DIFFERENCE ARRAY,Pattern 2.2 — Prefix Frequency,1437C,Chef Monocarp,"dp, flows, graph matchings, greedy, math, sortings",60,55,https://codeforces.com/problemset/problem/1437/C
Unsolved,KINGDOM 2 — THE KINGDOM OF PREFIX SUM & DIFFERENCE ARRAY,Pattern 2.2 — Prefix Frequency,1498C,Planar Reflections,"brute force, data structures, dp",40,35,https://codeforces.com/problemset/problem/1498/C
Unsolved,KINGDOM 2 — THE KINGDOM OF PREFIX SUM & DIFFERENCE ARRAY,Pattern 2.2 — Prefix Frequency,1513C,Add One,"dp, matrices",40,35,https://codeforces.com/problemset/problem/1513/C
Unsolved,KINGDOM 2 — THE KINGDOM OF PREFIX SUM & DIFFERENCE ARRAY,Pattern 2.3 — Difference Array,295A,Greg and Array,"data structures, implementation",40,35,https://codeforces.com/problemset/problem/295/A
Unsolved,KINGDOM 2 — THE KINGDOM OF PREFIX SUM & DIFFERENCE ARRAY,Pattern 2.3 — Difference Array,276C,Little Girl and Maximum Sum,"data structures, greedy, implementation, sortings",40,35,https://codeforces.com/problemset/problem/276/C
Unsolved,KINGDOM 2 — THE KINGDOM OF PREFIX SUM & DIFFERENCE ARRAY,Pattern 2.3 — Difference Array,817F,MEX Queries,"binary search, data structures, trees",120,110,https://codeforces.com/problemset/problem/817/F
Unsolved,KINGDOM 2 — THE KINGDOM OF PREFIX SUM & DIFFERENCE ARRAY,Pattern 2.3 — Difference Array,1114D,Flood Fill,dp,60,55,https://codeforces.com/problemset/problem/1114/D
Unsolved,KINGDOM 2 — THE KINGDOM OF PREFIX SUM & DIFFERENCE ARRAY,Pattern 2.3 — Difference Array,1136C,Nastya Is Transposing Matrices,"constructive algorithms, sortings",40,35,https://codeforces.com/problemset/problem/1136/C
Unsolved,KINGDOM 2 — THE KINGDOM OF PREFIX SUM & DIFFERENCE ARRAY,Pattern 2.3 — Difference Array,1187C,Vasya And Array,"constructive algorithms, greedy, implementation",60,55,https://codeforces.com/problemset/problem/1187/C
Unsolved,KINGDOM 2 — THE KINGDOM OF PREFIX SUM & DIFFERENCE ARRAY,Pattern 2.3 — Difference Array,1209E1,Rotate Columns (easy version),"bitmasks, brute force, dp, greedy, sortings",90,80,https://codeforces.com/problemset/problem/1209/E1
Unsolved,KINGDOM 2 — THE KINGDOM OF PREFIX SUM & DIFFERENCE ARRAY,Pattern 2.3 — Difference Array,1209E2,Rotate Columns (hard version),"bitmasks, dp, greedy, sortings",120,110,https://codeforces.com/problemset/problem/1209/E2
Unsolved,KINGDOM 2 — THE KINGDOM OF PREFIX SUM & DIFFERENCE ARRAY,Pattern 2.3 — Difference Array,1358D,The Best Vacation,"binary search, brute force, greedy, implementation, two pointers",60,55,https://codeforces.com/problemset/problem/1358/D
Unsolved,KINGDOM 2 — THE KINGDOM OF PREFIX SUM & DIFFERENCE ARRAY,Pattern 2.3 — Difference Array,1490F,Equalize the Array,"binary search, data structures, greedy, math, sortings",40,35,https://codeforces.com/problemset/problem/1490/F
Unsolved,KINGDOM 2 — THE KINGDOM OF PREFIX SUM & DIFFERENCE ARRAY,Pattern 2.3 — Difference Array,1530E,Minimax,"constructive algorithms, greedy, strings",90,80,https://codeforces.com/problemset/problem/1530/E
Unsolved,KINGDOM 2 — THE KINGDOM OF PREFIX SUM & DIFFERENCE ARRAY,Pattern 2.4 — Prefix XOR,617E,XOR and Favorite Number,data structures,90,80,https://codeforces.com/problemset/problem/617/E
Unsolved,KINGDOM 2 — THE KINGDOM OF PREFIX SUM & DIFFERENCE ARRAY,Pattern 2.4 — Prefix XOR,703D,Mishka and Interesting sum,data structures,90,80,https://codeforces.com/problemset/problem/703/D
Unsolved,KINGDOM 2 — THE KINGDOM OF PREFIX SUM & DIFFERENCE ARRAY,Pattern 2.4 — Prefix XOR,862C,Mahmoud and Ehab and the xor,constructive algorithms,60,55,https://codeforces.com/problemset/problem/862/C
Unsolved,KINGDOM 2 — THE KINGDOM OF PREFIX SUM & DIFFERENCE ARRAY,Pattern 2.4 — Prefix XOR,983B,XOR-pyramid,dp,60,55,https://codeforces.com/problemset/problem/983/B
Unsolved,KINGDOM 2 — THE KINGDOM OF PREFIX SUM & DIFFERENCE ARRAY,Pattern 2.4 — Prefix XOR,1110E,Magic Stones,"constructive algorithms, math, sortings",90,80,https://codeforces.com/problemset/problem/1110/E
Unsolved,KINGDOM 2 — THE KINGDOM OF PREFIX SUM & DIFFERENCE ARRAY,Pattern 2.4 — Prefix XOR,1450D,Rating Compression,"binary search, data structures, greedy, implementation, two pointers",60,55,https://codeforces.com/problemset/problem/1450/D
Unsolved,KINGDOM 2 — THE KINGDOM OF PREFIX SUM & DIFFERENCE ARRAY,Pattern 2.4 — Prefix XOR,1552F,Telepanting,"binary search, data structures, dp, sortings",90,80,https://codeforces.com/problemset/problem/1552/F
Unsolved,KINGDOM 3 — THE KINGDOM OF TWO POINTERS & SLIDING WINDOW,Pattern 3.1 — Classic Two Pointers,279B,Books,"binary search, brute force, implementation, two pointers",40,35,https://codeforces.com/problemset/problem/279/B
Unsolved,KINGDOM 3 — THE KINGDOM OF TWO POINTERS & SLIDING WINDOW,Pattern 3.1 — Classic Two Pointers,580B,Kefa and Company,"binary search, sortings, two pointers",40,35,https://codeforces.com/problemset/problem/580/B
Unsolved,KINGDOM 3 — THE KINGDOM OF TWO POINTERS & SLIDING WINDOW,Pattern 3.1 — Classic Two Pointers,602B,Approximating a Constant Range,"dp, implementation, two pointers",40,35,https://codeforces.com/problemset/problem/602/B
Unsolved,KINGDOM 3 — THE KINGDOM OF TWO POINTERS & SLIDING WINDOW,Pattern 3.1 — Classic Two Pointers,616D,Longest k-Good Segment,"binary search, data structures, two pointers",40,35,https://codeforces.com/problemset/problem/616/D
Unsolved,KINGDOM 3 — THE KINGDOM OF TWO POINTERS & SLIDING WINDOW,Pattern 3.1 — Classic Two Pointers,702C,Cellular Network,"binary search, implementation, two pointers",40,35,https://codeforces.com/problemset/problem/702/C
Unsolved,KINGDOM 3 — THE KINGDOM OF TWO POINTERS & SLIDING WINDOW,Pattern 3.1 — Classic Two Pointers,1157C1,Increasing Subsequence (easy version),greedy,25,20,https://codeforces.com/problemset/problem/1157/C1
Unsolved,KINGDOM 3 — THE KINGDOM OF TWO POINTERS & SLIDING WINDOW,Pattern 3.1 — Classic Two Pointers,1157C2,Increasing Subsequence (hard version),greedy,60,55,https://codeforces.com/problemset/problem/1157/C2
Unsolved,KINGDOM 3 — THE KINGDOM OF TWO POINTERS & SLIDING WINDOW,Pattern 3.1 — Classic Two Pointers,1197C,Array Splitting,"greedy, sortings",40,35,https://codeforces.com/problemset/problem/1197/C
Unsolved,KINGDOM 3 — THE KINGDOM OF TWO POINTERS & SLIDING WINDOW,Pattern 3.1 — Classic Two Pointers,1257C,Dominated Subarray,"greedy, implementation, sortings, strings, two pointers",25,20,https://codeforces.com/problemset/problem/1257/C
Unsolved,KINGDOM 3 — THE KINGDOM OF TWO POINTERS & SLIDING WINDOW,Pattern 3.1 — Classic Two Pointers,1295B,Infinite Prefixes,"math, strings",60,55,https://codeforces.com/problemset/problem/1295/B
Unsolved,KINGDOM 3 — THE KINGDOM OF TWO POINTERS & SLIDING WINDOW,Pattern 3.1 — Classic Two Pointers,1373C,Pluses and Minuses,math,25,20,https://codeforces.com/problemset/problem/1373/C
Unsolved,KINGDOM 3 — THE KINGDOM OF TWO POINTERS & SLIDING WINDOW,Pattern 3.1 — Classic Two Pointers,1490G,Old Floppy Drive ,"binary search, data structures, math",60,55,https://codeforces.com/problemset/problem/1490/G
Unsolved,KINGDOM 3 — THE KINGDOM OF TWO POINTERS & SLIDING WINDOW,Pattern 3.2 — Opposite Direction Pointers,6C,"Alice, Bob and Chocolate","greedy, two pointers",25,20,https://codeforces.com/problemset/problem/6/C
Unsolved,KINGDOM 3 — THE KINGDOM OF TWO POINTERS & SLIDING WINDOW,Pattern 3.2 — Opposite Direction Pointers,701C,They Are Everywhere,"binary search, strings, two pointers",40,35,https://codeforces.com/problemset/problem/701/C
Unsolved,KINGDOM 3 — THE KINGDOM OF TWO POINTERS & SLIDING WINDOW,Pattern 3.2 — Opposite Direction Pointers,961B,Lecture Sleep,"data structures, dp, implementation, two pointers",25,20,https://codeforces.com/problemset/problem/961/B
Unsolved,KINGDOM 3 — THE KINGDOM OF TWO POINTERS & SLIDING WINDOW,Pattern 3.2 — Opposite Direction Pointers,1133C,Balanced Team,"sortings, two pointers",25,20,https://codeforces.com/problemset/problem/1133/C
Unsolved,KINGDOM 3 — THE KINGDOM OF TWO POINTERS & SLIDING WINDOW,Pattern 3.2 — Opposite Direction Pointers,1156C,Match Points,"binary search, greedy, sortings, ternary search, two pointers",90,80,https://codeforces.com/problemset/problem/1156/C
Unsolved,KINGDOM 3 — THE KINGDOM OF TWO POINTERS & SLIDING WINDOW,Pattern 3.2 — Opposite Direction Pointers,1234D,Distinct Characters Queries,data structures,40,35,https://codeforces.com/problemset/problem/1234/D
Unsolved,KINGDOM 3 — THE KINGDOM OF TWO POINTERS & SLIDING WINDOW,Pattern 3.2 — Opposite Direction Pointers,1605C,Dominant Character,"brute force, greedy, implementation, strings",40,35,https://codeforces.com/problemset/problem/1605/C
Unsolved,KINGDOM 3 — THE KINGDOM OF TWO POINTERS & SLIDING WINDOW,Pattern 3.3 — Sliding Window,676C,Vasya and String,"binary search, dp, strings, two pointers",40,35,https://codeforces.com/problemset/problem/676/C
Unsolved,KINGDOM 3 — THE KINGDOM OF TWO POINTERS & SLIDING WINDOW,Pattern 3.3 — Sliding Window,1041C,Coffee Break,"binary search, data structures, greedy, two pointers",40,35,https://codeforces.com/problemset/problem/1041/C
Unsolved,KINGDOM 3 — THE KINGDOM OF TWO POINTERS & SLIDING WINDOW,Pattern 3.3 — Sliding Window,1077D,Cutting Out,"binary search, sortings",40,35,https://codeforces.com/problemset/problem/1077/D
Unsolved,KINGDOM 3 — THE KINGDOM OF TWO POINTERS & SLIDING WINDOW,Pattern 3.3 — Sliding Window,1335C,Two Teams Composing,"binary search, greedy, implementation, sortings",25,20,https://codeforces.com/problemset/problem/1335/C
Unsolved,KINGDOM 3 — THE KINGDOM OF TWO POINTERS & SLIDING WINDOW,Pattern 3.3 — Sliding Window,1371C,A Cookie for You,"greedy, implementation, math",25,20,https://codeforces.com/problemset/problem/1371/C
Unsolved,KINGDOM 3 — THE KINGDOM OF TWO POINTERS & SLIDING WINDOW,Pattern 3.3 — Sliding Window,1516B,AGAGA XOOORRR,"bitmasks, brute force, dp, greedy",40,35,https://codeforces.com/problemset/problem/1516/B
Unsolved,KINGDOM 3 — THE KINGDOM OF TWO POINTERS & SLIDING WINDOW,Pattern 3.3 — Sliding Window,1539C,Stable Groups,"greedy, sortings",25,20,https://codeforces.com/problemset/problem/1539/C
Unsolved,KINGDOM 3 — THE KINGDOM OF TWO POINTERS & SLIDING WINDOW,Pattern 3.3 — Sliding Window,1561B,UNKNOWN,UNKNOWN,UNKNOWN,UNKNOWN,https://codeforces.com/problemset/problem/1561/B
Unsolved,KINGDOM 3 — THE KINGDOM OF TWO POINTERS & SLIDING WINDOW,Pattern 3.4 — Meet in the Middle Style,525E,Anya and Cubes,"binary search, bitmasks, brute force, dp, math, meet-in-the-middle",90,80,https://codeforces.com/problemset/problem/525/E
Unsolved,KINGDOM 3 — THE KINGDOM OF TWO POINTERS & SLIDING WINDOW,Pattern 3.4 — Meet in the Middle Style,888E,Maximum Subsequence,"bitmasks, divide and conquer, meet-in-the-middle",60,55,https://codeforces.com/problemset/problem/888/E
Unsolved,KINGDOM 3 — THE KINGDOM OF TWO POINTERS & SLIDING WINDOW,Pattern 3.4 — Meet in the Middle Style,1006F,Xor-Paths,"bitmasks, brute force, dp, meet-in-the-middle",90,80,https://codeforces.com/problemset/problem/1006/F
Unsolved,KINGDOM 3 — THE KINGDOM OF TWO POINTERS & SLIDING WINDOW,Pattern 3.4 — Meet in the Middle Style,1197D,Yet Another Subarray Problem,"dp, greedy, math",60,55,https://codeforces.com/problemset/problem/1197/D
Unsolved,KINGDOM 3 — THE KINGDOM OF TWO POINTERS & SLIDING WINDOW,Pattern 3.4 — Meet in the Middle Style,1239A,Ivan the Fool and the Probability Theory,"combinatorics, dp, math",60,55,https://codeforces.com/problemset/problem/1239/A
Unsolved,KINGDOM 3 — THE KINGDOM OF TWO POINTERS & SLIDING WINDOW,Pattern 3.4 — Meet in the Middle Style,1325E,Ehab's REAL Number Theory Problem,"brute force, dfs and similar, graphs, number theory, shortest paths",180,150,https://codeforces.com/problemset/problem/1325/E
Unsolved,KINGDOM 4 — THE KINGDOM OF BINARY SEARCH,Pattern 4.1 — Classic Binary Search,492B,Vanya and Lanterns,"binary search, implementation, math, sortings",25,20,https://codeforces.com/problemset/problem/492/B
Unsolved,KINGDOM 4 — THE KINGDOM OF BINARY SEARCH,Pattern 4.1 — Classic Binary Search,371C,Hamburgers,"binary search, brute force",40,35,https://codeforces.com/problemset/problem/371/C
Unsolved,KINGDOM 4 — THE KINGDOM OF BINARY SEARCH,Pattern 4.1 — Classic Binary Search,1251D,Salary Changing,"binary search, greedy, sortings",60,55,https://codeforces.com/problemset/problem/1251/D
Unsolved,KINGDOM 4 — THE KINGDOM OF BINARY SEARCH,Pattern 4.1 — Classic Binary Search,1468D,Firecrackers,"binary search, sortings",60,55,https://codeforces.com/problemset/problem/1468/D
Unsolved,KINGDOM 4 — THE KINGDOM OF BINARY SEARCH,Pattern 4.2 — Binary Search on Answer,670D2,Magic Powder - 2,"binary search, implementation",40,35,https://codeforces.com/problemset/problem/670/D2
Unsolved,KINGDOM 4 — THE KINGDOM OF BINARY SEARCH,Pattern 4.2 — Binary Search on Answer,1117C,Magic Ship,binary search,60,55,https://codeforces.com/problemset/problem/1117/C
Unsolved,KINGDOM 4 — THE KINGDOM OF BINARY SEARCH,Pattern 4.3 — Parametric Search,448D,Multiplication Table,"binary search, brute force",60,55,https://codeforces.com/problemset/problem/448/D
Unsolved,KINGDOM 4 — THE KINGDOM OF BINARY SEARCH,Pattern 4.3 — Parametric Search,1168A,Increasing by Modulo,"binary search, greedy",60,55,https://codeforces.com/problemset/problem/1168/A
Unsolved,KINGDOM 4 — THE KINGDOM OF BINARY SEARCH,Pattern 4.3 — Parametric Search,1520G,To Go Or Not To Go?,"brute force, dfs and similar, graphs, greedy, implementation, shortest paths",90,80,https://codeforces.com/problemset/problem/1520/G
Unsolved,KINGDOM 4 — THE KINGDOM OF BINARY SEARCH,Pattern 4.3 — Parametric Search,1705C,Mark and His Unfinished Essay,"brute force, implementation",40,35,https://codeforces.com/problemset/problem/1705/C
Unsolved,KINGDOM 4 — THE KINGDOM OF BINARY SEARCH,Pattern 4.4 — Continuous Binary Search,578C,Weakness and Poorness,ternary search,90,80,https://codeforces.com/problemset/problem/578/C
Unsolved,KINGDOM 4 — THE KINGDOM OF BINARY SEARCH,Pattern 4.4 — Continuous Binary Search,780B,The Meeting Place Cannot Be Changed,binary search,40,35,https://codeforces.com/problemset/problem/780/B
Unsolved,KINGDOM 4 — THE KINGDOM OF BINARY SEARCH,Pattern 4.4 — Continuous Binary Search,1030D,Vasya and Triangle,"geometry, number theory",60,55,https://codeforces.com/problemset/problem/1030/D
Unsolved,KINGDOM 4 — THE KINGDOM OF BINARY SEARCH,Pattern 4.4 — Continuous Binary Search,1163C2,Power Transmission (Hard Edition),"data structures, geometry, implementation, math",60,55,https://codeforces.com/problemset/problem/1163/C2
Unsolved,KINGDOM 4 — THE KINGDOM OF BINARY SEARCH,Pattern 4.4 — Continuous Binary Search,1283C,Friends and Gifts,"constructive algorithms, data structures, math",40,35,https://codeforces.com/problemset/problem/1283/C
Unsolved,KINGDOM 4 — THE KINGDOM OF BINARY SEARCH,Pattern 4.4 — Continuous Binary Search,1301D,Time to Run,"constructive algorithms, graphs, implementation",90,80,https://codeforces.com/problemset/problem/1301/D
Unsolved,KINGDOM 5 — THE KINGDOM OF SORTING & GREEDY,Pattern 5.1 — Basic Greedy,58B,Coins,greedy,25,20,https://codeforces.com/problemset/problem/58/B
Unsolved,KINGDOM 5 — THE KINGDOM OF SORTING & GREEDY,Pattern 5.1 — Basic Greedy,1256A,Payment Without Change,math,15,10,https://codeforces.com/problemset/problem/1256/A
Unsolved,KINGDOM 5 — THE KINGDOM OF SORTING & GREEDY,Pattern 5.1 — Basic Greedy,1312B,Bogosort,"constructive algorithms, sortings",15,10,https://codeforces.com/problemset/problem/1312/B
Unsolved,KINGDOM 5 — THE KINGDOM OF SORTING & GREEDY,Pattern 5.1 — Basic Greedy,1418A,Buying Torches,math,15,10,https://codeforces.com/problemset/problem/1418/A
Unsolved,KINGDOM 5 — THE KINGDOM OF SORTING & GREEDY,Pattern 5.1 — Basic Greedy,1618A,Polycarp and Sums of Subsequences,"math, sortings",15,10,https://codeforces.com/problemset/problem/1618/A
Unsolved,KINGDOM 5 — THE KINGDOM OF SORTING & GREEDY,Pattern 5.1 — Basic Greedy,1675A,Food for Animals,"greedy, math",15,10,https://codeforces.com/problemset/problem/1675/A
Unsolved,KINGDOM 5 — THE KINGDOM OF SORTING & GREEDY,Pattern 5.2 — Greedy with Sorting,1005C,Summarize to the Power of Two,"brute force, greedy, implementation",25,20,https://codeforces.com/problemset/problem/1005/C
Unsolved,KINGDOM 5 — THE KINGDOM OF SORTING & GREEDY,Pattern 5.2 — Greedy with Sorting,1092C,Prefixes and Suffixes,strings,60,55,https://codeforces.com/problemset/problem/1092/C
Unsolved,KINGDOM 5 — THE KINGDOM OF SORTING & GREEDY,Pattern 5.2 — Greedy with Sorting,1144D,Equalize Them All,"constructive algorithms, greedy",40,35,https://codeforces.com/problemset/problem/1144/D
Unsolved,KINGDOM 5 — THE KINGDOM OF SORTING & GREEDY,Pattern 5.2 — Greedy with Sorting,1203C,Common Divisors,"implementation, math",25,20,https://codeforces.com/problemset/problem/1203/C
Unsolved,KINGDOM 5 — THE KINGDOM OF SORTING & GREEDY,Pattern 5.2 — Greedy with Sorting,1385C,Make It Good,greedy,25,20,https://codeforces.com/problemset/problem/1385/C
Unsolved,KINGDOM 5 — THE KINGDOM OF SORTING & GREEDY,Pattern 5.2 — Greedy with Sorting,1399C,Boats Competition,"brute force, greedy, two pointers",25,20,https://codeforces.com/problemset/problem/1399/C
Unsolved,KINGDOM 5 — THE KINGDOM OF SORTING & GREEDY,Pattern 5.3 — Interval Greedy,527D,Clique Problem,"data structures, dp, greedy, implementation, sortings",60,55,https://codeforces.com/problemset/problem/527/D
Unsolved,KINGDOM 5 — THE KINGDOM OF SORTING & GREEDY,Pattern 5.3 — Interval Greedy,913D,Too Easy Problems,"binary search, brute force, data structures, greedy, sortings",60,55,https://codeforces.com/problemset/problem/913/D
Unsolved,KINGDOM 5 — THE KINGDOM OF SORTING & GREEDY,Pattern 5.3 — Interval Greedy,1029C,Maximal Intersection,"greedy, math, sortings",40,35,https://codeforces.com/problemset/problem/1029/C
Unsolved,KINGDOM 5 — THE KINGDOM OF SORTING & GREEDY,Pattern 5.3 — Interval Greedy,1106D,Lunar New Year and a Wander,"data structures, dfs and similar, graphs, greedy, shortest paths",40,35,https://codeforces.com/problemset/problem/1106/D
Unsolved,KINGDOM 5 — THE KINGDOM OF SORTING & GREEDY,Pattern 5.3 — Interval Greedy,1249D1,Too Many Segments (easy version),greedy,60,55,https://codeforces.com/problemset/problem/1249/D1
Unsolved,KINGDOM 5 — THE KINGDOM OF SORTING & GREEDY,Pattern 5.3 — Interval Greedy,1249D2,Too Many Segments (hard version),"data structures, greedy, sortings",60,55,https://codeforces.com/problemset/problem/1249/D2
Unsolved,KINGDOM 5 — THE KINGDOM OF SORTING & GREEDY,Pattern 5.3 — Interval Greedy,1282C,Petya and Exam,"greedy, sortings, two pointers",60,55,https://codeforces.com/problemset/problem/1282/C
Unsolved,KINGDOM 5 — THE KINGDOM OF SORTING & GREEDY,Pattern 5.3 — Interval Greedy,1353D,Constructing the Array,"constructive algorithms, data structures, sortings",40,35,https://codeforces.com/problemset/problem/1353/D
Unsolved,KINGDOM 5 — THE KINGDOM OF SORTING & GREEDY,Pattern 5.3 — Interval Greedy,1428E,Carrots for Rabbits,"binary search, data structures, greedy, math, sortings",90,80,https://codeforces.com/problemset/problem/1428/E
Unsolved,KINGDOM 5 — THE KINGDOM OF SORTING & GREEDY,Pattern 5.3 — Interval Greedy,1468H,K and Medians,"constructive algorithms, greedy, math",90,80,https://codeforces.com/problemset/problem/1468/H
Unsolved,KINGDOM 5 — THE KINGDOM OF SORTING & GREEDY,Pattern 5.3 — Interval Greedy,1550C,Manhattan Subarrays,"brute force, geometry, greedy, implementation",60,55,https://codeforces.com/problemset/problem/1550/C
Unsolved,KINGDOM 5 — THE KINGDOM OF SORTING & GREEDY,Pattern 5.4 — Greedy + Priority Queue,864D,Make a Permutation!,"greedy, implementation, math",40,35,https://codeforces.com/problemset/problem/864/D
Unsolved,KINGDOM 5 — THE KINGDOM OF SORTING & GREEDY,Pattern 5.4 — Greedy + Priority Queue,1140C,Playlist,"brute force, data structures, sortings",40,35,https://codeforces.com/problemset/problem/1140/C
Unsolved,KINGDOM 5 — THE KINGDOM OF SORTING & GREEDY,Pattern 5.4 — Greedy + Priority Queue,1310A,Recommendations,"data structures, greedy, sortings",60,55,https://codeforces.com/problemset/problem/1310/A
Unsolved,KINGDOM 5 — THE KINGDOM OF SORTING & GREEDY,Pattern 5.4 — Greedy + Priority Queue,1374E1,Reading Books (easy version),"data structures, greedy, sortings",40,35,https://codeforces.com/problemset/problem/1374/E1
Unsolved,KINGDOM 5 — THE KINGDOM OF SORTING & GREEDY,Pattern 5.4 — Greedy + Priority Queue,1374E2,Reading Books (hard version),"data structures, greedy, implementation, sortings, ternary search, two pointers",120,110,https://codeforces.com/problemset/problem/1374/E2
Unsolved,KINGDOM 5 — THE KINGDOM OF SORTING & GREEDY,Pattern 5.4 — Greedy + Priority Queue,1526C1,Potions (Easy Version),"brute force, data structures, dp, greedy",40,35,https://codeforces.com/problemset/problem/1526/C1
Unsolved,KINGDOM 5 — THE KINGDOM OF SORTING & GREEDY,Pattern 5.4 — Greedy + Priority Queue,1526C2,Potions (Hard Version),"data structures, greedy",40,35,https://codeforces.com/problemset/problem/1526/C2
Unsolved,KINGDOM 5 — THE KINGDOM OF SORTING & GREEDY,Pattern 5.4 — Greedy + Priority Queue,1579D,Productive Meeting,"constructive algorithms, graphs, greedy",40,35,https://codeforces.com/problemset/problem/1579/D
Unsolved,KINGDOM 5 — THE KINGDOM OF SORTING & GREEDY,Pattern 5.5 — Constructive Greedy,1304D,Shortest and Longest LIS,"constructive algorithms, graphs, greedy, two pointers",60,55,https://codeforces.com/problemset/problem/1304/D
Unsolved,KINGDOM 5 — THE KINGDOM OF SORTING & GREEDY,Pattern 5.5 — Constructive Greedy,1348C,Phoenix and Distribution,"constructive algorithms, greedy, sortings, strings",40,35,https://codeforces.com/problemset/problem/1348/C
Unsolved,KINGDOM 5 — THE KINGDOM OF SORTING & GREEDY,Pattern 5.5 — Constructive Greedy,1380D,Berserk And Fireball,"constructive algorithms, greedy, implementation, math, two pointers",90,80,https://codeforces.com/problemset/problem/1380/D
Unsolved,KINGDOM 5 — THE KINGDOM OF SORTING & GREEDY,Pattern 5.5 — Constructive Greedy,1474D,Cleaning,"data structures, dp, greedy, math",90,80,https://codeforces.com/problemset/problem/1474/D
Unsolved,KINGDOM 5 — THE KINGDOM OF SORTING & GREEDY,Pattern 5.5 — Constructive Greedy,1506F,Triangular Paths,"constructive algorithms, graphs, math, shortest paths, sortings",90,80,https://codeforces.com/problemset/problem/1506/F
Unsolved,KINGDOM 5 — THE KINGDOM OF SORTING & GREEDY,Pattern 5.5 — Constructive Greedy,1537D,Deleting Divisors,"games, math, number theory",60,55,https://codeforces.com/problemset/problem/1537/D
Unsolved,KINGDOM 5 — THE KINGDOM OF SORTING & GREEDY,Pattern 5.5 — Constructive Greedy,1572A,Book,"binary search, brute force, data structures, dp, graphs, implementation, sortings",60,55,https://codeforces.com/problemset/problem/1572/A
Unsolved,KINGDOM 5 — THE KINGDOM OF SORTING & GREEDY,Pattern 5.5 — Constructive Greedy,1705B,Mark the Dust Sweeper,"constructive algorithms, greedy, implementation",15,10,https://codeforces.com/problemset/problem/1705/B
Unsolved,KINGDOM 6 — THE KINGDOM OF STRINGS,Pattern 6.1 — Basic String Processing,41A,Translation,"implementation, strings",15,10,https://codeforces.com/problemset/problem/41/A
Unsolved,KINGDOM 6 — THE KINGDOM OF STRINGS,Pattern 6.1 — Basic String Processing,58A,Chat room,"greedy, strings",15,10,https://codeforces.com/problemset/problem/58/A
Unsolved,KINGDOM 6 — THE KINGDOM OF STRINGS,Pattern 6.1 — Basic String Processing,96A,Football,"implementation, strings",15,10,https://codeforces.com/problemset/problem/96/A
Unsolved,KINGDOM 6 — THE KINGDOM OF STRINGS,Pattern 6.1 — Basic String Processing,112A,Petya and Strings,"implementation, strings",15,10,https://codeforces.com/problemset/problem/112/A
Unsolved,KINGDOM 6 — THE KINGDOM OF STRINGS,Pattern 6.1 — Basic String Processing,118A,String Task,"implementation, strings",15,10,https://codeforces.com/problemset/problem/118/A
Unsolved,KINGDOM 6 — THE KINGDOM OF STRINGS,Pattern 6.1 — Basic String Processing,281A,Word Capitalization,"implementation, strings",15,10,https://codeforces.com/problemset/problem/281/A
Unsolved,KINGDOM 6 — THE KINGDOM OF STRINGS,Pattern 6.1 — Basic String Processing,313A,Ilya and Bank Account,"implementation, number theory",15,10,https://codeforces.com/problemset/problem/313/A
Unsolved,KINGDOM 6 — THE KINGDOM OF STRINGS,Pattern 6.1 — Basic String Processing,472A,Design Tutorial: Learn from Math,"math, number theory",15,10,https://codeforces.com/problemset/problem/472/A
Unsolved,KINGDOM 6 — THE KINGDOM OF STRINGS,Pattern 6.1 — Basic String Processing,520A,Pangram,"implementation, strings",15,10,https://codeforces.com/problemset/problem/520/A
Unsolved,KINGDOM 6 — THE KINGDOM OF STRINGS,Pattern 6.1 — Basic String Processing,977B,Two-gram,"implementation, strings",15,10,https://codeforces.com/problemset/problem/977/B
Unsolved,KINGDOM 6 — THE KINGDOM OF STRINGS,Pattern 6.1 — Basic String Processing,1095A,Repeating Cipher,implementation,15,10,https://codeforces.com/problemset/problem/1095/A
Unsolved,KINGDOM 6 — THE KINGDOM OF STRINGS,Pattern 6.1 — Basic String Processing,1108B,Divisors of Two Integers,"brute force, greedy, math, number theory",25,20,https://codeforces.com/problemset/problem/1108/B
Unsolved,KINGDOM 6 — THE KINGDOM OF STRINGS,Pattern 6.1 — Basic String Processing,1182A,Filling Shapes,"dp, math",15,10,https://codeforces.com/problemset/problem/1182/A
Unsolved,KINGDOM 6 — THE KINGDOM OF STRINGS,Pattern 6.1 — Basic String Processing,1266A,Competitive Programmer,"chinese remainder theorem, math",15,10,https://codeforces.com/problemset/problem/1266/A
Unsolved,KINGDOM 6 — THE KINGDOM OF STRINGS,Pattern 6.1 — Basic String Processing,1295A,Display The Number,greedy,15,10,https://codeforces.com/problemset/problem/1295/A
Unsolved,KINGDOM 6 — THE KINGDOM OF STRINGS,Pattern 6.1 — Basic String Processing,1433A,Boring Apartments,"implementation, math",15,10,https://codeforces.com/problemset/problem/1433/A
Unsolved,KINGDOM 6 — THE KINGDOM OF STRINGS,Pattern 6.2 — Character Frequency,271A,Beautiful Year,brute force,15,10,https://codeforces.com/problemset/problem/271/A
Unsolved,KINGDOM 6 — THE KINGDOM OF STRINGS,Pattern 6.2 — Character Frequency,443A,Anton and Letters,"constructive algorithms, implementation",15,10,https://codeforces.com/problemset/problem/443/A
Unsolved,KINGDOM 6 — THE KINGDOM OF STRINGS,Pattern 6.2 — Character Frequency,554A,Kyoya and Photobooks,"brute force, math, strings",15,10,https://codeforces.com/problemset/problem/554/A
Unsolved,KINGDOM 6 — THE KINGDOM OF STRINGS,Pattern 6.2 — Character Frequency,897A,Scarborough Fair,implementation,15,10,https://codeforces.com/problemset/problem/897/A
Unsolved,KINGDOM 6 — THE KINGDOM OF STRINGS,Pattern 6.2 — Character Frequency,978B,File Name,"greedy, strings",15,10,https://codeforces.com/problemset/problem/978/B
Unsolved,KINGDOM 6 — THE KINGDOM OF STRINGS,Pattern 6.2 — Character Frequency,1008A,Romaji,"implementation, strings",15,10,https://codeforces.com/problemset/problem/1008/A
Unsolved,KINGDOM 6 — THE KINGDOM OF STRINGS,Pattern 6.2 — Character Frequency,1216A,Prefixes,strings,15,10,https://codeforces.com/problemset/problem/1216/A
Unsolved,KINGDOM 6 — THE KINGDOM OF STRINGS,Pattern 6.2 — Character Frequency,1277A,"Happy Birthday, Polycarp!",implementation,15,10,https://codeforces.com/problemset/problem/1277/A
Unsolved,KINGDOM 6 — THE KINGDOM OF STRINGS,Pattern 6.2 — Character Frequency,1368B,Codeforces Subsequences,"brute force, constructive algorithms, greedy, math, strings",40,35,https://codeforces.com/problemset/problem/1368/B
Unsolved,KINGDOM 6 — THE KINGDOM OF STRINGS,Pattern 6.2 — Character Frequency,1430C,Numbers on Whiteboard,"constructive algorithms, data structures, greedy, implementation, math",15,10,https://codeforces.com/problemset/problem/1430/C
Unsolved,KINGDOM 6 — THE KINGDOM OF STRINGS,Pattern 6.2 — Character Frequency,1450A,Avoid Trygub,"constructive algorithms, sortings",15,10,https://codeforces.com/problemset/problem/1450/A
Unsolved,KINGDOM 6 — THE KINGDOM OF STRINGS,Pattern 6.2 — Character Frequency,1530A,Binary Decimal,"greedy, math",15,10,https://codeforces.com/problemset/problem/1530/A
Unsolved,KINGDOM 6 — THE KINGDOM OF STRINGS,Pattern 6.3 — Greedy on Strings,1165C,Good String,greedy,25,20,https://codeforces.com/problemset/problem/1165/C
Unsolved,KINGDOM 6 — THE KINGDOM OF STRINGS,Pattern 6.3 — Greedy on Strings,1200E,Compress Words,"brute force, hashing, implementation, string suffix structures, strings",90,80,https://codeforces.com/problemset/problem/1200/E
Unsolved,KINGDOM 6 — THE KINGDOM OF STRINGS,Pattern 6.3 — Greedy on Strings,1367D,Task On The Board,"constructive algorithms, greedy, implementation, sortings",60,55,https://codeforces.com/problemset/problem/1367/D
Unsolved,KINGDOM 6 — THE KINGDOM OF STRINGS,Pattern 6.3 — Greedy on Strings,1382C1,UNKNOWN,UNKNOWN,UNKNOWN,UNKNOWN,https://codeforces.com/problemset/problem/1382/C1
Unsolved,KINGDOM 6 — THE KINGDOM OF STRINGS,Pattern 6.3 — Greedy on Strings,1382C2,UNKNOWN,UNKNOWN,UNKNOWN,UNKNOWN,https://codeforces.com/problemset/problem/1382/C2
Unsolved,KINGDOM 6 — THE KINGDOM OF STRINGS,Pattern 6.3 — Greedy on Strings,1430E,String Reversal,"data structures, greedy, strings",60,55,https://codeforces.com/problemset/problem/1430/E
Unsolved,KINGDOM 6 — THE KINGDOM OF STRINGS,Pattern 6.3 — Greedy on Strings,1451C,String Equality,"dp, greedy, hashing, implementation, strings",40,35,https://codeforces.com/problemset/problem/1451/C
Unsolved,KINGDOM 6 — THE KINGDOM OF STRINGS,Pattern 6.3 — Greedy on Strings,1493C,K-beautiful Strings,"binary search, brute force, constructive algorithms, greedy, strings",90,80,https://codeforces.com/problemset/problem/1493/C
Unsolved,KINGDOM 6 — THE KINGDOM OF STRINGS,Pattern 6.4 — Prefix Function (KMP),126B,Password,"binary search, dp, hashing, string suffix structures, strings",60,55,https://codeforces.com/problemset/problem/126/B
Unsolved,KINGDOM 6 — THE KINGDOM OF STRINGS,Pattern 6.4 — Prefix Function (KMP),432D,Prefixes and Suffixes,"dp, string suffix structures, strings, two pointers",90,80,https://codeforces.com/problemset/problem/432/D
Unsolved,KINGDOM 6 — THE KINGDOM OF STRINGS,Pattern 6.4 — Prefix Function (KMP),471D,MUH and Cube Walls,"string suffix structures, strings",60,55,https://codeforces.com/problemset/problem/471/D
Unsolved,KINGDOM 6 — THE KINGDOM OF STRINGS,Pattern 6.4 — Prefix Function (KMP),526D,Om Nom and Necklace,"hashing, string suffix structures, strings",90,80,https://codeforces.com/problemset/problem/526/D
Unsolved,KINGDOM 6 — THE KINGDOM OF STRINGS,Pattern 6.4 — Prefix Function (KMP),808G,Anthem of Berland,"dp, strings",120,110,https://codeforces.com/problemset/problem/808/G
Unsolved,KINGDOM 6 — THE KINGDOM OF STRINGS,Pattern 6.4 — Prefix Function (KMP),1326D2,Prefix-Suffix Palindrome (Hard version),"binary search, greedy, hashing, string suffix structures, strings",60,55,https://codeforces.com/problemset/problem/1326/D2
Unsolved,KINGDOM 6 — THE KINGDOM OF STRINGS,Pattern 6.4 — Prefix Function (KMP),1721E,Prefix Function Queries,"dfs and similar, dp, hashing, string suffix structures, strings, trees",90,80,https://codeforces.com/problemset/problem/1721/E
Unsolved,KINGDOM 6 — THE KINGDOM OF STRINGS,Pattern 6.5 — Z Algorithm,196B,Infinite Maze,"dfs and similar, graphs",90,80,https://codeforces.com/problemset/problem/196/B
Unsolved,KINGDOM 6 — THE KINGDOM OF STRINGS,Pattern 6.5 — Z Algorithm,535D,Tavas and Malekas,"greedy, hashing, string suffix structures, strings",60,55,https://codeforces.com/problemset/problem/535/D
Unsolved,KINGDOM 6 — THE KINGDOM OF STRINGS,Pattern 6.5 — Z Algorithm,1137B,Camp Schedule,"greedy, hashing, strings",40,35,https://codeforces.com/problemset/problem/1137/B
Unsolved,KINGDOM 6 — THE KINGDOM OF STRINGS,Pattern 6.5 — Z Algorithm,1267L,Lexicography,"constructive algorithms, strings",60,55,https://codeforces.com/problemset/problem/1267/L
Unsolved,KINGDOM 6 — THE KINGDOM OF STRINGS,Pattern 6.6 — Hashing,271D,Good Substrings,"data structures, strings",60,55,https://codeforces.com/problemset/problem/271/D
Unsolved,KINGDOM 6 — THE KINGDOM OF STRINGS,Pattern 6.6 — Hashing,514C,Watto and Mechanism,"binary search, data structures, hashing, string suffix structures, strings",90,80,https://codeforces.com/problemset/problem/514/C
Unsolved,KINGDOM 6 — THE KINGDOM OF STRINGS,Pattern 6.6 — Hashing,580E,Kefa and Watch,"data structures, hashing, strings",120,110,https://codeforces.com/problemset/problem/580/E
Unsolved,KINGDOM 6 — THE KINGDOM OF STRINGS,Pattern 6.6 — Hashing,835D,Palindromic characteristics,"brute force, dp, hashing, strings",60,55,https://codeforces.com/problemset/problem/835/D
Unsolved,KINGDOM 6 — THE KINGDOM OF STRINGS,Pattern 6.6 — Hashing,963D,Frequency of String,"hashing, string suffix structures, strings",120,110,https://codeforces.com/problemset/problem/963/D
Unsolved,KINGDOM 7 — THE KINGDOM OF BIT MANIPULATION,Pattern 7.1 — Basic Bit Operations,579A,Raising Bacteria,bitmasks,15,10,https://codeforces.com/problemset/problem/579/A
Unsolved,KINGDOM 7 — THE KINGDOM OF BIT MANIPULATION,Pattern 7.1 — Basic Bit Operations,768A,Oath of the Night's Watch,"constructive algorithms, sortings",15,10,https://codeforces.com/problemset/problem/768/A
Unsolved,KINGDOM 7 — THE KINGDOM OF BIT MANIPULATION,Pattern 7.1 — Basic Bit Operations,912A,Tricky Alchemy,implementation,15,10,https://codeforces.com/problemset/problem/912/A
Unsolved,KINGDOM 7 — THE KINGDOM OF BIT MANIPULATION,Pattern 7.1 — Basic Bit Operations,1151A,Maxim and Biology,"brute force, strings",15,10,https://codeforces.com/problemset/problem/1151/A
Unsolved,KINGDOM 7 — THE KINGDOM OF BIT MANIPULATION,Pattern 7.1 — Basic Bit Operations,1299A,Anu Has a Function,"brute force, greedy, math",40,35,https://codeforces.com/problemset/problem/1299/A
Unsolved,KINGDOM 7 — THE KINGDOM OF BIT MANIPULATION,Pattern 7.1 — Basic Bit Operations,1325B,CopyCopyCopyCopyCopy,"greedy, implementation",15,10,https://codeforces.com/problemset/problem/1325/B
Unsolved,KINGDOM 7 — THE KINGDOM OF BIT MANIPULATION,Pattern 7.1 — Basic Bit Operations,1362A,Johnny and Ancient Computer,implementation,15,10,https://codeforces.com/problemset/problem/1362/A
Unsolved,KINGDOM 7 — THE KINGDOM OF BIT MANIPULATION,Pattern 7.1 — Basic Bit Operations,1395C,Boboniu and Bit Operations,"bitmasks, brute force, dp, greedy",40,35,https://codeforces.com/problemset/problem/1395/C
Unsolved,KINGDOM 7 — THE KINGDOM OF BIT MANIPULATION,Pattern 7.1 — Basic Bit Operations,1421A,XORwice,"bitmasks, greedy, math",15,10,https://codeforces.com/problemset/problem/1421/A
Unsolved,KINGDOM 7 — THE KINGDOM OF BIT MANIPULATION,Pattern 7.1 — Basic Bit Operations,1438A,Specific Tastes of Andre ,"constructive algorithms, implementation",15,10,https://codeforces.com/problemset/problem/1438/A
Unsolved,KINGDOM 7 — THE KINGDOM OF BIT MANIPULATION,Pattern 7.1 — Basic Bit Operations,1457A,UNKNOWN,UNKNOWN,UNKNOWN,UNKNOWN,https://codeforces.com/problemset/problem/1457/A
Unsolved,KINGDOM 7 — THE KINGDOM OF BIT MANIPULATION,Pattern 7.1 — Basic Bit Operations,1491A,K-th Largest Value,"brute force, greedy, implementation",15,10,https://codeforces.com/problemset/problem/1491/A
Unsolved,KINGDOM 7 — THE KINGDOM OF BIT MANIPULATION,Pattern 7.1 — Basic Bit Operations,1501A,Alexey and Train,implementation,15,10,https://codeforces.com/problemset/problem/1501/A
Unsolved,KINGDOM 7 — THE KINGDOM OF BIT MANIPULATION,Pattern 7.1 — Basic Bit Operations,1525A,Potion-making,"math, number theory",15,10,https://codeforces.com/problemset/problem/1525/A
Unsolved,KINGDOM 7 — THE KINGDOM OF BIT MANIPULATION,Pattern 7.2 — XOR Properties,276D,Little Girl and Maximum XOR,"bitmasks, dp, greedy, implementation, math",60,55,https://codeforces.com/problemset/problem/276/D
Unsolved,KINGDOM 7 — THE KINGDOM OF BIT MANIPULATION,Pattern 7.2 — XOR Properties,282E,Sausage Maximization,"bitmasks, data structures, trees",90,80,https://codeforces.com/problemset/problem/282/E
Unsolved,KINGDOM 7 — THE KINGDOM OF BIT MANIPULATION,Pattern 7.2 — XOR Properties,429A,Xor-tree,"dfs and similar, trees",25,20,https://codeforces.com/problemset/problem/429/A
Unsolved,KINGDOM 7 — THE KINGDOM OF BIT MANIPULATION,Pattern 7.3 — Bitmask Enumeration,319B,Psychos in a Line,"data structures, implementation",60,55,https://codeforces.com/problemset/problem/319/B
Unsolved,KINGDOM 7 — THE KINGDOM OF BIT MANIPULATION,Pattern 7.3 — Bitmask Enumeration,580D,Kefa and Dishes,"bitmasks, dp",60,55,https://codeforces.com/problemset/problem/580/D
Unsolved,KINGDOM 7 — THE KINGDOM OF BIT MANIPULATION,Pattern 7.3 — Bitmask Enumeration,839C,Journey,"dfs and similar, dp, graphs, probabilities, trees",40,35,https://codeforces.com/problemset/problem/839/C
Unsolved,KINGDOM 7 — THE KINGDOM OF BIT MANIPULATION,Pattern 7.3 — Bitmask Enumeration,1102F,Elongated Matrix,"binary search, bitmasks, brute force, dp, graphs",90,80,https://codeforces.com/problemset/problem/1102/F
Unsolved,KINGDOM 7 — THE KINGDOM OF BIT MANIPULATION,Pattern 7.3 — Bitmask Enumeration,1316E,Team Building,"bitmasks, dp, greedy, sortings",120,110,https://codeforces.com/problemset/problem/1316/E
Unsolved,KINGDOM 7 — THE KINGDOM OF BIT MANIPULATION,Pattern 7.3 — Bitmask Enumeration,1523D,Love-Hate,"bitmasks, brute force, dp, probabilities",120,110,https://codeforces.com/problemset/problem/1523/D
Unsolved,KINGDOM 7 — THE KINGDOM OF BIT MANIPULATION,Pattern 7.4 — Trie + XOR,706D,Vasiliy's Multiset,"binary search, bitmasks, data structures, trees",60,55,https://codeforces.com/problemset/problem/706/D
Unsolved,KINGDOM 7 — THE KINGDOM OF BIT MANIPULATION,Pattern 7.4 — Trie + XOR,888G,Xor-MST,"bitmasks, constructive algorithms, data structures",120,110,https://codeforces.com/problemset/problem/888/G
Unsolved,KINGDOM 7 — THE KINGDOM OF BIT MANIPULATION,Pattern 7.4 — Trie + XOR,923C,Perfect Security,"data structures, greedy, strings, trees",60,55,https://codeforces.com/problemset/problem/923/C
Unsolved,KINGDOM 7 — THE KINGDOM OF BIT MANIPULATION,Pattern 7.4 — Trie + XOR,948D,UNKNOWN,UNKNOWN,UNKNOWN,UNKNOWN,https://codeforces.com/problemset/problem/948/D
Unsolved,KINGDOM 7 — THE KINGDOM OF BIT MANIPULATION,Pattern 7.4 — Trie + XOR,1285D,Dr. Evil Underscores,"bitmasks, brute force, dfs and similar, divide and conquer, dp, greedy, strings, trees",60,55,https://codeforces.com/problemset/problem/1285/D
Unsolved,KINGDOM 7 — THE KINGDOM OF BIT MANIPULATION,Pattern 7.4 — Trie + XOR,1447E,UNKNOWN,UNKNOWN,UNKNOWN,UNKNOWN,https://codeforces.com/problemset/problem/1447/E
Unsolved,KINGDOM 7 — THE KINGDOM OF BIT MANIPULATION,Pattern 7.4 — Trie + XOR,1658D2,388535 (Hard Version),"bitmasks, brute force, data structures, math",120,110,https://codeforces.com/problemset/problem/1658/D2
Unsolved,KINGDOM 8 — THE KINGDOM OF MATHEMATICS & NUMBER THEORY,Pattern 8.1 — Basic Mathematics,50A,Domino piling,"greedy, math",15,10,https://codeforces.com/problemset/problem/50/A
Unsolved,KINGDOM 8 — THE KINGDOM OF MATHEMATICS & NUMBER THEORY,Pattern 8.1 — Basic Mathematics,617A,Elephant,math,15,10,https://codeforces.com/problemset/problem/617/A
Unsolved,KINGDOM 8 — THE KINGDOM OF MATHEMATICS & NUMBER THEORY,Pattern 8.1 — Basic Mathematics,630A,Again Twenty Five!,number theory,15,10,https://codeforces.com/problemset/problem/630/A
Unsolved,KINGDOM 8 — THE KINGDOM OF MATHEMATICS & NUMBER THEORY,Pattern 8.1 — Basic Mathematics,742A,Arpa’s hard exam and Mehrdad’s naive cheat,"implementation, math, number theory",15,10,https://codeforces.com/problemset/problem/742/A
Unsolved,KINGDOM 8 — THE KINGDOM OF MATHEMATICS & NUMBER THEORY,Pattern 8.1 — Basic Mathematics,732A,Buy a Shovel,"brute force, constructive algorithms, implementation, math",15,10,https://codeforces.com/problemset/problem/732/A
Unsolved,KINGDOM 8 — THE KINGDOM OF MATHEMATICS & NUMBER THEORY,Pattern 8.1 — Basic Mathematics,977A,Wrong Subtraction,implementation,15,10,https://codeforces.com/problemset/problem/977/A
Unsolved,KINGDOM 8 — THE KINGDOM OF MATHEMATICS & NUMBER THEORY,Pattern 8.1 — Basic Mathematics,1154A,Restoring Three Numbers,math,15,10,https://codeforces.com/problemset/problem/1154/A
Unsolved,KINGDOM 8 — THE KINGDOM OF MATHEMATICS & NUMBER THEORY,Pattern 8.1 — Basic Mathematics,119A,Epic Game,implementation,15,10,https://codeforces.com/problemset/problem/119/A
Unsolved,KINGDOM 8 — THE KINGDOM OF MATHEMATICS & NUMBER THEORY,Pattern 8.1 — Basic Mathematics,1204A,BowWow and the Timetable,math,15,10,https://codeforces.com/problemset/problem/1204/A
Unsolved,KINGDOM 8 — THE KINGDOM OF MATHEMATICS & NUMBER THEORY,Pattern 8.1 — Basic Mathematics,1220A,Cards,"implementation, sortings, strings",15,10,https://codeforces.com/problemset/problem/1220/A
Unsolved,KINGDOM 8 — THE KINGDOM OF MATHEMATICS & NUMBER THEORY,Pattern 8.1 — Basic Mathematics,1245A,Good ol' Numbers Coloring,"math, number theory",15,10,https://codeforces.com/problemset/problem/1245/A
Unsolved,KINGDOM 8 — THE KINGDOM OF MATHEMATICS & NUMBER THEORY,Pattern 8.1 — Basic Mathematics,1285A,Mezo Playing Zoma,math,15,10,https://codeforces.com/problemset/problem/1285/A
Unsolved,KINGDOM 8 — THE KINGDOM OF MATHEMATICS & NUMBER THEORY,Pattern 8.1 — Basic Mathematics,1328A,Divisibility Problem,math,15,10,https://codeforces.com/problemset/problem/1328/A
Unsolved,KINGDOM 8 — THE KINGDOM OF MATHEMATICS & NUMBER THEORY,Pattern 8.1 — Basic Mathematics,1352C,K-th Not Divisible by n,"binary search, math",25,20,https://codeforces.com/problemset/problem/1352/C
Unsolved,KINGDOM 8 — THE KINGDOM OF MATHEMATICS & NUMBER THEORY,Pattern 8.1 — Basic Mathematics,1353A,Most Unstable Array,"constructive algorithms, greedy, math",15,10,https://codeforces.com/problemset/problem/1353/A
Unsolved,KINGDOM 8 — THE KINGDOM OF MATHEMATICS & NUMBER THEORY,Pattern 8.1 — Basic Mathematics,1370A,Maximum GCD,"greedy, implementation, math, number theory",15,10,https://codeforces.com/problemset/problem/1370/A
Unsolved,KINGDOM 8 — THE KINGDOM OF MATHEMATICS & NUMBER THEORY,Pattern 8.1 — Basic Mathematics,1374B,"Multiply by 2, divide by 6",math,15,10,https://codeforces.com/problemset/problem/1374/B
Unsolved,KINGDOM 8 — THE KINGDOM OF MATHEMATICS & NUMBER THEORY,Pattern 8.1 — Basic Mathematics,1422A,Fence,"geometry, math",15,10,https://codeforces.com/problemset/problem/1422/A
Unsolved,KINGDOM 8 — THE KINGDOM OF MATHEMATICS & NUMBER THEORY,Pattern 8.1 — Basic Mathematics,1472A,Cards for Friends,"greedy, math",15,10,https://codeforces.com/problemset/problem/1472/A
Unsolved,KINGDOM 8 — THE KINGDOM OF MATHEMATICS & NUMBER THEORY,Pattern 8.1 — Basic Mathematics,1487A,Arena,"implementation, sortings",15,10,https://codeforces.com/problemset/problem/1487/A
Unsolved,KINGDOM 8 — THE KINGDOM OF MATHEMATICS & NUMBER THEORY,Pattern 8.1 — Basic Mathematics,1498A,GCD Sum,"brute force, math",15,10,https://codeforces.com/problemset/problem/1498/A
Unsolved,KINGDOM 8 — THE KINGDOM OF MATHEMATICS & NUMBER THEORY,Pattern 8.2 — GCD & LCM,7C,Line,"math, number theory",60,55,https://codeforces.com/problemset/problem/7/C
Unsolved,KINGDOM 8 — THE KINGDOM OF MATHEMATICS & NUMBER THEORY,Pattern 8.2 — GCD & LCM,16C,Monitor,"binary search, number theory",60,55,https://codeforces.com/problemset/problem/16/C
Unsolved,KINGDOM 8 — THE KINGDOM OF MATHEMATICS & NUMBER THEORY,Pattern 8.2 — GCD & LCM,340A,The Wall,math,25,20,https://codeforces.com/problemset/problem/340/A
Unsolved,KINGDOM 8 — THE KINGDOM OF MATHEMATICS & NUMBER THEORY,Pattern 8.2 — GCD & LCM,475D,CGCDSSQ,"brute force, data structures, math",90,80,https://codeforces.com/problemset/problem/475/D
Unsolved,KINGDOM 8 — THE KINGDOM OF MATHEMATICS & NUMBER THEORY,Pattern 8.2 — GCD & LCM,510D,Fox And Jumping,"bitmasks, brute force, dp, math",60,55,https://codeforces.com/problemset/problem/510/D
Unsolved,KINGDOM 8 — THE KINGDOM OF MATHEMATICS & NUMBER THEORY,Pattern 8.2 — GCD & LCM,803C,Maximal GCD,"constructive algorithms, greedy, math",60,55,https://codeforces.com/problemset/problem/803/C
Unsolved,KINGDOM 8 — THE KINGDOM OF MATHEMATICS & NUMBER THEORY,Pattern 8.2 — GCD & LCM,891A,Pride,"brute force, dp, greedy, math, number theory",40,35,https://codeforces.com/problemset/problem/891/A
Unsolved,KINGDOM 8 — THE KINGDOM OF MATHEMATICS & NUMBER THEORY,Pattern 8.2 — GCD & LCM,1025B,Weakened Common Divisor,"brute force, greedy, number theory",40,35,https://codeforces.com/problemset/problem/1025/B
Unsolved,KINGDOM 8 — THE KINGDOM OF MATHEMATICS & NUMBER THEORY,Pattern 8.2 — GCD & LCM,1244C,The Football Season,"brute force, math, number theory",90,80,https://codeforces.com/problemset/problem/1244/C
Unsolved,KINGDOM 8 — THE KINGDOM OF MATHEMATICS & NUMBER THEORY,Pattern 8.2 — GCD & LCM,1285C,Fadi and LCM,"brute force, math, number theory",40,35,https://codeforces.com/problemset/problem/1285/C
Unsolved,KINGDOM 8 — THE KINGDOM OF MATHEMATICS & NUMBER THEORY,Pattern 8.2 — GCD & LCM,1458A,Row GCD,"math, number theory",40,35,https://codeforces.com/problemset/problem/1458/A
Unsolved,KINGDOM 8 — THE KINGDOM OF MATHEMATICS & NUMBER THEORY,Pattern 8.2 — GCD & LCM,1548B,Integers Have Friends,"binary search, data structures, divide and conquer, math, number theory, two pointers",60,55,https://codeforces.com/problemset/problem/1548/B
Unsolved,KINGDOM 8 — THE KINGDOM OF MATHEMATICS & NUMBER THEORY,Pattern 8.3 — Prime Numbers & Sieve,17A,Noldbach problem,"brute force, math, number theory",15,10,https://codeforces.com/problemset/problem/17/A
Unsolved,KINGDOM 8 — THE KINGDOM OF MATHEMATICS & NUMBER THEORY,Pattern 8.3 — Prime Numbers & Sieve,230B,T-primes,"binary search, implementation, math, number theory",25,20,https://codeforces.com/problemset/problem/230/B
Unsolved,KINGDOM 8 — THE KINGDOM OF MATHEMATICS & NUMBER THEORY,Pattern 8.3 — Prime Numbers & Sieve,385C,Bear and Prime Numbers,"binary search, brute force, data structures, dp, implementation, math, number theory",60,55,https://codeforces.com/problemset/problem/385/C
Unsolved,KINGDOM 8 — THE KINGDOM OF MATHEMATICS & NUMBER THEORY,Pattern 8.3 — Prime Numbers & Sieve,577B,Modulo Sum,"combinatorics, data structures, dp, two pointers",60,55,https://codeforces.com/problemset/problem/577/B
Unsolved,KINGDOM 8 — THE KINGDOM OF MATHEMATICS & NUMBER THEORY,Pattern 8.3 — Prime Numbers & Sieve,776B,Sherlock and his girlfriend,"constructive algorithms, number theory",25,20,https://codeforces.com/problemset/problem/776/B
Unsolved,KINGDOM 8 — THE KINGDOM OF MATHEMATICS & NUMBER THEORY,Pattern 8.3 — Prime Numbers & Sieve,959D,Mahmoud and Ehab and another array construction task,"constructive algorithms, greedy, math, number theory",60,55,https://codeforces.com/problemset/problem/959/D
Unsolved,KINGDOM 8 — THE KINGDOM OF MATHEMATICS & NUMBER THEORY,Pattern 8.3 — Prime Numbers & Sieve,1033D,Divisors,"interactive, math, number theory",90,80,https://codeforces.com/problemset/problem/1033/D
Unsolved,KINGDOM 8 — THE KINGDOM OF MATHEMATICS & NUMBER THEORY,Pattern 8.3 — Prime Numbers & Sieve,1174C,Ehab and a Special Coloring Problem,"constructive algorithms, number theory",25,20,https://codeforces.com/problemset/problem/1174/C
Unsolved,KINGDOM 8 — THE KINGDOM OF MATHEMATICS & NUMBER THEORY,Pattern 8.3 — Prime Numbers & Sieve,1228C,Primes and Multiplication,"math, number theory",60,55,https://codeforces.com/problemset/problem/1228/C
Unsolved,KINGDOM 8 — THE KINGDOM OF MATHEMATICS & NUMBER THEORY,Pattern 8.3 — Prime Numbers & Sieve,1295D,Same GCDs,"math, number theory",60,55,https://codeforces.com/problemset/problem/1295/D
Unsolved,KINGDOM 8 — THE KINGDOM OF MATHEMATICS & NUMBER THEORY,Pattern 8.3 — Prime Numbers & Sieve,1475G,Strange Beauty,"dp, math, number theory, sortings",60,55,https://codeforces.com/problemset/problem/1475/G
Unsolved,KINGDOM 8 — THE KINGDOM OF MATHEMATICS & NUMBER THEORY,Pattern 8.4 — Modular Arithmetic,337C,Quiz,"binary search, greedy, math, matrices, number theory",40,35,https://codeforces.com/problemset/problem/337/C
Unsolved,KINGDOM 8 — THE KINGDOM OF MATHEMATICS & NUMBER THEORY,Pattern 8.4 — Modular Arithmetic,451E,Devu and Flowers,"bitmasks, combinatorics, number theory",120,110,https://codeforces.com/problemset/problem/451/E
Unsolved,KINGDOM 8 — THE KINGDOM OF MATHEMATICS & NUMBER THEORY,Pattern 8.4 — Modular Arithmetic,584B,Kolya and Tanya ,combinatorics,40,35,https://codeforces.com/problemset/problem/584/B
Unsolved,KINGDOM 8 — THE KINGDOM OF MATHEMATICS & NUMBER THEORY,Pattern 8.4 — Modular Arithmetic,622F,The Sum of the k-th Powers,math,180,150,https://codeforces.com/problemset/problem/622/F
Unsolved,KINGDOM 8 — THE KINGDOM OF MATHEMATICS & NUMBER THEORY,Pattern 8.4 — Modular Arithmetic,895C,Square Subsets,"bitmasks, combinatorics, dp, math",90,80,https://codeforces.com/problemset/problem/895/C
Unsolved,KINGDOM 8 — THE KINGDOM OF MATHEMATICS & NUMBER THEORY,Pattern 8.4 — Modular Arithmetic,1096D,Easy Problem,dp,60,55,https://codeforces.com/problemset/problem/1096/D
Unsolved,KINGDOM 8 — THE KINGDOM OF MATHEMATICS & NUMBER THEORY,Pattern 8.4 — Modular Arithmetic,1359E,Modular Stability,"combinatorics, math, number theory",90,80,https://codeforces.com/problemset/problem/1359/E
Unsolved,KINGDOM 8 — THE KINGDOM OF MATHEMATICS & NUMBER THEORY,Pattern 8.4 — Modular Arithmetic,1452D,Radio Towers,"combinatorics, dp, math",40,35,https://codeforces.com/problemset/problem/1452/D
Unsolved,KINGDOM 8 — THE KINGDOM OF MATHEMATICS & NUMBER THEORY,Pattern 8.5 — Combinatorics,294C,Shaass and Lights,"combinatorics, number theory",60,55,https://codeforces.com/problemset/problem/294/C
Unsolved,KINGDOM 8 — THE KINGDOM OF MATHEMATICS & NUMBER THEORY,Pattern 8.5 — Combinatorics,300C,Beautiful Numbers,"brute force, combinatorics",60,55,https://codeforces.com/problemset/problem/300/C
Unsolved,KINGDOM 8 — THE KINGDOM OF MATHEMATICS & NUMBER THEORY,Pattern 8.5 — Combinatorics,553A,Kyoya and Colored Balls,"combinatorics, dp, math",40,35,https://codeforces.com/problemset/problem/553/A
Unsolved,KINGDOM 8 — THE KINGDOM OF MATHEMATICS & NUMBER THEORY,Pattern 8.5 — Combinatorics,869C,The Intriguing Obsession,"combinatorics, dp, math",60,55,https://codeforces.com/problemset/problem/869/C
Unsolved,KINGDOM 8 — THE KINGDOM OF MATHEMATICS & NUMBER THEORY,Pattern 8.5 — Combinatorics,888D,Almost Identity Permutations,"combinatorics, dp, math",40,35,https://codeforces.com/problemset/problem/888/D
Unsolved,KINGDOM 8 — THE KINGDOM OF MATHEMATICS & NUMBER THEORY,Pattern 8.5 — Combinatorics,1091D,New Year and the Permutation Concatenation,"combinatorics, dp, math",60,55,https://codeforces.com/problemset/problem/1091/D
Unsolved,KINGDOM 8 — THE KINGDOM OF MATHEMATICS & NUMBER THEORY,Pattern 8.5 — Combinatorics,1312D,Count the Arrays,"combinatorics, math",60,55,https://codeforces.com/problemset/problem/1312/D
Unsolved,KINGDOM 8 — THE KINGDOM OF MATHEMATICS & NUMBER THEORY,Pattern 8.5 — Combinatorics,1420D,Rescue Nibel!,"combinatorics, data structures, sortings",60,55,https://codeforces.com/problemset/problem/1420/D
Unsolved,KINGDOM 8 — THE KINGDOM OF MATHEMATICS & NUMBER THEORY,Pattern 8.5 — Combinatorics,1545B,AquaMoon and Chess,"combinatorics, math",60,55,https://codeforces.com/problemset/problem/1545/B
Unsolved,KINGDOM 8 — THE KINGDOM OF MATHEMATICS & NUMBER THEORY,Pattern 8.5 — Combinatorics,1717D,Madoka and The Corruption Scheme,"combinatorics, constructive algorithms, greedy, math",60,55,https://codeforces.com/problemset/problem/1717/D
Unsolved,KINGDOM 8 — THE KINGDOM OF MATHEMATICS & NUMBER THEORY,Pattern 8.6 — Inclusion–Exclusion / Number Theory,547C,Mike and Foam,"bitmasks, combinatorics, dp, math, number theory",120,110,https://codeforces.com/problemset/problem/547/C
Unsolved,KINGDOM 8 — THE KINGDOM OF MATHEMATICS & NUMBER THEORY,Pattern 8.6 — Inclusion–Exclusion / Number Theory,803F,Coprime Subsequences,"bitmasks, combinatorics, number theory",90,80,https://codeforces.com/problemset/problem/803/F
Unsolved,KINGDOM 8 — THE KINGDOM OF MATHEMATICS & NUMBER THEORY,Pattern 8.6 — Inclusion–Exclusion / Number Theory,900D,Unusual Sequences,"bitmasks, combinatorics, dp, math, number theory",90,80,https://codeforces.com/problemset/problem/900/D
Unsolved,KINGDOM 8 — THE KINGDOM OF MATHEMATICS & NUMBER THEORY,Pattern 8.6 — Inclusion–Exclusion / Number Theory,915G,Coprime Arrays,"math, number theory",120,110,https://codeforces.com/problemset/problem/915/G
Unsolved,KINGDOM 8 — THE KINGDOM OF MATHEMATICS & NUMBER THEORY,Pattern 8.6 — Inclusion–Exclusion / Number Theory,986F,Oppa Funcan Style Remastered,"graphs, math, number theory, shortest paths",240,220,https://codeforces.com/problemset/problem/986/F
Unsolved,KINGDOM 8 — THE KINGDOM OF MATHEMATICS & NUMBER THEORY,Pattern 8.6 — Inclusion–Exclusion / Number Theory,1559E,Mocha and Stars,"combinatorics, dp, fft, math, number theory",90,80,https://codeforces.com/problemset/problem/1559/E
Unsolved,KINGDOM 8 — THE KINGDOM OF MATHEMATICS & NUMBER THEORY,Pattern 8.6 — Inclusion–Exclusion / Number Theory,1750D,Count GCD,"combinatorics, math, number theory",60,55,https://codeforces.com/problemset/problem/1750/D
Unsolved,KINGDOM 9 — THE KINGDOM OF RECURSION & BACKTRACKING,Pattern 9.1 — Basic Recursion,448A,Rewards,implementation,15,10,https://codeforces.com/problemset/problem/448/A
Unsolved,KINGDOM 9 — THE KINGDOM OF RECURSION & BACKTRACKING,Pattern 9.1 — Basic Recursion,448C,Painting Fence,"divide and conquer, dp, greedy",60,55,https://codeforces.com/problemset/problem/448/C
Unsolved,KINGDOM 9 — THE KINGDOM OF RECURSION & BACKTRACKING,Pattern 9.1 — Basic Recursion,559B,Equivalent Strings,"divide and conquer, hashing, sortings, strings",60,55,https://codeforces.com/problemset/problem/559/B
Unsolved,KINGDOM 9 — THE KINGDOM OF RECURSION & BACKTRACKING,Pattern 9.1 — Basic Recursion,750C,New Year and Rating,"binary search, greedy, math",40,35,https://codeforces.com/problemset/problem/750/C
Unsolved,KINGDOM 9 — THE KINGDOM OF RECURSION & BACKTRACKING,Pattern 9.1 — Basic Recursion,863C,1-2-3,"graphs, implementation",60,55,https://codeforces.com/problemset/problem/863/C
Unsolved,KINGDOM 9 — THE KINGDOM OF RECURSION & BACKTRACKING,Pattern 9.1 — Basic Recursion,1030C,Vasya and Golden Ticket,implementation,25,20,https://codeforces.com/problemset/problem/1030/C
Unsolved,KINGDOM 9 — THE KINGDOM OF RECURSION & BACKTRACKING,Pattern 9.1 — Basic Recursion,1174B,Ehab Is an Odd Person,sortings,25,20,https://codeforces.com/problemset/problem/1174/B
Unsolved,KINGDOM 9 — THE KINGDOM OF RECURSION & BACKTRACKING,Pattern 9.1 — Basic Recursion,1363C,Game On Leaves,"games, trees",40,35,https://codeforces.com/problemset/problem/1363/C
Unsolved,KINGDOM 9 — THE KINGDOM OF RECURSION & BACKTRACKING,Pattern 9.1 — Basic Recursion,1454E,Number of Simple Paths,"combinatorics, dfs and similar, graphs, trees",90,80,https://codeforces.com/problemset/problem/1454/E
Unsolved,KINGDOM 9 — THE KINGDOM OF RECURSION & BACKTRACKING,Pattern 9.2 — Brute Force with Backtracking,525B,Pasha and String,"constructive algorithms, greedy, math, strings",40,35,https://codeforces.com/problemset/problem/525/B
Unsolved,KINGDOM 9 — THE KINGDOM OF RECURSION & BACKTRACKING,Pattern 9.2 — Brute Force with Backtracking,525C,Ilya and Sticks,"greedy, math, sortings",40,35,https://codeforces.com/problemset/problem/525/C
Unsolved,KINGDOM 9 — THE KINGDOM OF RECURSION & BACKTRACKING,Pattern 9.2 — Brute Force with Backtracking,550B,Preparing Olympiad,"bitmasks, brute force",40,35,https://codeforces.com/problemset/problem/550/B
Unsolved,KINGDOM 9 — THE KINGDOM OF RECURSION & BACKTRACKING,Pattern 9.2 — Brute Force with Backtracking,580C,Kefa and Park,"dfs and similar, graphs, trees",40,35,https://codeforces.com/problemset/problem/580/C
Unsolved,KINGDOM 9 — THE KINGDOM OF RECURSION & BACKTRACKING,Pattern 9.2 — Brute Force with Backtracking,750D,New Year and Fireworks,"brute force, data structures, dfs and similar, dp, implementation",60,55,https://codeforces.com/problemset/problem/750/D
Unsolved,KINGDOM 9 — THE KINGDOM OF RECURSION & BACKTRACKING,Pattern 9.2 — Brute Force with Backtracking,864C,Bus,"greedy, implementation, math",40,35,https://codeforces.com/problemset/problem/864/C
Unsolved,KINGDOM 9 — THE KINGDOM OF RECURSION & BACKTRACKING,Pattern 9.2 — Brute Force with Backtracking,903D,Almost Difference,"data structures, math",90,80,https://codeforces.com/problemset/problem/903/D
Unsolved,KINGDOM 9 — THE KINGDOM OF RECURSION & BACKTRACKING,Pattern 9.2 — Brute Force with Backtracking,996C,UNKNOWN,UNKNOWN,UNKNOWN,UNKNOWN,https://codeforces.com/problemset/problem/996/C
Unsolved,KINGDOM 9 — THE KINGDOM OF RECURSION & BACKTRACKING,Pattern 9.2 — Brute Force with Backtracking,1059B,Forgery,implementation,25,20,https://codeforces.com/problemset/problem/1059/B
Unsolved,KINGDOM 9 — THE KINGDOM OF RECURSION & BACKTRACKING,Pattern 9.2 — Brute Force with Backtracking,1182C,Beautiful Lyrics,"data structures, greedy, strings",60,55,https://codeforces.com/problemset/problem/1182/C
Unsolved,KINGDOM 9 — THE KINGDOM OF RECURSION & BACKTRACKING,Pattern 9.2 — Brute Force with Backtracking,1243B2,Character Swap (Hard Version),strings,40,35,https://codeforces.com/problemset/problem/1243/B2
Unsolved,KINGDOM 9 — THE KINGDOM OF RECURSION & BACKTRACKING,Pattern 9.2 — Brute Force with Backtracking,1301A,Three Strings,"implementation, strings",15,10,https://codeforces.com/problemset/problem/1301/A
Unsolved,KINGDOM 9 — THE KINGDOM OF RECURSION & BACKTRACKING,Pattern 9.2 — Brute Force with Backtracking,1385D,a-Good String,"bitmasks, brute force, divide and conquer, dp, implementation",40,35,https://codeforces.com/problemset/problem/1385/D
Unsolved,KINGDOM 9 — THE KINGDOM OF RECURSION & BACKTRACKING,Pattern 9.2 — Brute Force with Backtracking,1450B,Balls of Steel,"brute force, geometry, greedy",15,10,https://codeforces.com/problemset/problem/1450/B
Unsolved,KINGDOM 9 — THE KINGDOM OF RECURSION & BACKTRACKING,Pattern 9.2 — Brute Force with Backtracking,1501C,UNKNOWN,UNKNOWN,UNKNOWN,UNKNOWN,https://codeforces.com/problemset/problem/1501/C
Unsolved,KINGDOM 9 — THE KINGDOM OF RECURSION & BACKTRACKING,Pattern 9.3 — Generate All Possibilities,1189A,Keanu Reeves,strings,15,10,https://codeforces.com/problemset/problem/1189/A
Unsolved,KINGDOM 9 — THE KINGDOM OF RECURSION & BACKTRACKING,Pattern 9.3 — Generate All Possibilities,1225C,p-binary,"bitmasks, brute force, math",40,35,https://codeforces.com/problemset/problem/1225/C
Unsolved,KINGDOM 9 — THE KINGDOM OF RECURSION & BACKTRACKING,Pattern 9.3 — Generate All Possibilities,1266C,Diverse Matrix,"constructive algorithms, greedy, math, number theory",40,35,https://codeforces.com/problemset/problem/1266/C
Unsolved,KINGDOM 9 — THE KINGDOM OF RECURSION & BACKTRACKING,Pattern 9.3 — Generate All Possibilities,1366C,Palindromic Paths,"greedy, math",40,35,https://codeforces.com/problemset/problem/1366/C
Unsolved,KINGDOM 9 — THE KINGDOM OF RECURSION & BACKTRACKING,Pattern 9.3 — Generate All Possibilities,1453C,Triangles,"greedy, implementation",60,55,https://codeforces.com/problemset/problem/1453/C
Unsolved,KINGDOM 9 — THE KINGDOM OF RECURSION & BACKTRACKING,Pattern 9.3 — Generate All Possibilities,1492D,Genius's Gambit,"bitmasks, constructive algorithms, greedy, math",60,55,https://codeforces.com/problemset/problem/1492/D
Unsolved,KINGDOM 9 — THE KINGDOM OF RECURSION & BACKTRACKING,Pattern 9.4 — Recursive Divide Construction,873D,Merge Sort,"constructive algorithms, divide and conquer",60,55,https://codeforces.com/problemset/problem/873/D
Unsolved,KINGDOM 9 — THE KINGDOM OF RECURSION & BACKTRACKING,Pattern 9.4 — Recursive Divide Construction,1114E,Arithmetic Progression,"binary search, interactive, number theory, probabilities",90,80,https://codeforces.com/problemset/problem/1114/E
Unsolved,KINGDOM 9 — THE KINGDOM OF RECURSION & BACKTRACKING,Pattern 9.4 — Recursive Divide Construction,1283D,Christmas Trees,"graphs, greedy, shortest paths",60,55,https://codeforces.com/problemset/problem/1283/D
Unsolved,KINGDOM 9 — THE KINGDOM OF RECURSION & BACKTRACKING,Pattern 9.4 — Recursive Divide Construction,1408E,Avoid Rainbow Cycles,"data structures, dsu, graphs, greedy, sortings, trees",120,110,https://codeforces.com/problemset/problem/1408/E
Unsolved,KINGDOM 10 — THE KINGDOM OF STACK & MONOTONIC STACK,Pattern 10.1 — Basic Stack,56E,Domino Principle,"binary search, data structures, sortings",90,80,https://codeforces.com/problemset/problem/56/E
Unsolved,KINGDOM 10 — THE KINGDOM OF STACK & MONOTONIC STACK,Pattern 10.1 — Basic Stack,343B,Alternating Current,"data structures, greedy, implementation",40,35,https://codeforces.com/problemset/problem/343/B
Unsolved,KINGDOM 10 — THE KINGDOM OF STACK & MONOTONIC STACK,Pattern 10.1 — Basic Stack,847B,Preparing for Merge Sort,"binary search, data structures",40,35,https://codeforces.com/problemset/problem/847/B
Unsolved,KINGDOM 10 — THE KINGDOM OF STACK & MONOTONIC STACK,Pattern 10.1 — Basic Stack,1003A,Polycarp's Pockets,implementation,15,10,https://codeforces.com/problemset/problem/1003/A
Unsolved,KINGDOM 10 — THE KINGDOM OF STACK & MONOTONIC STACK,Pattern 10.1 — Basic Stack,1073B,Vasya and Books,"implementation, math",15,10,https://codeforces.com/problemset/problem/1073/B
Unsolved,KINGDOM 10 — THE KINGDOM OF STACK & MONOTONIC STACK,Pattern 10.1 — Basic Stack,1092D1,Great Vova Wall (Version 1),"greedy, implementation, math",90,80,https://codeforces.com/problemset/problem/1092/D1
Unsolved,KINGDOM 10 — THE KINGDOM OF STACK & MONOTONIC STACK,Pattern 10.1 — Basic Stack,1092D2,Great Vova Wall (Version 2),"data structures, implementation",90,80,https://codeforces.com/problemset/problem/1092/D2
Unsolved,KINGDOM 10 — THE KINGDOM OF STACK & MONOTONIC STACK,Pattern 10.1 — Basic Stack,1154E,Two Teams,"data structures, implementation, sortings",60,55,https://codeforces.com/problemset/problem/1154/E
Unsolved,KINGDOM 10 — THE KINGDOM OF STACK & MONOTONIC STACK,Pattern 10.1 — Basic Stack,1263C,Everyone is a Winner!,"binary search, math, meet-in-the-middle, number theory",40,35,https://codeforces.com/problemset/problem/1263/C
Unsolved,KINGDOM 10 — THE KINGDOM OF STACK & MONOTONIC STACK,Pattern 10.1 — Basic Stack,1375C,Element Extermination,"constructive algorithms, data structures, greedy",40,35,https://codeforces.com/problemset/problem/1375/C
Unsolved,KINGDOM 10 — THE KINGDOM OF STACK & MONOTONIC STACK,Pattern 10.1 — Basic Stack,1445A,Array Rearrangment,"greedy, sortings",15,10,https://codeforces.com/problemset/problem/1445/A
Unsolved,KINGDOM 10 — THE KINGDOM OF STACK & MONOTONIC STACK,Pattern 10.1 — Basic Stack,1462B,Last Year's Substring,"dp, implementation, strings",15,10,https://codeforces.com/problemset/problem/1462/B
Unsolved,KINGDOM 10 — THE KINGDOM OF STACK & MONOTONIC STACK,Pattern 10.2 — Parentheses,5C,Longest Regular Bracket Sequence,"constructive algorithms, data structures, dp, greedy, sortings, strings",60,55,https://codeforces.com/problemset/problem/5/C
Unsolved,KINGDOM 10 — THE KINGDOM OF STACK & MONOTONIC STACK,Pattern 10.2 — Parentheses,26B,Regular Bracket Sequence,greedy,40,35,https://codeforces.com/problemset/problem/26/B
Unsolved,KINGDOM 10 — THE KINGDOM OF STACK & MONOTONIC STACK,Pattern 10.2 — Parentheses,380C,Sereja and Brackets,"data structures, schedules",90,80,https://codeforces.com/problemset/problem/380/C
Unsolved,KINGDOM 10 — THE KINGDOM OF STACK & MONOTONIC STACK,Pattern 10.2 — Parentheses,1095E,Almost Regular Bracket Sequence,implementation,60,55,https://codeforces.com/problemset/problem/1095/E
Unsolved,KINGDOM 10 — THE KINGDOM OF STACK & MONOTONIC STACK,Pattern 10.2 — Parentheses,1153C,Serval and Parenthesis Sequence,"greedy, strings",60,55,https://codeforces.com/problemset/problem/1153/C
Unsolved,KINGDOM 10 — THE KINGDOM OF STACK & MONOTONIC STACK,Pattern 10.2 — Parentheses,1305B,Kuroni and Simple Strings,"constructive algorithms, greedy, strings, two pointers",25,20,https://codeforces.com/problemset/problem/1305/B
Unsolved,KINGDOM 10 — THE KINGDOM OF STACK & MONOTONIC STACK,Pattern 10.2 — Parentheses,1452C,Two Brackets,greedy,15,10,https://codeforces.com/problemset/problem/1452/C
Unsolved,KINGDOM 10 — THE KINGDOM OF STACK & MONOTONIC STACK,Pattern 10.2 — Parentheses,1578H,Higher Order Functions,"implementation, strings",60,55,https://codeforces.com/problemset/problem/1578/H
Unsolved,KINGDOM 10 — THE KINGDOM OF STACK & MONOTONIC STACK,Pattern 10.3 — Monotonic Stack,547B,Mike and Feet,"binary search, data structures, dp, dsu",60,55,https://codeforces.com/problemset/problem/547/B
Unsolved,KINGDOM 10 — THE KINGDOM OF STACK & MONOTONIC STACK,Pattern 10.3 — Monotonic Stack,817D,Imbalanced Array,"data structures, divide and conquer, dsu, sortings",60,55,https://codeforces.com/problemset/problem/817/D
Unsolved,KINGDOM 10 — THE KINGDOM OF STACK & MONOTONIC STACK,Pattern 10.3 — Monotonic Stack,920F,SUM and REPLACE,"brute force, data structures, dsu, number theory",90,80,https://codeforces.com/problemset/problem/920/F
Unsolved,KINGDOM 10 — THE KINGDOM OF STACK & MONOTONIC STACK,Pattern 10.3 — Monotonic Stack,1156E,Special Segments of Permutation,"data structures, divide and conquer, dsu, two pointers",90,80,https://codeforces.com/problemset/problem/1156/E
Unsolved,KINGDOM 10 — THE KINGDOM OF STACK & MONOTONIC STACK,Pattern 10.3 — Monotonic Stack,1237D,Balanced Playlist,"binary search, data structures, implementation",90,80,https://codeforces.com/problemset/problem/1237/D
Unsolved,KINGDOM 10 — THE KINGDOM OF STACK & MONOTONIC STACK,Pattern 10.3 — Monotonic Stack,1313C2,Skyscrapers (hard version),"data structures, dp, greedy",60,55,https://codeforces.com/problemset/problem/1313/C2
Unsolved,KINGDOM 10 — THE KINGDOM OF STACK & MONOTONIC STACK,Pattern 10.3 — Monotonic Stack,1503C,Travelling Salesman Problem,"binary search, data structures, dp, greedy, shortest paths, sortings, two pointers",90,80,https://codeforces.com/problemset/problem/1503/C
Unsolved,KINGDOM 10 — THE KINGDOM OF STACK & MONOTONIC STACK,Pattern 10.3 — Monotonic Stack,1795E,Explosions?,"binary search, data structures, dp, greedy, math",90,80,https://codeforces.com/problemset/problem/1795/E
Unsolved,KINGDOM 10 — THE KINGDOM OF STACK & MONOTONIC STACK,Pattern 10.5 — Stack + Greedy,1239D,Catowice City,"2-sat, dfs and similar, graph matchings, graphs",120,110,https://codeforces.com/problemset/problem/1239/D
Unsolved,KINGDOM 10 — THE KINGDOM OF STACK & MONOTONIC STACK,Pattern 10.5 — Stack + Greedy,1381B,Unmerge,dp,60,55,https://codeforces.com/problemset/problem/1381/B
Unsolved,KINGDOM 11 — THE KINGDOM OF QUEUE & DEQUE,Pattern 11.1 — Queue Simulation,1238B,Kill `Em All,"greedy, sortings",25,20,https://codeforces.com/problemset/problem/1238/B
Unsolved,KINGDOM 11 — THE KINGDOM OF QUEUE & DEQUE,Pattern 11.1 — Queue Simulation,939C,Convenient For Everybody,"binary search, two pointers",40,35,https://codeforces.com/problemset/problem/939/C
Unsolved,KINGDOM 11 — THE KINGDOM OF QUEUE & DEQUE,Pattern 11.1 — Queue Simulation,920A,Water The Garden,implementation,15,10,https://codeforces.com/problemset/problem/920/A
Unsolved,KINGDOM 11 — THE KINGDOM OF QUEUE & DEQUE,Pattern 11.1 — Queue Simulation,978D,Almost Arithmetic Progression,"brute force, implementation, math",40,35,https://codeforces.com/problemset/problem/978/D
Unsolved,KINGDOM 11 — THE KINGDOM OF QUEUE & DEQUE,Pattern 11.1 — Queue Simulation,1015C,Songs Compression,sortings,25,20,https://codeforces.com/problemset/problem/1015/C
Unsolved,KINGDOM 11 — THE KINGDOM OF QUEUE & DEQUE,Pattern 11.1 — Queue Simulation,1104B,Game with string,"data structures, implementation, math",25,20,https://codeforces.com/problemset/problem/1104/B
Unsolved,KINGDOM 11 — THE KINGDOM OF QUEUE & DEQUE,Pattern 11.1 — Queue Simulation,1195B,Sport Mafia,"binary search, brute force, math",15,10,https://codeforces.com/problemset/problem/1195/B
Unsolved,KINGDOM 11 — THE KINGDOM OF QUEUE & DEQUE,Pattern 11.1 — Queue Simulation,1287A,Angry Students,"greedy, implementation",15,10,https://codeforces.com/problemset/problem/1287/A
Unsolved,KINGDOM 11 — THE KINGDOM OF QUEUE & DEQUE,Pattern 11.1 — Queue Simulation,1367B,Even Array,"greedy, math",15,10,https://codeforces.com/problemset/problem/1367/B
Unsolved,KINGDOM 11 — THE KINGDOM OF QUEUE & DEQUE,Pattern 11.1 — Queue Simulation,1511A,Review Site,greedy,15,10,https://codeforces.com/problemset/problem/1511/A
Unsolved,KINGDOM 11 — THE KINGDOM OF QUEUE & DEQUE,Pattern 11.2 — Deque,1294D,MEX maximizing,"data structures, greedy, implementation, math",40,35,https://codeforces.com/problemset/problem/1294/D
Unsolved,KINGDOM 11 — THE KINGDOM OF QUEUE & DEQUE,Pattern 11.2 — Deque,1353E,K-periodic Garland,"brute force, dp, greedy",60,55,https://codeforces.com/problemset/problem/1353/E
Unsolved,KINGDOM 11 — THE KINGDOM OF QUEUE & DEQUE,Pattern 11.2 — Deque,1393C,Pinkie Pie Eats Patty-cakes,"constructive algorithms, greedy, math, sortings",60,55,https://codeforces.com/problemset/problem/1393/C
Unsolved,KINGDOM 11 — THE KINGDOM OF QUEUE & DEQUE,Pattern 11.2 — Deque,1438B,Valerii Against Everyone,"constructive algorithms, data structures, greedy, sortings",15,10,https://codeforces.com/problemset/problem/1438/B
Unsolved,KINGDOM 11 — THE KINGDOM OF QUEUE & DEQUE,Pattern 11.2 — Deque,1469C,Building a Fence,"dp, greedy, implementation, two pointers",40,35,https://codeforces.com/problemset/problem/1469/C
Unsolved,KINGDOM 11 — THE KINGDOM OF QUEUE & DEQUE,Pattern 11.2 — Deque,1512C,A-B Palindrome,"constructive algorithms, implementation, strings",25,20,https://codeforces.com/problemset/problem/1512/C
Unsolved,KINGDOM 11 — THE KINGDOM OF QUEUE & DEQUE,Pattern 11.2 — Deque,1547D,Co-growing Sequence,"bitmasks, constructive algorithms, greedy",25,20,https://codeforces.com/problemset/problem/1547/D
Unsolved,KINGDOM 11 — THE KINGDOM OF QUEUE & DEQUE,Pattern 11.2 — Deque,1574D,The Strongest Build,"binary search, brute force, data structures, dfs and similar, graphs, greedy, hashing, implementation",90,80,https://codeforces.com/problemset/problem/1574/D
Unsolved,KINGDOM 11 — THE KINGDOM OF QUEUE & DEQUE,Pattern 11.3 — Monotonic Queue,372C,Watching Fireworks is Fun,"data structures, dp, math",90,80,https://codeforces.com/problemset/problem/372/C
Unsolved,KINGDOM 11 — THE KINGDOM OF QUEUE & DEQUE,Pattern 11.3 — Monotonic Queue,445A,DZY Loves Chessboard,"dfs and similar, implementation",25,20,https://codeforces.com/problemset/problem/445/A
Unsolved,KINGDOM 11 — THE KINGDOM OF QUEUE & DEQUE,Pattern 11.3 — Monotonic Queue,939F,Cutlet,"data structures, dp",120,110,https://codeforces.com/problemset/problem/939/F
Unsolved,KINGDOM 11 — THE KINGDOM OF QUEUE & DEQUE,Pattern 11.3 — Monotonic Queue,1077F1,Pictures with Kittens (easy version),dp,60,55,https://codeforces.com/problemset/problem/1077/F1
Unsolved,KINGDOM 11 — THE KINGDOM OF QUEUE & DEQUE,Pattern 11.3 — Monotonic Queue,1077F2,Pictures with Kittens (hard version),"data structures, dp",90,80,https://codeforces.com/problemset/problem/1077/F2
Unsolved,KINGDOM 11 — THE KINGDOM OF QUEUE & DEQUE,Pattern 11.3 — Monotonic Queue,1485C,Floor and Mod,"binary search, brute force, math, number theory",60,55,https://codeforces.com/problemset/problem/1485/C
Unsolved,KINGDOM 11 — THE KINGDOM OF QUEUE & DEQUE,Pattern 11.4 — Queue + BFS Style,796D,Police Stations,"constructive algorithms, dfs and similar, dp, graphs, shortest paths, trees",90,80,https://codeforces.com/problemset/problem/796/D
Unsolved,KINGDOM 11 — THE KINGDOM OF QUEUE & DEQUE,Pattern 11.4 — Queue + BFS Style,877D,Olya and Energy Drinks,"data structures, dfs and similar, graphs, shortest paths",90,80,https://codeforces.com/problemset/problem/877/D
Unsolved,KINGDOM 11 — THE KINGDOM OF QUEUE & DEQUE,Pattern 11.4 — Queue + BFS Style,986A,Fair,"graphs, greedy, number theory, shortest paths",40,35,https://codeforces.com/problemset/problem/986/A
Unsolved,KINGDOM 11 — THE KINGDOM OF QUEUE & DEQUE,Pattern 11.4 — Queue + BFS Style,1272E,Nearest Opposite Parity,"dfs and similar, graphs, shortest paths",60,55,https://codeforces.com/problemset/problem/1272/E
Unsolved,KINGDOM 11 — THE KINGDOM OF QUEUE & DEQUE,Pattern 11.4 — Queue + BFS Style,1294F,Three Paths on a Tree,"dfs and similar, dp, greedy, trees",90,80,https://codeforces.com/problemset/problem/1294/F
Unsolved,KINGDOM 11 — THE KINGDOM OF QUEUE & DEQUE,Pattern 11.4 — Queue + BFS Style,1344B,Monopole Magnets,"constructive algorithms, dfs and similar, dsu, graphs",90,80,https://codeforces.com/problemset/problem/1344/B
Unsolved,KINGDOM 11 — THE KINGDOM OF QUEUE & DEQUE,Pattern 11.4 — Queue + BFS Style,1486E,Paired Payment,"binary search, brute force, constructive algorithms, dp, flows, graphs, shortest paths",90,80,https://codeforces.com/problemset/problem/1486/E
Unsolved,KINGDOM 12 — THE KINGDOM OF LINKED LIST & SIMULATION,Pattern 12.1 — Simple Simulation,722C,Destroying Array,"data structures, dsu",40,35,https://codeforces.com/problemset/problem/722/C
Unsolved,KINGDOM 12 — THE KINGDOM OF LINKED LIST & SIMULATION,Pattern 12.1 — Simple Simulation,863D,Yet Another Array Queries Problem,"data structures, implementation",60,55,https://codeforces.com/problemset/problem/863/D
Unsolved,KINGDOM 12 — THE KINGDOM OF LINKED LIST & SIMULATION,Pattern 12.1 — Simple Simulation,1008B,Turn the Rectangles,"greedy, sortings",15,10,https://codeforces.com/problemset/problem/1008/B
Unsolved,KINGDOM 12 — THE KINGDOM OF LINKED LIST & SIMULATION,Pattern 12.1 — Simple Simulation,1196A,Three Piles of Candies,"brute force, constructive algorithms, math",15,10,https://codeforces.com/problemset/problem/1196/A
Unsolved,KINGDOM 12 — THE KINGDOM OF LINKED LIST & SIMULATION,Pattern 12.1 — Simple Simulation,1234B1,Social Network (easy version),implementation,15,10,https://codeforces.com/problemset/problem/1234/B1
Unsolved,KINGDOM 12 — THE KINGDOM OF LINKED LIST & SIMULATION,Pattern 12.1 — Simple Simulation,1234B2,Social Network (hard version),"data structures, implementation",25,20,https://codeforces.com/problemset/problem/1234/B2
Unsolved,KINGDOM 12 — THE KINGDOM OF LINKED LIST & SIMULATION,Pattern 12.1 — Simple Simulation,1293A,ConneR and the A.R.C. Markland-N,"binary search, brute force, implementation",25,20,https://codeforces.com/problemset/problem/1293/A
Unsolved,KINGDOM 12 — THE KINGDOM OF LINKED LIST & SIMULATION,Pattern 12.1 — Simple Simulation,1360C,Similar Pairs,"constructive algorithms, graph matchings, greedy, sortings",25,20,https://codeforces.com/problemset/problem/1360/C
Unsolved,KINGDOM 12 — THE KINGDOM OF LINKED LIST & SIMULATION,Pattern 12.1 — Simple Simulation,1409B,Minimum Product,"brute force, greedy, math",25,20,https://codeforces.com/problemset/problem/1409/B
Unsolved,KINGDOM 12 — THE KINGDOM OF LINKED LIST & SIMULATION,Pattern 12.1 — Simple Simulation,1512B,Almost Rectangle,implementation,15,10,https://codeforces.com/problemset/problem/1512/B
Unsolved,KINGDOM 12 — THE KINGDOM OF LINKED LIST & SIMULATION,Pattern 12.2 — Circular Simulation,659D,Bicycle Race,"geometry, implementation, math",40,35,https://codeforces.com/problemset/problem/659/D
Unsolved,KINGDOM 12 — THE KINGDOM OF LINKED LIST & SIMULATION,Pattern 12.2 — Circular Simulation,975C,Valhalla Siege,binary search,40,35,https://codeforces.com/problemset/problem/975/C
Unsolved,KINGDOM 12 — THE KINGDOM OF LINKED LIST & SIMULATION,Pattern 12.2 — Circular Simulation,1237C1,Balanced Removals (Easier),"constructive algorithms, geometry, greedy",60,55,https://codeforces.com/problemset/problem/1237/C1
Unsolved,KINGDOM 12 — THE KINGDOM OF LINKED LIST & SIMULATION,Pattern 12.2 — Circular Simulation,1237C2,Balanced Removals (Harder),"binary search, constructive algorithms, divide and conquer, greedy, implementation, sortings",60,55,https://codeforces.com/problemset/problem/1237/C2
Unsolved,KINGDOM 12 — THE KINGDOM OF LINKED LIST & SIMULATION,Pattern 12.2 — Circular Simulation,1352D,"Alice, Bob and Candies",implementation,25,20,https://codeforces.com/problemset/problem/1352/D
Unsolved,KINGDOM 12 — THE KINGDOM OF LINKED LIST & SIMULATION,Pattern 12.2 — Circular Simulation,1382B,Sequential Nim,"dp, games",25,20,https://codeforces.com/problemset/problem/1382/B
Unsolved,KINGDOM 12 — THE KINGDOM OF LINKED LIST & SIMULATION,Pattern 12.2 — Circular Simulation,1468K,The Robot,"brute force, implementation",40,35,https://codeforces.com/problemset/problem/1468/K
Unsolved,KINGDOM 12 — THE KINGDOM OF LINKED LIST & SIMULATION,Pattern 12.2 — Circular Simulation,1487B,Cat Cycle,"math, number theory",25,20,https://codeforces.com/problemset/problem/1487/B
Unsolved,KINGDOM 12 — THE KINGDOM OF LINKED LIST & SIMULATION,Pattern 12.2 — Circular Simulation,1525B,Permutation Sort,"constructive algorithms, greedy",15,10,https://codeforces.com/problemset/problem/1525/B
Unsolved,KINGDOM 12 — THE KINGDOM OF LINKED LIST & SIMULATION,Pattern 12.3 — Simulation with Data Structures,1299C,Water Balance,"data structures, geometry, greedy",90,80,https://codeforces.com/problemset/problem/1299/C
Unsolved,KINGDOM 12 — THE KINGDOM OF LINKED LIST & SIMULATION,Pattern 12.4 — Ordered Set Simulation,61E,Enemy is weak,"data structures, trees",60,55,https://codeforces.com/problemset/problem/61/E
Unsolved,KINGDOM 12 — THE KINGDOM OF LINKED LIST & SIMULATION,Pattern 12.4 — Ordered Set Simulation,220B,Little Elephant and Array,"constructive algorithms, data structures",60,55,https://codeforces.com/problemset/problem/220/B
Unsolved,KINGDOM 12 — THE KINGDOM OF LINKED LIST & SIMULATION,Pattern 12.4 — Ordered Set Simulation,652D,Nested Segments,"data structures, sortings",60,55,https://codeforces.com/problemset/problem/652/D
Unsolved,KINGDOM 12 — THE KINGDOM OF LINKED LIST & SIMULATION,Pattern 12.4 — Ordered Set Simulation,847E,Packmen,"binary search, dp",60,55,https://codeforces.com/problemset/problem/847/E
Unsolved,KINGDOM 12 — THE KINGDOM OF LINKED LIST & SIMULATION,Pattern 12.4 — Ordered Set Simulation,1354D,Multiset,"binary search, data structures",60,55,https://codeforces.com/problemset/problem/1354/D
Unsolved,KINGDOM 12 — THE KINGDOM OF LINKED LIST & SIMULATION,Pattern 12.4 — Ordered Set Simulation,1430F,Realistic Gameplay,"dp, greedy",180,150,https://codeforces.com/problemset/problem/1430/F
Unsolved,KINGDOM 12 — THE KINGDOM OF LINKED LIST & SIMULATION,Pattern 12.4 — Ordered Set Simulation,1579E1,Permutation Minimization by Deque,"constructive algorithms, greedy, math",15,10,https://codeforces.com/problemset/problem/1579/E1
Unsolved,KINGDOM 12 — THE KINGDOM OF LINKED LIST & SIMULATION,Pattern 12.4 — Ordered Set Simulation,1579E2,Array Optimization by Deque,"data structures, greedy",60,55,https://codeforces.com/problemset/problem/1579/E2
Unsolved,KINGDOM 13 — THE KINGDOM OF TREES,Pattern 13.1 — Basic Tree DFS,219D,Choosing Capital for Treeland,"dfs and similar, dp, graphs, trees",60,55,https://codeforces.com/problemset/problem/219/D
Unsolved,KINGDOM 13 — THE KINGDOM OF TREES,Pattern 13.1 — Basic Tree DFS,337A,Puzzles,greedy,15,10,https://codeforces.com/problemset/problem/337/A
Unsolved,KINGDOM 13 — THE KINGDOM OF TREES,Pattern 13.1 — Basic Tree DFS,337D,Book of Evil,"dfs and similar, divide and conquer, dp, trees",90,80,https://codeforces.com/problemset/problem/337/D
Unsolved,KINGDOM 13 — THE KINGDOM OF TREES,Pattern 13.1 — Basic Tree DFS,545C,Woodcutters,"dp, greedy",40,35,https://codeforces.com/problemset/problem/545/C
Unsolved,KINGDOM 13 — THE KINGDOM OF TREES,Pattern 13.1 — Basic Tree DFS,763A,Timofey and a tree,"dfs and similar, dp, dsu, graphs, implementation, trees",40,35,https://codeforces.com/problemset/problem/763/A
Unsolved,KINGDOM 13 — THE KINGDOM OF TREES,Pattern 13.1 — Basic Tree DFS,893C,Rumor,"dfs and similar, graphs, greedy",25,20,https://codeforces.com/problemset/problem/893/C
Unsolved,KINGDOM 13 — THE KINGDOM OF TREES,Pattern 13.1 — Basic Tree DFS,920E,Connected Components?,"data structures, dfs and similar, dsu, graphs",90,80,https://codeforces.com/problemset/problem/920/E
Unsolved,KINGDOM 13 — THE KINGDOM OF TREES,Pattern 13.1 — Basic Tree DFS,987D,UNKNOWN,UNKNOWN,UNKNOWN,UNKNOWN,https://codeforces.com/problemset/problem/987/D
Unsolved,KINGDOM 13 — THE KINGDOM OF TREES,Pattern 13.1 — Basic Tree DFS,1029E,Tree with Small Distances,"dp, graphs, greedy",90,80,https://codeforces.com/problemset/problem/1029/E
Unsolved,KINGDOM 13 — THE KINGDOM OF TREES,Pattern 13.1 — Basic Tree DFS,1118F1,Tree Cutting (Easy Version),"dfs and similar, trees",60,55,https://codeforces.com/problemset/problem/1118/F1
Unsolved,KINGDOM 13 — THE KINGDOM OF TREES,Pattern 13.1 — Basic Tree DFS,1139C,Edgy Trees,"dfs and similar, dsu, graphs, math, trees",40,35,https://codeforces.com/problemset/problem/1139/C
Unsolved,KINGDOM 13 — THE KINGDOM OF TREES,Pattern 13.1 — Basic Tree DFS,1187E,Tree Painting,"dfs and similar, dp, trees",90,80,https://codeforces.com/problemset/problem/1187/E
Unsolved,KINGDOM 13 — THE KINGDOM OF TREES,Pattern 13.2 — Tree Traversal,682C,Alyona and the Tree,"dfs and similar, dp, graphs, trees",40,35,https://codeforces.com/problemset/problem/682/C
Unsolved,KINGDOM 13 — THE KINGDOM OF TREES,Pattern 13.2 — Tree Traversal,734E,Anton and Tree,"dfs and similar, dp, trees",90,80,https://codeforces.com/problemset/problem/734/E
Unsolved,KINGDOM 13 — THE KINGDOM OF TREES,Pattern 13.2 — Tree Traversal,980E,The Number Games,"data structures, greedy, trees",90,80,https://codeforces.com/problemset/problem/980/E
Unsolved,KINGDOM 13 — THE KINGDOM OF TREES,Pattern 13.2 — Tree Traversal,1286B,Numbers on Tree,"constructive algorithms, data structures, dfs and similar, graphs, greedy, trees",60,55,https://codeforces.com/problemset/problem/1286/B
Unsolved,KINGDOM 13 — THE KINGDOM OF TREES,Pattern 13.2 — Tree Traversal,1328E,Tree Queries,"dfs and similar, graphs, trees",60,55,https://codeforces.com/problemset/problem/1328/E
Unsolved,KINGDOM 13 — THE KINGDOM OF TREES,Pattern 13.2 — Tree Traversal,1363E,Tree Shuffling,"dfs and similar, dp, greedy, trees",90,80,https://codeforces.com/problemset/problem/1363/E
Unsolved,KINGDOM 13 — THE KINGDOM OF TREES,Pattern 13.2 — Tree Traversal,1385F,Removing Leaves,"data structures, greedy, implementation, trees",120,110,https://codeforces.com/problemset/problem/1385/F
Unsolved,KINGDOM 13 — THE KINGDOM OF TREES,Pattern 13.3 — Tree DP,274B,Zero Tree,"dfs and similar, dp, greedy, trees",60,55,https://codeforces.com/problemset/problem/274/B
Unsolved,KINGDOM 13 — THE KINGDOM OF TREES,Pattern 13.3 — Tree DP,543D,Road Improvement,"dp, trees",120,110,https://codeforces.com/problemset/problem/543/D
Unsolved,KINGDOM 13 — THE KINGDOM OF TREES,Pattern 13.3 — Tree DP,960E,Alternating Tree,"combinatorics, dfs and similar, divide and conquer, dp, probabilities, trees",120,110,https://codeforces.com/problemset/problem/960/E
Unsolved,KINGDOM 13 — THE KINGDOM OF TREES,Pattern 13.3 — Tree DP,1099F,Cookies,"binary search, data structures, dfs and similar, dp, games, trees",120,110,https://codeforces.com/problemset/problem/1099/F
Unsolved,KINGDOM 13 — THE KINGDOM OF TREES,Pattern 13.3 — Tree DP,1118F2,Tree Cutting (Hard Version),"combinatorics, dfs and similar, dp, trees",180,150,https://codeforces.com/problemset/problem/1118/F2
Unsolved,KINGDOM 13 — THE KINGDOM OF TREES,Pattern 13.3 — Tree DP,1131F,Asya And Kittens,"constructive algorithms, dsu",60,55,https://codeforces.com/problemset/problem/1131/F
Unsolved,KINGDOM 13 — THE KINGDOM OF TREES,Pattern 13.3 — Tree DP,1280C,Jeremy Bearimy,"dfs and similar, graphs, greedy, trees",90,80,https://codeforces.com/problemset/problem/1280/C
Unsolved,KINGDOM 13 — THE KINGDOM OF TREES,Pattern 13.3 — Tree DP,1324F,Maximum White Subtree,"dfs and similar, dp, graphs, trees",60,55,https://codeforces.com/problemset/problem/1324/F
Unsolved,KINGDOM 13 — THE KINGDOM OF TREES,Pattern 13.3 — Tree DP,1528A,Parsa's Humongous Tree,"dfs and similar, divide and conquer, dp, greedy, trees",40,35,https://codeforces.com/problemset/problem/1528/A
Unsolved,KINGDOM 13 — THE KINGDOM OF TREES,Pattern 13.3 — Tree DP,1593E,Gardener and Tree,"brute force, data structures, dfs and similar, greedy, implementation, trees",40,35,https://codeforces.com/problemset/problem/1593/E
Unsolved,KINGDOM 13 — THE KINGDOM OF TREES,Pattern 13.4 — Binary Lifting (LCA),208E,Blood Cousins,"binary search, data structures, dfs and similar, trees",90,80,https://codeforces.com/problemset/problem/208/E
Unsolved,KINGDOM 13 — THE KINGDOM OF TREES,Pattern 13.4 — Binary Lifting (LCA),519E,A and B and Lecture Rooms,"binary search, data structures, dfs and similar, dp, trees",90,80,https://codeforces.com/problemset/problem/519/E
Unsolved,KINGDOM 13 — THE KINGDOM OF TREES,Pattern 13.4 — Binary Lifting (LCA),587C,Duff in the Army,"data structures, trees",90,80,https://codeforces.com/problemset/problem/587/C
Unsolved,KINGDOM 13 — THE KINGDOM OF TREES,Pattern 13.4 — Binary Lifting (LCA),609E,Minimum spanning tree for each edge,"data structures, dfs and similar, dsu, graphs, trees",90,80,https://codeforces.com/problemset/problem/609/E
Unsolved,KINGDOM 13 — THE KINGDOM OF TREES,Pattern 13.4 — Binary Lifting (LCA),832D,"Misha, Grisha and Underground","dfs and similar, graphs, trees",60,55,https://codeforces.com/problemset/problem/832/D
Unsolved,KINGDOM 13 — THE KINGDOM OF TREES,Pattern 13.4 — Binary Lifting (LCA),916E,Jamie and Tree,"data structures, trees",120,110,https://codeforces.com/problemset/problem/916/E
Unsolved,KINGDOM 13 — THE KINGDOM OF TREES,Pattern 13.4 — Binary Lifting (LCA),1304E,1-Trees and Queries,"data structures, dfs and similar, shortest paths, trees",90,80,https://codeforces.com/problemset/problem/1304/E
Unsolved,KINGDOM 13 — THE KINGDOM OF TREES,Pattern 13.4 — Binary Lifting (LCA),1702G1,Passable Paths (easy version),"dfs and similar, trees",60,55,https://codeforces.com/problemset/problem/1702/G1
Unsolved,KINGDOM 13 — THE KINGDOM OF TREES,Pattern 13.4 — Binary Lifting (LCA),1702G2,Passable Paths (hard version),"data structures, dfs and similar, trees",90,80,https://codeforces.com/problemset/problem/1702/G2
Unsolved,KINGDOM 13 — THE KINGDOM OF TREES,Pattern 13.5 — Rerooting DP,1092F,Tree with Maximum Cost,"dfs and similar, dp, trees",60,55,https://codeforces.com/problemset/problem/1092/F
Unsolved,KINGDOM 13 — THE KINGDOM OF TREES,Pattern 13.5 — Rerooting DP,1388C,Uncle Bogdan and Country Happiness,"dfs and similar, greedy, math, trees",60,55,https://codeforces.com/problemset/problem/1388/C
Unsolved,KINGDOM 13 — THE KINGDOM OF TREES,Pattern 13.5 — Rerooting DP,1485E,Move and Swap,"dfs and similar, dp, greedy, trees",120,110,https://codeforces.com/problemset/problem/1485/E
Unsolved,KINGDOM 13 — THE KINGDOM OF TREES,Pattern 13.6 — Euler Tour,570D,Tree Requests,"binary search, bitmasks, constructive algorithms, dfs and similar, graphs, trees",90,80,https://codeforces.com/problemset/problem/570/D
Unsolved,KINGDOM 13 — THE KINGDOM OF TREES,Pattern 13.6 — Euler Tour,620E,New Year Tree,"bitmasks, data structures, trees",90,80,https://codeforces.com/problemset/problem/620/E
Unsolved,KINGDOM 13 — THE KINGDOM OF TREES,Pattern 13.6 — Euler Tour,877E,Danil and a Part-time Job,"bitmasks, data structures, trees",90,80,https://codeforces.com/problemset/problem/877/E
Unsolved,KINGDOM 13 — THE KINGDOM OF TREES,Pattern 13.6 — Euler Tour,1000E,We Need More Bosses,"dfs and similar, graphs, trees",90,80,https://codeforces.com/problemset/problem/1000/E
Unsolved,KINGDOM 13 — THE KINGDOM OF TREES,Pattern 13.6 — Euler Tour,1110F,Nearest Leaf,"data structures, trees",180,150,https://codeforces.com/problemset/problem/1110/F
Unsolved,KINGDOM 14 — THE KINGDOM OF GRAPH TRAVERSAL (DFS & BFS),Pattern 14.1 — Connected Components,217A,Ice Skating,"brute force, dfs and similar, dsu, graphs",25,20,https://codeforces.com/problemset/problem/217/A
Unsolved,KINGDOM 14 — THE KINGDOM OF GRAPH TRAVERSAL (DFS & BFS),Pattern 14.1 — Connected Components,445B,DZY Loves Chemistry,"dfs and similar, dsu, greedy",40,35,https://codeforces.com/problemset/problem/445/B
Unsolved,KINGDOM 14 — THE KINGDOM OF GRAPH TRAVERSAL (DFS & BFS),Pattern 14.1 — Connected Components,510B,Fox And Two Dots,dfs and similar,40,35,https://codeforces.com/problemset/problem/510/B
Unsolved,KINGDOM 14 — THE KINGDOM OF GRAPH TRAVERSAL (DFS & BFS),Pattern 14.1 — Connected Components,659E,New Reform,"data structures, dfs and similar, dsu, graphs, greedy",40,35,https://codeforces.com/problemset/problem/659/E
Unsolved,KINGDOM 14 — THE KINGDOM OF GRAPH TRAVERSAL (DFS & BFS),Pattern 14.1 — Connected Components,755C,PolandBall and Forest,"dfs and similar, dsu, graphs, interactive, trees",25,20,https://codeforces.com/problemset/problem/755/C
Unsolved,KINGDOM 14 — THE KINGDOM OF GRAPH TRAVERSAL (DFS & BFS),Pattern 14.1 — Connected Components,999E,Reachability from the Capital,"dfs and similar, graphs, greedy",90,80,https://codeforces.com/problemset/problem/999/E
Unsolved,KINGDOM 14 — THE KINGDOM OF GRAPH TRAVERSAL (DFS & BFS),Pattern 14.1 — Connected Components,103B,Cthulhu,"dfs and similar, dsu, graphs",40,35,https://codeforces.com/problemset/problem/103/B
Unsolved,KINGDOM 14 — THE KINGDOM OF GRAPH TRAVERSAL (DFS & BFS),Pattern 14.1 — Connected Components,1243D,UNKNOWN,UNKNOWN,UNKNOWN,UNKNOWN,https://codeforces.com/problemset/problem/1243/D
Unsolved,KINGDOM 14 — THE KINGDOM OF GRAPH TRAVERSAL (DFS & BFS),Pattern 14.2 — DFS,1027D,Mouse Hunt,"dfs and similar, graphs",60,55,https://codeforces.com/problemset/problem/1027/D
Unsolved,KINGDOM 14 — THE KINGDOM OF GRAPH TRAVERSAL (DFS & BFS),Pattern 14.2 — DFS,1481D,AB Graph,"brute force, constructive algorithms, graphs, greedy, implementation",90,80,https://codeforces.com/problemset/problem/1481/D
Unsolved,KINGDOM 14 — THE KINGDOM OF GRAPH TRAVERSAL (DFS & BFS),Pattern 14.4 — Topological Sort,510C,Fox And Names,"dfs and similar, graphs, sortings",40,35,https://codeforces.com/problemset/problem/510/C
Unsolved,KINGDOM 14 — THE KINGDOM OF GRAPH TRAVERSAL (DFS & BFS),Pattern 14.4 — Topological Sort,769C,Cycle In Maze,"*special, dfs and similar, graphs, greedy, shortest paths",60,55,https://codeforces.com/problemset/problem/769/C
Unsolved,KINGDOM 14 — THE KINGDOM OF GRAPH TRAVERSAL (DFS & BFS),Pattern 14.4 — Topological Sort,915D,Almost Acyclic Graph,"dfs and similar, graphs",90,80,https://codeforces.com/problemset/problem/915/D
Unsolved,KINGDOM 14 — THE KINGDOM OF GRAPH TRAVERSAL (DFS & BFS),Pattern 14.4 — Topological Sort,1037D,Valid BFS?,"dfs and similar, graphs, shortest paths, trees",60,55,https://codeforces.com/problemset/problem/1037/D
Unsolved,KINGDOM 14 — THE KINGDOM OF GRAPH TRAVERSAL (DFS & BFS),Pattern 14.4 — Topological Sort,1063B,Labyrinth,"graphs, shortest paths",60,55,https://codeforces.com/problemset/problem/1063/B
Unsolved,KINGDOM 14 — THE KINGDOM OF GRAPH TRAVERSAL (DFS & BFS),Pattern 14.4 — Topological Sort,1100E,Andrew and Taxi,"binary search, dfs and similar, graphs",90,80,https://codeforces.com/problemset/problem/1100/E
Unsolved,KINGDOM 14 — THE KINGDOM OF GRAPH TRAVERSAL (DFS & BFS),Pattern 14.4 — Topological Sort,1385E,Directing Edges,"constructive algorithms, dfs and similar, graphs",90,80,https://codeforces.com/problemset/problem/1385/E
Unsolved,KINGDOM 14 — THE KINGDOM OF GRAPH TRAVERSAL (DFS & BFS),Pattern 14.5 — Cycle Detection,1364D,Ehab's Last Corollary,"constructive algorithms, dfs and similar, graphs, greedy, implementation, trees",90,80,https://codeforces.com/problemset/problem/1364/D
Unsolved,KINGDOM 14 — THE KINGDOM OF GRAPH TRAVERSAL (DFS & BFS),Pattern 14.5 — Cycle Detection,1679D,Toss a Coin to Your Graph...,"binary search, dfs and similar, dp, graphs",60,55,https://codeforces.com/problemset/problem/1679/D
Unsolved,KINGDOM 14 — THE KINGDOM OF GRAPH TRAVERSAL (DFS & BFS),Pattern 14.6 — Bipartite Graph,687A,NP-Hard Problem,"dfs and similar, graphs",40,35,https://codeforces.com/problemset/problem/687/A
Unsolved,KINGDOM 14 — THE KINGDOM OF GRAPH TRAVERSAL (DFS & BFS),Pattern 14.6 — Bipartite Graph,741C,Arpa’s overnight party and Mehrdad’s silent entering,"constructive algorithms, dfs and similar, graphs",180,150,https://codeforces.com/problemset/problem/741/C
Unsolved,KINGDOM 14 — THE KINGDOM OF GRAPH TRAVERSAL (DFS & BFS),Pattern 14.6 — Bipartite Graph,1144F,Graph Without Long Directed Paths,"dfs and similar, graphs",60,55,https://codeforces.com/problemset/problem/1144/F
Unsolved,KINGDOM 14 — THE KINGDOM OF GRAPH TRAVERSAL (DFS & BFS),Pattern 14.6 — Bipartite Graph,1354E,Graph Coloring,"dfs and similar, dp, graphs",90,80,https://codeforces.com/problemset/problem/1354/E
Unsolved,KINGDOM 14 — THE KINGDOM OF GRAPH TRAVERSAL (DFS & BFS),Pattern 14.6 — Bipartite Graph,1702E,Split Into Two Sets,"dfs and similar, dsu, graphs",40,35,https://codeforces.com/problemset/problem/1702/E
Unsolved,KINGDOM 15 — THE KINGDOM OF SHORTEST PATHS,Pattern 15.1 — Standard Dijkstra,20C,Dijkstra?,"graphs, shortest paths",60,55,https://codeforces.com/problemset/problem/20/C
Unsolved,KINGDOM 15 — THE KINGDOM OF SHORTEST PATHS,Pattern 15.1 — Standard Dijkstra,229B,Planets,"binary search, data structures, graphs, shortest paths",60,55,https://codeforces.com/problemset/problem/229/B
Unsolved,KINGDOM 15 — THE KINGDOM OF SHORTEST PATHS,Pattern 15.1 — Standard Dijkstra,449B,Jzzhu and Cities,"graphs, greedy, shortest paths",90,80,https://codeforces.com/problemset/problem/449/B
Unsolved,KINGDOM 15 — THE KINGDOM OF SHORTEST PATHS,Pattern 15.1 — Standard Dijkstra,545E,Paths and Trees,"graphs, greedy, shortest paths",90,80,https://codeforces.com/problemset/problem/545/E
Unsolved,KINGDOM 15 — THE KINGDOM OF SHORTEST PATHS,Pattern 15.1 — Standard Dijkstra,938D,Buy a Ticket,"data structures, graphs, shortest paths",90,80,https://codeforces.com/problemset/problem/938/D
Unsolved,KINGDOM 15 — THE KINGDOM OF SHORTEST PATHS,Pattern 15.1 — Standard Dijkstra,1076D,Edge Deletion,"graphs, greedy, shortest paths",60,55,https://codeforces.com/problemset/problem/1076/D
Unsolved,KINGDOM 15 — THE KINGDOM OF SHORTEST PATHS,Pattern 15.1 — Standard Dijkstra,1422D,Returning Home,"graphs, shortest paths, sortings",120,110,https://codeforces.com/problemset/problem/1422/D
Unsolved,KINGDOM 15 — THE KINGDOM OF SHORTEST PATHS,Pattern 15.3 — 0-1 BFS,1433G,Reducing Delivery Cost,"brute force, graphs, shortest paths",90,80,https://codeforces.com/problemset/problem/1433/G
Unsolved,KINGDOM 15 — THE KINGDOM OF SHORTEST PATHS,Pattern 15.3 — 0-1 BFS,1705E,Mark and Professor Koro,"binary search, bitmasks, brute force, combinatorics, data structures, greedy",120,110,https://codeforces.com/problemset/problem/1705/E
Unsolved,KINGDOM 15 — THE KINGDOM OF SHORTEST PATHS,Pattern 15.4 — Bellman-Ford / Negative Edges,59E,Shortest Path,"graphs, shortest paths",90,80,https://codeforces.com/problemset/problem/59/E
Unsolved,KINGDOM 15 — THE KINGDOM OF SHORTEST PATHS,Pattern 15.4 — Bellman-Ford / Negative Edges,567E,President and Roads,"dfs and similar, graphs, hashing, shortest paths",90,80,https://codeforces.com/problemset/problem/567/E
Unsolved,KINGDOM 15 — THE KINGDOM OF SHORTEST PATHS,Pattern 15.4 — Bellman-Ford / Negative Edges,1074D,UNKNOWN,UNKNOWN,UNKNOWN,UNKNOWN,https://codeforces.com/problemset/problem/1074/D
Unsolved,KINGDOM 15 — THE KINGDOM OF SHORTEST PATHS,Pattern 15.4 — Bellman-Ford / Negative Edges,1209F,Koala and Notebook,"data structures, dfs and similar, graphs, shortest paths, strings, trees",180,150,https://codeforces.com/problemset/problem/1209/F
Unsolved,KINGDOM 15 — THE KINGDOM OF SHORTEST PATHS,Pattern 15.4 — Bellman-Ford / Negative Edges,1394A,Boboniu Chats with Du,"dp, greedy, sortings, two pointers",60,55,https://codeforces.com/problemset/problem/1394/A
Unsolved,KINGDOM 15 — THE KINGDOM OF SHORTEST PATHS,Pattern 15.5 — Floyd Warshall,295B,Greg and Graph,"dp, graphs, shortest paths",60,55,https://codeforces.com/problemset/problem/295/B
Unsolved,KINGDOM 15 — THE KINGDOM OF SHORTEST PATHS,Pattern 15.5 — Floyd Warshall,400D,Dima and Bacteria,"dsu, graphs, shortest paths",90,80,https://codeforces.com/problemset/problem/400/D
Unsolved,KINGDOM 15 — THE KINGDOM OF SHORTEST PATHS,Pattern 15.5 — Floyd Warshall,1205B,Shortest Cycle,"bitmasks, brute force, graphs, shortest paths",60,55,https://codeforces.com/problemset/problem/1205/B
Unsolved,KINGDOM 16 — THE KINGDOM OF DSU & MINIMUM SPANNING TREE,Pattern 16.1 — Basic DSU,939D,Love Rescue,"dfs and similar, dsu, graphs, greedy, strings",40,35,https://codeforces.com/problemset/problem/939/D
Unsolved,KINGDOM 16 — THE KINGDOM OF DSU & MINIMUM SPANNING TREE,Pattern 16.1 — Basic DSU,1167C,News Distribution,"dfs and similar, dsu, graphs",40,35,https://codeforces.com/problemset/problem/1167/C
Unsolved,KINGDOM 16 — THE KINGDOM OF DSU & MINIMUM SPANNING TREE,Pattern 16.1 — Basic DSU,1249B1,Books Exchange (easy version),"dsu, math",15,10,https://codeforces.com/problemset/problem/1249/B1
Unsolved,KINGDOM 16 — THE KINGDOM OF DSU & MINIMUM SPANNING TREE,Pattern 16.1 — Basic DSU,1249B2,Books Exchange (hard version),"dfs and similar, dsu, math",25,20,https://codeforces.com/problemset/problem/1249/B2
Unsolved,KINGDOM 16 — THE KINGDOM OF DSU & MINIMUM SPANNING TREE,Pattern 16.1 — Basic DSU,1263D,Secret Passwords,"dfs and similar, dsu, graphs",40,35,https://codeforces.com/problemset/problem/1263/D
Unsolved,KINGDOM 16 — THE KINGDOM OF DSU & MINIMUM SPANNING TREE,Pattern 16.1 — Basic DSU,1383A,String Transformation 1,"dsu, graphs, greedy, sortings, strings, trees, two pointers",60,55,https://codeforces.com/problemset/problem/1383/A
Unsolved,KINGDOM 16 — THE KINGDOM OF DSU & MINIMUM SPANNING TREE,Pattern 16.1 — Basic DSU,1609D,Social Network,"dsu, graphs, greedy, implementation, trees",40,35,https://codeforces.com/problemset/problem/1609/D
Unsolved,KINGDOM 16 — THE KINGDOM OF DSU & MINIMUM SPANNING TREE,Pattern 16.2 — Union Find Applications,25D,Roads not only in Berland,"dsu, graphs, trees",60,55,https://codeforces.com/problemset/problem/25/D
Unsolved,KINGDOM 16 — THE KINGDOM OF DSU & MINIMUM SPANNING TREE,Pattern 16.2 — Union Find Applications,277A,Learning Languages,"dfs and similar, dsu",40,35,https://codeforces.com/problemset/problem/277/A
Unsolved,KINGDOM 16 — THE KINGDOM OF DSU & MINIMUM SPANNING TREE,Pattern 16.2 — Union Find Applications,500B,New Year Permutation,"dfs and similar, dsu, graphs, greedy, math, sortings",40,35,https://codeforces.com/problemset/problem/500/B
Unsolved,KINGDOM 16 — THE KINGDOM OF DSU & MINIMUM SPANNING TREE,Pattern 16.2 — Union Find Applications,653D,Delivery Bears,"binary search, flows, graphs",90,80,https://codeforces.com/problemset/problem/653/D
Unsolved,KINGDOM 16 — THE KINGDOM OF DSU & MINIMUM SPANNING TREE,Pattern 16.2 — Union Find Applications,891C,Envy,"data structures, dsu, graphs",120,110,https://codeforces.com/problemset/problem/891/C
Unsolved,KINGDOM 16 — THE KINGDOM OF DSU & MINIMUM SPANNING TREE,Pattern 16.2 — Union Find Applications,1131D,Gourmet choice,"dfs and similar, dp, dsu, graphs, greedy",90,80,https://codeforces.com/problemset/problem/1131/D
Unsolved,KINGDOM 16 — THE KINGDOM OF DSU & MINIMUM SPANNING TREE,Pattern 16.2 — Union Find Applications,1253D,Harmonious Graph,"constructive algorithms, dfs and similar, dsu, graphs, greedy, sortings",60,55,https://codeforces.com/problemset/problem/1253/D
Unsolved,KINGDOM 16 — THE KINGDOM OF DSU & MINIMUM SPANNING TREE,Pattern 16.2 — Union Find Applications,1466F,Euclid's nightmare,"bitmasks, dfs and similar, dsu, graphs, greedy, math, sortings",90,80,https://codeforces.com/problemset/problem/1466/F
Unsolved,KINGDOM 16 — THE KINGDOM OF DSU & MINIMUM SPANNING TREE,Pattern 16.3 — Kruskal's MST,1095F,Make It Connected,"dsu, graphs, greedy",60,55,https://codeforces.com/problemset/problem/1095/F
Unsolved,KINGDOM 16 — THE KINGDOM OF DSU & MINIMUM SPANNING TREE,Pattern 16.3 — Kruskal's MST,1245D,Shichikuji and Power Grid,"dsu, graphs, greedy, shortest paths, trees",60,55,https://codeforces.com/problemset/problem/1245/D
Unsolved,KINGDOM 16 — THE KINGDOM OF DSU & MINIMUM SPANNING TREE,Pattern 16.3 — Kruskal's MST,1468J,Road Reform,"dsu, graphs, greedy",60,55,https://codeforces.com/problemset/problem/1468/J
Unsolved,KINGDOM 16 — THE KINGDOM OF DSU & MINIMUM SPANNING TREE,Pattern 16.3 — Kruskal's MST,160D,Edges in MST,"dfs and similar, dsu, graphs, sortings",120,110,https://codeforces.com/problemset/problem/160/D
Unsolved,KINGDOM 16 — THE KINGDOM OF DSU & MINIMUM SPANNING TREE,Pattern 16.5 — Offline DSU,1416D,Graph and Queries,"data structures, dsu, graphs, implementation, trees",180,150,https://codeforces.com/problemset/problem/1416/D
Unsolved,KINGDOM 16 — THE KINGDOM OF DSU & MINIMUM SPANNING TREE,Pattern 16.5 — Offline DSU,1559D1,Mocha and Diana (Easy Version),"brute force, constructive algorithms, dsu, graphs, greedy, trees",40,35,https://codeforces.com/problemset/problem/1559/D1
Unsolved,KINGDOM 16 — THE KINGDOM OF DSU & MINIMUM SPANNING TREE,Pattern 16.5 — Offline DSU,1559D2,Mocha and Diana (Hard Version),"brute force, constructive algorithms, dfs and similar, dsu, graphs, greedy, trees, two pointers",120,110,https://codeforces.com/problemset/problem/1559/D2
Unsolved,KINGDOM 17 — THE KINGDOM OF DYNAMIC PROGRAMMING,Pattern 17.1 — Introduction to DP (1D DP),189A,Cut Ribbon,"brute force, dp",25,20,https://codeforces.com/problemset/problem/189/A
Unsolved,KINGDOM 17 — THE KINGDOM OF DYNAMIC PROGRAMMING,Pattern 17.1 — Introduction to DP (1D DP),455A,Boredom,dp,40,35,https://codeforces.com/problemset/problem/455/A
Unsolved,KINGDOM 17 — THE KINGDOM OF DYNAMIC PROGRAMMING,Pattern 17.1 — Introduction to DP (1D DP),474D,Flowers,dp,60,55,https://codeforces.com/problemset/problem/474/D
Unsolved,KINGDOM 17 — THE KINGDOM OF DYNAMIC PROGRAMMING,Pattern 17.1 — Introduction to DP (1D DP),698A,Vacations,dp,40,35,https://codeforces.com/problemset/problem/698/A
Unsolved,KINGDOM 17 — THE KINGDOM OF DYNAMIC PROGRAMMING,Pattern 17.1 — Introduction to DP (1D DP),706C,Hard problem,"dp, strings",40,35,https://codeforces.com/problemset/problem/706/C
Unsolved,KINGDOM 17 — THE KINGDOM OF DYNAMIC PROGRAMMING,Pattern 17.1 — Introduction to DP (1D DP),1249E,By Elevator or Stairs?,"dp, shortest paths",60,55,https://codeforces.com/problemset/problem/1249/E
Unsolved,KINGDOM 17 — THE KINGDOM OF DYNAMIC PROGRAMMING,Pattern 17.1 — Introduction to DP (1D DP),1282B2,K for the Price of One (Hard Version),"dp, greedy, sortings",40,35,https://codeforces.com/problemset/problem/1282/B2
Unsolved,KINGDOM 17 — THE KINGDOM OF DYNAMIC PROGRAMMING,Pattern 17.1 — Introduction to DP (1D DP),1355A,Sequence with Digits,"brute force, implementation, math",25,20,https://codeforces.com/problemset/problem/1355/A
Unsolved,KINGDOM 17 — THE KINGDOM OF DYNAMIC PROGRAMMING,Pattern 17.1 — Introduction to DP (1D DP),1359C,Mixing Water,"binary search, math",60,55,https://codeforces.com/problemset/problem/1359/C
Unsolved,KINGDOM 17 — THE KINGDOM OF DYNAMIC PROGRAMMING,Pattern 17.1 — Introduction to DP (1D DP),1455D,Sequence and Swaps,"dp, greedy, sortings",40,35,https://codeforces.com/problemset/problem/1455/D
Unsolved,KINGDOM 17 — THE KINGDOM OF DYNAMIC PROGRAMMING,Pattern 17.1 — Introduction to DP (1D DP),1467C,Three Bags,"constructive algorithms, greedy",60,55,https://codeforces.com/problemset/problem/1467/C
Unsolved,KINGDOM 17 — THE KINGDOM OF DYNAMIC PROGRAMMING,Pattern 17.1 — Introduction to DP (1D DP),1472C,Long Jumps,"dp, graphs",25,20,https://codeforces.com/problemset/problem/1472/C
Unsolved,KINGDOM 17 — THE KINGDOM OF DYNAMIC PROGRAMMING,Pattern 17.1 — Introduction to DP (1D DP),1525D,Armchairs,"dp, flows, graph matchings, greedy",60,55,https://codeforces.com/problemset/problem/1525/D
Unsolved,KINGDOM 17 — THE KINGDOM OF DYNAMIC PROGRAMMING,Pattern 17.2 — Knapsack DP,366C,Dima and Salad,dp,60,55,https://codeforces.com/problemset/problem/366/C
Unsolved,KINGDOM 17 — THE KINGDOM OF DYNAMIC PROGRAMMING,Pattern 17.2 — Knapsack DP,543A,Writing Code,dp,60,55,https://codeforces.com/problemset/problem/543/A
Unsolved,KINGDOM 17 — THE KINGDOM OF DYNAMIC PROGRAMMING,Pattern 17.2 — Knapsack DP,837D,Round Subset,"dp, math",90,80,https://codeforces.com/problemset/problem/837/D
Unsolved,KINGDOM 17 — THE KINGDOM OF DYNAMIC PROGRAMMING,Pattern 17.2 — Knapsack DP,1155D,Beautiful Array,"brute force, data structures, divide and conquer, dp, greedy",60,55,https://codeforces.com/problemset/problem/1155/D
Unsolved,KINGDOM 17 — THE KINGDOM OF DYNAMIC PROGRAMMING,Pattern 17.2 — Knapsack DP,1433F,Zero Remainder Sum ,dp,90,80,https://codeforces.com/problemset/problem/1433/F
Unsolved,KINGDOM 17 — THE KINGDOM OF DYNAMIC PROGRAMMING,Pattern 17.2 — Knapsack DP,1458B,Glass Half Spilled,dp,90,80,https://codeforces.com/problemset/problem/1458/B
Unsolved,KINGDOM 17 — THE KINGDOM OF DYNAMIC PROGRAMMING,Pattern 17.2 — Knapsack DP,148E,Porcelain,dp,60,55,https://codeforces.com/problemset/problem/148/E
Unsolved,KINGDOM 17 — THE KINGDOM OF DYNAMIC PROGRAMMING,Pattern 17.2 — Knapsack DP,1633D,Make Them Equal,"dp, greedy",40,35,https://codeforces.com/problemset/problem/1633/D
Unsolved,KINGDOM 17 — THE KINGDOM OF DYNAMIC PROGRAMMING,Pattern 17.3 — Grid DP,2B,The least round way,"dp, math",90,80,https://codeforces.com/problemset/problem/2/B
Unsolved,KINGDOM 17 — THE KINGDOM OF DYNAMIC PROGRAMMING,Pattern 17.3 — Grid DP,429B,Working out,dp,40,35,https://codeforces.com/problemset/problem/429/B
Unsolved,KINGDOM 17 — THE KINGDOM OF DYNAMIC PROGRAMMING,Pattern 17.3 — Grid DP,677D,Vanya and Treasure,"data structures, dp, graphs, shortest paths",120,110,https://codeforces.com/problemset/problem/677/D
Unsolved,KINGDOM 17 — THE KINGDOM OF DYNAMIC PROGRAMMING,Pattern 17.3 — Grid DP,864E,Fire,"dp, sortings",90,80,https://codeforces.com/problemset/problem/864/E
Unsolved,KINGDOM 17 — THE KINGDOM OF DYNAMIC PROGRAMMING,Pattern 17.3 — Grid DP,954F,Runner's Problem,"dp, matrices, sortings",90,80,https://codeforces.com/problemset/problem/954/F
Unsolved,KINGDOM 17 — THE KINGDOM OF DYNAMIC PROGRAMMING,Pattern 17.3 — Grid DP,1246C,UNKNOWN,UNKNOWN,UNKNOWN,UNKNOWN,https://codeforces.com/problemset/problem/1246/C
Unsolved,KINGDOM 17 — THE KINGDOM OF DYNAMIC PROGRAMMING,Pattern 17.3 — Grid DP,1353F,Decreasing Heights,"brute force, dp",90,80,https://codeforces.com/problemset/problem/1353/F
Unsolved,KINGDOM 17 — THE KINGDOM OF DYNAMIC PROGRAMMING,Pattern 17.3 — Grid DP,1391D,505,"bitmasks, brute force, constructive algorithms, dp, greedy, implementation",90,80,https://codeforces.com/problemset/problem/1391/D
Unsolved,KINGDOM 17 — THE KINGDOM OF DYNAMIC PROGRAMMING,Pattern 17.3 — Grid DP,1525E,Assimilation IV,"combinatorics, dp, math, probabilities, two pointers",90,80,https://codeforces.com/problemset/problem/1525/E
Unsolved,KINGDOM 17 — THE KINGDOM OF DYNAMIC PROGRAMMING,Pattern 17.4 — Interval DP,607B,Zuma,dp,60,55,https://codeforces.com/problemset/problem/607/B
Unsolved,KINGDOM 17 — THE KINGDOM OF DYNAMIC PROGRAMMING,Pattern 17.4 — Interval DP,1132C,Painting the Fence,brute force,60,55,https://codeforces.com/problemset/problem/1132/C
Unsolved,KINGDOM 17 — THE KINGDOM OF DYNAMIC PROGRAMMING,Pattern 17.4 — Interval DP,1312E,Array Shrinking,"dp, greedy",90,80,https://codeforces.com/problemset/problem/1312/E
Unsolved,KINGDOM 17 — THE KINGDOM OF DYNAMIC PROGRAMMING,Pattern 17.4 — Interval DP,1509C,The Sports Festival,"dp, greedy",60,55,https://codeforces.com/problemset/problem/1509/C
Unsolved,KINGDOM 17 — THE KINGDOM OF DYNAMIC PROGRAMMING,Pattern 17.4 — Interval DP,1527E,Partition Game,"binary search, data structures, divide and conquer, dp",120,110,https://codeforces.com/problemset/problem/1527/E
Unsolved,KINGDOM 17 — THE KINGDOM OF DYNAMIC PROGRAMMING,Pattern 17.4 — Interval DP,1771D,Hossam and (sub-)palindromic tree,"brute force, data structures, dfs and similar, dp, strings, trees",90,80,https://codeforces.com/problemset/problem/1771/D
Unsolved,KINGDOM 17 — THE KINGDOM OF DYNAMIC PROGRAMMING,Pattern 17.5 — Digit DP,55D,Beautiful numbers,"dp, number theory",120,110,https://codeforces.com/problemset/problem/55/D
Unsolved,KINGDOM 17 — THE KINGDOM OF DYNAMIC PROGRAMMING,Pattern 17.5 — Digit DP,1036C,Classy Numbers,"combinatorics, dp",60,55,https://codeforces.com/problemset/problem/1036/C
Unsolved,KINGDOM 17 — THE KINGDOM OF DYNAMIC PROGRAMMING,Pattern 17.5 — Digit DP,431D,Random Task,"binary search, bitmasks, combinatorics, dp, math",90,80,https://codeforces.com/problemset/problem/431/D
Unsolved,KINGDOM 17 — THE KINGDOM OF DYNAMIC PROGRAMMING,Pattern 17.5 — Digit DP,628D,Magic Numbers,dp,90,80,https://codeforces.com/problemset/problem/628/D
Unsolved,KINGDOM 17 — THE KINGDOM OF DYNAMIC PROGRAMMING,Pattern 17.5 — Digit DP,855E,Salazar Slytherin's Locket,"bitmasks, dp",90,80,https://codeforces.com/problemset/problem/855/E
Unsolved,KINGDOM 17 — THE KINGDOM OF DYNAMIC PROGRAMMING,Pattern 17.5 — Digit DP,914C,Travelling Salesman and Special Numbers,"brute force, combinatorics, dp",60,55,https://codeforces.com/problemset/problem/914/C
Unsolved,KINGDOM 17 — THE KINGDOM OF DYNAMIC PROGRAMMING,Pattern 17.5 — Digit DP,1225D,Power Products,"hashing, math, number theory",60,55,https://codeforces.com/problemset/problem/1225/D
Unsolved,KINGDOM 17 — THE KINGDOM OF DYNAMIC PROGRAMMING,Pattern 17.6 — Bitmask DP,8C,Looking for Order,"bitmasks, dp",90,80,https://codeforces.com/problemset/problem/8/C
Unsolved,KINGDOM 17 — THE KINGDOM OF DYNAMIC PROGRAMMING,Pattern 17.6 — Bitmask DP,11D,A Simple Task,"bitmasks, dp, graphs",90,80,https://codeforces.com/problemset/problem/11/D
Unsolved,KINGDOM 17 — THE KINGDOM OF DYNAMIC PROGRAMMING,Pattern 17.6 — Bitmask DP,16E,Fish,"bitmasks, dp, probabilities",60,55,https://codeforces.com/problemset/problem/16/E
Unsolved,KINGDOM 17 — THE KINGDOM OF DYNAMIC PROGRAMMING,Pattern 17.6 — Bitmask DP,41D,Pawn,dp,60,55,https://codeforces.com/problemset/problem/41/D
Unsolved,KINGDOM 17 — THE KINGDOM OF DYNAMIC PROGRAMMING,Pattern 17.6 — Bitmask DP,321E,Ciel and Gondolas,"data structures, divide and conquer, dp",180,150,https://codeforces.com/problemset/problem/321/E
Unsolved,KINGDOM 17 — THE KINGDOM OF DYNAMIC PROGRAMMING,Pattern 17.8 — DP on DAG,721C,Journey,"dp, graphs",60,55,https://codeforces.com/problemset/problem/721/C
Unsolved,KINGDOM 17 — THE KINGDOM OF DYNAMIC PROGRAMMING,Pattern 17.8 — DP on DAG,919D,Substring,"dfs and similar, dp, graphs",60,55,https://codeforces.com/problemset/problem/919/D
Unsolved,KINGDOM 17 — THE KINGDOM OF DYNAMIC PROGRAMMING,Pattern 17.8 — DP on DAG,981C,Useful Decomposition,"implementation, trees",40,35,https://codeforces.com/problemset/problem/981/C
Unsolved,KINGDOM 17 — THE KINGDOM OF DYNAMIC PROGRAMMING,Pattern 17.9 — Probability DP,148D,Bag of mice,"dp, games, math, probabilities",60,55,https://codeforces.com/problemset/problem/148/D
Unsolved,KINGDOM 17 — THE KINGDOM OF DYNAMIC PROGRAMMING,Pattern 17.9 — Probability DP,235B,Let's Play Osu!,"dp, math, probabilities",90,80,https://codeforces.com/problemset/problem/235/B
Unsolved,KINGDOM 17 — THE KINGDOM OF DYNAMIC PROGRAMMING,Pattern 17.9 — Probability DP,540D,Bad Luck Island,"dp, probabilities",60,55,https://codeforces.com/problemset/problem/540/D
Unsolved,KINGDOM 17 — THE KINGDOM OF DYNAMIC PROGRAMMING,Pattern 17.9 — Probability DP,908D,New Year and Arbitrary Arrangement,"dp, math, probabilities",90,80,https://codeforces.com/problemset/problem/908/D
Unsolved,KINGDOM 17 — THE KINGDOM OF DYNAMIC PROGRAMMING,Pattern 17.9 — Probability DP,1265E,Beautiful Mirrors,"data structures, dp, math, probabilities",90,80,https://codeforces.com/problemset/problem/1265/E
Unsolved,KINGDOM 17 — THE KINGDOM OF DYNAMIC PROGRAMMING,Pattern 17.9 — Probability DP,1279D,Santa's Bot,"combinatorics, math, probabilities",60,55,https://codeforces.com/problemset/problem/1279/D
Unsolved,KINGDOM 17 — THE KINGDOM OF DYNAMIC PROGRAMMING,Pattern 17.10 — Prefix/Suffix DP,607A,Chain Reaction,"binary search, dp",40,35,https://codeforces.com/problemset/problem/607/A
Unsolved,KINGDOM 17 — THE KINGDOM OF DYNAMIC PROGRAMMING,Pattern 17.10 — Prefix/Suffix DP,1510D,Digits,"dp, math, number theory",90,80,https://codeforces.com/problemset/problem/1510/D
Unsolved,KINGDOM 17 — THE KINGDOM OF DYNAMIC PROGRAMMING,Pattern 17.12 — Optimization DP,319C,Kalila and Dimna in the Logging Industry,"dp, geometry",90,80,https://codeforces.com/problemset/problem/319/C
Unsolved,KINGDOM 17 — THE KINGDOM OF DYNAMIC PROGRAMMING,Pattern 17.12 — Optimization DP,631E,Product Sum,"data structures, dp, geometry",180,150,https://codeforces.com/problemset/problem/631/E
Unsolved,KINGDOM 17 — THE KINGDOM OF DYNAMIC PROGRAMMING,Pattern 17.12 — Optimization DP,868F,Yet Another Minimization Problem,"divide and conquer, dp",120,110,https://codeforces.com/problemset/problem/868/F
Unsolved,KINGDOM 17 — THE KINGDOM OF DYNAMIC PROGRAMMING,Pattern 17.12 — Optimization DP,1012E,Cycle sort,"dsu, math",240,220,https://codeforces.com/problemset/problem/1012/E
Unsolved,KINGDOM 17 — THE KINGDOM OF DYNAMIC PROGRAMMING,Pattern 17.12 — Optimization DP,1073E,Segment Sum,"bitmasks, combinatorics, dp, math",120,110,https://codeforces.com/problemset/problem/1073/E
Unsolved,KINGDOM 18 — THE KINGDOM OF DIVIDE & CONQUER,Pattern 18.2 — Merge Sort Applications,986B,Petr and Permutations,"combinatorics, math",60,55,https://codeforces.com/problemset/problem/986/B
Unsolved,KINGDOM 18 — THE KINGDOM OF DIVIDE & CONQUER,Pattern 18.3 — Divide & Conquer on Arrays,1455E,Four Points,"brute force, constructive algorithms, flows, geometry, greedy, implementation, math, ternary search",120,110,https://codeforces.com/problemset/problem/1455/E
Unsolved,KINGDOM 18 — THE KINGDOM OF DIVIDE & CONQUER,Pattern 18.4 — CDQ Divide & Conquer,1093E,Intersection of Permutations,data structures,120,110,https://codeforces.com/problemset/problem/1093/E
Unsolved,KINGDOM 18 — THE KINGDOM OF DIVIDE & CONQUER,Pattern 18.4 — CDQ Divide & Conquer,1260F,Colored Tree,"data structures, trees",180,150,https://codeforces.com/problemset/problem/1260/F
Unsolved,KINGDOM 18 — THE KINGDOM OF DIVIDE & CONQUER,Pattern 18.4 — CDQ Divide & Conquer,1404C,Fixed Point Removal,"binary search, constructive algorithms, data structures, greedy, two pointers",120,110,https://codeforces.com/problemset/problem/1404/C
Unsolved,KINGDOM 18 — THE KINGDOM OF DIVIDE & CONQUER,Pattern 18.4 — CDQ Divide & Conquer,1553F,Pairwise Modulo,"data structures, math",120,110,https://codeforces.com/problemset/problem/1553/F
Unsolved,KINGDOM 18 — THE KINGDOM OF DIVIDE & CONQUER,Pattern 18.4 — CDQ Divide & Conquer,1603C,Extreme Extension,"dp, greedy, math, number theory",120,110,https://codeforces.com/problemset/problem/1603/C
Unsolved,KINGDOM 19 — THE KINGDOM OF SEGMENT TREES,Pattern 19.1 — Basic Segment Tree,339D,Xenia and Bit Operations,"data structures, trees",60,55,https://codeforces.com/problemset/problem/339/D
Unsolved,KINGDOM 19 — THE KINGDOM OF SEGMENT TREES,Pattern 19.1 — Basic Segment Tree,52C,Circular RMQ,data structures,90,80,https://codeforces.com/problemset/problem/52/C
Unsolved,KINGDOM 19 — THE KINGDOM OF SEGMENT TREES,Pattern 19.1 — Basic Segment Tree,474E,Pillars,"binary search, data structures, dp, sortings, trees",90,80,https://codeforces.com/problemset/problem/474/E
Unsolved,KINGDOM 19 — THE KINGDOM OF SEGMENT TREES,Pattern 19.1 — Basic Segment Tree,558E,A Simple Task,"data structures, sortings, strings",120,110,https://codeforces.com/problemset/problem/558/E
Unsolved,KINGDOM 19 — THE KINGDOM OF SEGMENT TREES,Pattern 19.1 — Basic Segment Tree,863E,Turn Off The TV,"data structures, sortings",90,80,https://codeforces.com/problemset/problem/863/E
Unsolved,KINGDOM 19 — THE KINGDOM OF SEGMENT TREES,Pattern 19.1 — Basic Segment Tree,1114F,"Please, another Queries on Array?","bitmasks, data structures, divide and conquer, math, number theory",120,110,https://codeforces.com/problemset/problem/1114/F
Unsolved,KINGDOM 19 — THE KINGDOM OF SEGMENT TREES,Pattern 19.1 — Basic Segment Tree,1136E,Nastya Hasn't Written a Legend,"binary search, data structures",90,80,https://codeforces.com/problemset/problem/1136/E
Unsolved,KINGDOM 19 — THE KINGDOM OF SEGMENT TREES,Pattern 19.1 — Basic Segment Tree,1252G,Performance Review,data structures,90,80,https://codeforces.com/problemset/problem/1252/G
Unsolved,KINGDOM 19 — THE KINGDOM OF SEGMENT TREES,Pattern 19.1 — Basic Segment Tree,1278E,Tests for problem D,"constructive algorithms, dfs and similar, divide and conquer, trees",90,80,https://codeforces.com/problemset/problem/1278/E
Unsolved,KINGDOM 19 — THE KINGDOM OF SEGMENT TREES,Pattern 19.2 — Range Query + Point Update,145E,Lucky Queries,data structures,120,110,https://codeforces.com/problemset/problem/145/E
Unsolved,KINGDOM 19 — THE KINGDOM OF SEGMENT TREES,Pattern 19.2 — Range Query + Point Update,1555E,Boring Segments,"data structures, sortings, trees, two pointers",90,80,https://codeforces.com/problemset/problem/1555/E
Unsolved,KINGDOM 19 — THE KINGDOM OF SEGMENT TREES,Pattern 19.3 — Lazy Propagation,438D,The Child and Sequence,"data structures, math",120,110,https://codeforces.com/problemset/problem/438/D
Unsolved,KINGDOM 19 — THE KINGDOM OF SEGMENT TREES,Pattern 19.3 — Lazy Propagation,446C,DZY Loves Fibonacci Numbers,"data structures, math, number theory",120,110,https://codeforces.com/problemset/problem/446/C
Unsolved,KINGDOM 19 — THE KINGDOM OF SEGMENT TREES,Pattern 19.3 — Lazy Propagation,915E,Physical Education Lessons,"data structures, implementation, sortings",120,110,https://codeforces.com/problemset/problem/915/E
Unsolved,KINGDOM 19 — THE KINGDOM OF SEGMENT TREES,Pattern 19.4 — Merge Sort Tree,459D,Pashmak and Parmida's problem,"data structures, divide and conquer, sortings",60,55,https://codeforces.com/problemset/problem/459/D
Unsolved,KINGDOM 19 — THE KINGDOM OF SEGMENT TREES,Pattern 19.4 — Merge Sort Tree,600E,Lomsat gelral,"data structures, dfs and similar, dsu, trees",120,110,https://codeforces.com/problemset/problem/600/E
Unsolved,KINGDOM 19 — THE KINGDOM OF SEGMENT TREES,Pattern 19.4 — Merge Sort Tree,803G,Periodic RMQ Problem,data structures,120,110,https://codeforces.com/problemset/problem/803/G
Unsolved,KINGDOM 19 — THE KINGDOM OF SEGMENT TREES,Pattern 19.4 — Merge Sort Tree,1093G,Multidimensional Queries,"bitmasks, data structures",120,110,https://codeforces.com/problemset/problem/1093/G
Unsolved,KINGDOM 19 — THE KINGDOM OF SEGMENT TREES,Pattern 19.5 — Persistent Segment Tree,484E,Sign on Fence,"binary search, constructive algorithms, data structures",120,110,https://codeforces.com/problemset/problem/484/E
Unsolved,KINGDOM 19 — THE KINGDOM OF SEGMENT TREES,Pattern 19.5 — Persistent Segment Tree,786C,Till I Collapse,"data structures, divide and conquer",120,110,https://codeforces.com/problemset/problem/786/C
Unsolved,KINGDOM 19 — THE KINGDOM OF SEGMENT TREES,Pattern 19.5 — Persistent Segment Tree,893F,Subtree Minimum Query,"data structures, trees",120,110,https://codeforces.com/problemset/problem/893/F
Unsolved,KINGDOM 19 — THE KINGDOM OF SEGMENT TREES,Pattern 19.5 — Persistent Segment Tree,1262D2,UNKNOWN,UNKNOWN,UNKNOWN,UNKNOWN,https://codeforces.com/problemset/problem/1262/D2
Unsolved,KINGDOM 19 — THE KINGDOM OF SEGMENT TREES,Pattern 19.5 — Persistent Segment Tree,1479D,Odd Mineral Resource,"binary search, bitmasks, brute force, data structures, probabilities, trees",180,150,https://codeforces.com/problemset/problem/1479/D
Unsolved,KINGDOM 19 — THE KINGDOM OF SEGMENT TREES,Pattern 19.6 — Dynamic Segment Tree,1557D,Ezzat and Grid,"data structures, dp, greedy",90,80,https://codeforces.com/problemset/problem/1557/D
Unsolved,KINGDOM 19 — THE KINGDOM OF SEGMENT TREES,Pattern 19.6 — Dynamic Segment Tree,1779D,Boris and His Amazing Haircut,"constructive algorithms, data structures, dp, dsu, greedy, sortings",60,55,https://codeforces.com/problemset/problem/1779/D
Unsolved,KINGDOM 20 — THE KINGDOM OF FENWICK TREE (BIT),Pattern 20.1 — Basic BIT,597C,Subsequences,"data structures, dp",60,55,https://codeforces.com/problemset/problem/597/C
Unsolved,KINGDOM 20 — THE KINGDOM OF FENWICK TREE (BIT),Pattern 20.2 — Prefix Sum BIT,1076E,Vasya and a Tree,"data structures, trees",60,55,https://codeforces.com/problemset/problem/1076/E
Unsolved,KINGDOM 20 — THE KINGDOM OF FENWICK TREE (BIT),Pattern 20.4 — BIT + Coordinate Compression,961E,Tufurama,data structures,60,55,https://codeforces.com/problemset/problem/961/E
Unsolved,KINGDOM 20 — THE KINGDOM OF FENWICK TREE (BIT),Pattern 20.5 — Offline Queries with BIT,301D,Yaroslav and Divisors,data structures,90,80,https://codeforces.com/problemset/problem/301/D
Unsolved,KINGDOM 20 — THE KINGDOM OF FENWICK TREE (BIT),Pattern 20.5 — Offline Queries with BIT,369E,Valera and Queries,"binary search, data structures",90,80,https://codeforces.com/problemset/problem/369/E
Unsolved,KINGDOM 20 — THE KINGDOM OF FENWICK TREE (BIT),Pattern 24.2 — Greedy Construction,1450C1,Errich-Tac-Toe (Easy Version),"constructive algorithms, math",90,80,https://codeforces.com/problemset/problem/1450/C1
Unsolved,KINGDOM 20 — THE KINGDOM OF FENWICK TREE (BIT),Pattern 24.2 — Greedy Construction,1450C2,Errich-Tac-Toe (Hard Version),"constructive algorithms, math",120,110,https://codeforces.com/problemset/problem/1450/C2
Unsolved,KINGDOM 20 — THE KINGDOM OF FENWICK TREE (BIT),Pattern 24.3 — Constructive Mathematics,1091C,New Year and the Sphere Transmission,"math, number theory",40,35,https://codeforces.com/problemset/problem/1091/C
Unsolved,KINGDOM 20 — THE KINGDOM OF FENWICK TREE (BIT),Pattern 24.3 — Constructive Mathematics,1220D,Alex and Julian,"bitmasks, math, number theory",60,55,https://codeforces.com/problemset/problem/1220/D
Unsolved,KINGDOM 20 — THE KINGDOM OF FENWICK TREE (BIT),Pattern 24.4 — Permutation Construction,1208D,Restore Permutation,"binary search, data structures, greedy, implementation",60,55,https://codeforces.com/problemset/problem/1208/D
Unsolved,KINGDOM 20 — THE KINGDOM OF FENWICK TREE (BIT),Pattern 24.4 — Permutation Construction,1265C,UNKNOWN,UNKNOWN,UNKNOWN,UNKNOWN,https://codeforces.com/problemset/problem/1265/C
Unsolved,KINGDOM 20 — THE KINGDOM OF FENWICK TREE (BIT),Pattern 24.4 — Permutation Construction,1340A,Nastya and Strange Generator,"brute force, data structures, greedy, implementation",40,35,https://codeforces.com/problemset/problem/1340/A
Unsolved,KINGDOM 20 — THE KINGDOM OF FENWICK TREE (BIT),Pattern 24.4 — Permutation Construction,1530D,Secret Santa,"constructive algorithms, flows, graphs, greedy, math",40,35,https://codeforces.com/problemset/problem/1530/D
Unsolved,KINGDOM 20 — THE KINGDOM OF FENWICK TREE (BIT),Pattern 24.4 — Permutation Construction,1612B,Special Permutation,"constructive algorithms, greedy",15,10,https://codeforces.com/problemset/problem/1612/B
Unsolved,KINGDOM 20 — THE KINGDOM OF FENWICK TREE (BIT),Pattern 24.5 — Interactive Construction Ideas,1270D,Strange Device,"constructive algorithms, interactive, math, sortings",60,55,https://codeforces.com/problemset/problem/1270/D
Unsolved,KINGDOM 20 — THE KINGDOM OF FENWICK TREE (BIT),Pattern 24.5 — Interactive Construction Ideas,1451E1,Bitwise Queries (Easy Version),"bitmasks, constructive algorithms, interactive, math",90,80,https://codeforces.com/problemset/problem/1451/E1
Unsolved,KINGDOM 20 — THE KINGDOM OF FENWICK TREE (BIT),Pattern 24.5 — Interactive Construction Ideas,1451E2,Bitwise Queries (Hard Version),"bitmasks, constructive algorithms, interactive, math",120,110,https://codeforces.com/problemset/problem/1451/E2
Unsolved,KINGDOM 20 — THE KINGDOM OF FENWICK TREE (BIT),Pattern 24.5 — Interactive Construction Ideas,1592D,Hemose in ICPC ?,"binary search, dfs and similar, implementation, interactive, math, number theory, trees",120,110,https://codeforces.com/problemset/problem/1592/D
Unsolved,"KINGDOM 25 — THE KINGDOM OF GEOMETRY, INTERACTIVE & MISCELLANEOUS",Pattern 25.1 — Computational Geometry,166B,Polygons,"geometry, sortings",90,80,https://codeforces.com/problemset/problem/166/B
Unsolved,"KINGDOM 25 — THE KINGDOM OF GEOMETRY, INTERACTIVE & MISCELLANEOUS",Pattern 25.1 — Computational Geometry,598C,Nearest vectors,"geometry, sortings",120,110,https://codeforces.com/problemset/problem/598/C
Unsolved,"KINGDOM 25 — THE KINGDOM OF GEOMETRY, INTERACTIVE & MISCELLANEOUS",Pattern 25.1 — Computational Geometry,613A,Peter and Snow Blower,"binary search, geometry, ternary search",60,55,https://codeforces.com/problemset/problem/613/A
Unsolved,"KINGDOM 25 — THE KINGDOM OF GEOMETRY, INTERACTIVE & MISCELLANEOUS",Pattern 25.1 — Computational Geometry,961D,Pair Of Lines,geometry,90,80,https://codeforces.com/problemset/problem/961/D
Unsolved,"KINGDOM 25 — THE KINGDOM OF GEOMETRY, INTERACTIVE & MISCELLANEOUS",Pattern 25.1 — Computational Geometry,1299B,Aerodynamic,geometry,60,55,https://codeforces.com/problemset/problem/1299/B
Unsolved,"KINGDOM 25 — THE KINGDOM OF GEOMETRY, INTERACTIVE & MISCELLANEOUS",Pattern 25.1 — Computational Geometry,1359F,RC Kaboom Show,"binary search, brute force, data structures, geometry, math",180,150,https://codeforces.com/problemset/problem/1359/F
Unsolved,"KINGDOM 25 — THE KINGDOM OF GEOMETRY, INTERACTIVE & MISCELLANEOUS",Pattern 25.2 — Coordinate Geometry,166A,Rank List,"binary search, implementation, sortings",25,20,https://codeforces.com/problemset/problem/166/A
Unsolved,"KINGDOM 25 — THE KINGDOM OF GEOMETRY, INTERACTIVE & MISCELLANEOUS",Pattern 25.2 — Coordinate Geometry,617D,Polyline,"constructive algorithms, implementation",60,55,https://codeforces.com/problemset/problem/617/D
Unsolved,"KINGDOM 25 — THE KINGDOM OF GEOMETRY, INTERACTIVE & MISCELLANEOUS",Pattern 25.2 — Coordinate Geometry,1195C,Basketball Exercise,dp,40,35,https://codeforces.com/problemset/problem/1195/C
Unsolved,"KINGDOM 25 — THE KINGDOM OF GEOMETRY, INTERACTIVE & MISCELLANEOUS",Pattern 25.3 — Interactive Problems,843B,Interactive LowerBound,"brute force, interactive, probabilities",90,80,https://codeforces.com/problemset/problem/843/B
Unsolved,"KINGDOM 25 — THE KINGDOM OF GEOMETRY, INTERACTIVE & MISCELLANEOUS",Pattern 25.3 — Interactive Problems,1016D,Vasya And The Matrix,"constructive algorithms, flows, math",60,55,https://codeforces.com/problemset/problem/1016/D
Unsolved,"KINGDOM 25 — THE KINGDOM OF GEOMETRY, INTERACTIVE & MISCELLANEOUS",Pattern 25.3 — Interactive Problems,1698D,Fixed Point Guessing,"binary search, constructive algorithms, interactive",40,35,https://codeforces.com/problemset/problem/1698/D
Unsolved,"KINGDOM 25 — THE KINGDOM OF GEOMETRY, INTERACTIVE & MISCELLANEOUS",Pattern 25.4 — Ad-hoc / Observation,1185C,UNKNOWN,UNKNOWN,UNKNOWN,UNKNOWN,https://codeforces.com/problemset/problem/1185/C
Unsolved,"KINGDOM 25 — THE KINGDOM OF GEOMETRY, INTERACTIVE & MISCELLANEOUS",Pattern 25.4 — Ad-hoc / Observation,1485A,Add and Divide,"brute force, greedy, math, number theory",15,10,https://codeforces.com/problemset/problem/1485/A
Unsolved,"KINGDOM 25 — THE KINGDOM OF GEOMETRY, INTERACTIVE & MISCELLANEOUS",Pattern 25.4 — Ad-hoc / Observation,1520B,Ordinary Numbers,"brute force, math, number theory",15,10,https://codeforces.com/problemset/problem/1520/B
Unsolved,"KINGDOM 25 — THE KINGDOM OF GEOMETRY, INTERACTIVE & MISCELLANEOUS",Pattern 25.4 — Ad-hoc / Observation,1562B,Scenes From a Memory,"brute force, constructive algorithms, implementation, math, number theory",15,10,https://codeforces.com/problemset/problem/1562/B
Unsolved,"KINGDOM 25 — THE KINGDOM OF GEOMETRY, INTERACTIVE & MISCELLANEOUS",Pattern 25.5 — Mixed Expert Problems,487B,Strip,"binary search, data structures, dp, two pointers",90,80,https://codeforces.com/problemset/problem/487/B
Unsolved,"KINGDOM 25 — THE KINGDOM OF GEOMETRY, INTERACTIVE & MISCELLANEOUS",Pattern 25.5 — Mixed Expert Problems,730I,Olympiad in Programming and Sports,"dp, flows, graphs, greedy",90,80,https://codeforces.com/problemset/problem/730/I
Unsolved,"KINGDOM 25 — THE KINGDOM OF GEOMETRY, INTERACTIVE & MISCELLANEOUS",Pattern 25.5 — Mixed Expert Problems,1039D,You Are Given a Tree,"data structures, dp, trees",180,150,https://codeforces.com/problemset/problem/1039/D
Unsolved,"KINGDOM 25 — THE KINGDOM OF GEOMETRY, INTERACTIVE & MISCELLANEOUS",Pattern 25.5 — Mixed Expert Problems,1187G,Gang Up,"flows, graphs",120,110,https://codeforces.com/problemset/problem/1187/G
Unsolved,"KINGDOM 25 — THE KINGDOM OF GEOMETRY, INTERACTIVE & MISCELLANEOUS",Pattern 25.5 — Mixed Expert Problems,1388D,Captain Flint and Treasure,"data structures, dfs and similar, graphs, greedy, implementation, trees",90,80,https://codeforces.com/problemset/problem/1388/D
Unsolved,"KINGDOM 25 — THE KINGDOM OF GEOMETRY, INTERACTIVE & MISCELLANEOUS",Pattern 25.5 — Mixed Expert Problems,1601C,Optimal Insertion,"data structures, divide and conquer, dp, greedy, sortings",120,110,https://codeforces.com/problemset/problem/1601/C
Unsolved,"KINGDOM 25 — THE KINGDOM OF GEOMETRY, INTERACTIVE & MISCELLANEOUS",Pattern 25.5 — Mixed Expert Problems,1731E,Graph Cost,"dp, greedy, math, number theory",90,80,https://codeforces.com/problemset/problem/1731/E
Unsolved,"KINGDOM 25 — THE KINGDOM OF GEOMETRY, INTERACTIVE & MISCELLANEOUS",Pattern 25.5 — Mixed Expert Problems,1842E,Tenzing and Triangle,"data structures, dp, geometry, greedy, math",120,110,https://codeforces.com/problemset/problem/1842/E
Unsolved,"KINGDOM 25 — THE KINGDOM OF GEOMETRY, INTERACTIVE & MISCELLANEOUS",Pattern 25.5 — Mixed Expert Problems,1900E,Transitive Graph,"dfs and similar, dp, dsu, graphs, implementation",90,80,https://codeforces.com/problemset/problem/1900/E
