issue_type,section,practice_path,problem_code,problem_name,official_url,first_seen_in
duplicate_name,Data Structures,Practice Stacks and Queues,LEJQI01,Chef Builds Stack,https://www.codechef.com/problems/LEJQI01,Data Structures -> Practice Stacks and Queues
duplicate_url,Data Structures,Heaps,TSORT,Simple Sorting,https://www.codechef.com/problems/TSORT,Beginner DSA -> Practice Sorting
duplicate_code,Data Structures,Heaps,TSORT,Simple Sorting,https://www.codechef.com/problems/TSORT,Beginner DSA -> Practice Sorting
duplicate_name,Data Structures,Heaps,TSORT,Simple Sorting,https://www.codechef.com/problems/TSORT,Beginner DSA -> Practice Sorting
duplicate_url,Data Structures,Monday Munch - DSA Challenge practice series,SEARCHINARR,Search an element in an array,https://www.codechef.com/problems/SEARCHINARR,Beginner DSA -> Practice Arrays
duplicate_code,Data Structures,Monday Munch - DSA Challenge practice series,SEARCHINARR,Search an element in an array,https://www.codechef.com/problems/SEARCHINARR,Beginner DSA -> Practice Arrays
duplicate_name,Data Structures,Monday Munch - DSA Challenge practice series,SEARCHINARR,Search an element in an array,https://www.codechef.com/problems/SEARCHINARR,Beginner DSA -> Practice Arrays
duplicate_url,Data Structures,Monday Munch - DSA Challenge practice series,PREP58,Cycle in a linked list,https://www.codechef.com/problems/PREP58,Data Structures -> Practice Linked Lists
duplicate_code,Data Structures,Monday Munch - DSA Challenge practice series,PREP58,Cycle in a linked list,https://www.codechef.com/problems/PREP58,Data Structures -> Practice Linked Lists
duplicate_name,Data Structures,Monday Munch - DSA Challenge practice series,PREP58,Cycle in a linked list,https://www.codechef.com/problems/PREP58,Data Structures -> Practice Linked Lists
duplicate_url,Data Structures,Monday Munch - DSA Challenge practice series,UWCOI20A,Find maximum in an Array,https://www.codechef.com/problems/UWCOI20A,Beginner DSA -> Practice Arrays
duplicate_code,Data Structures,Monday Munch - DSA Challenge practice series,UWCOI20A,Find maximum in an Array,https://www.codechef.com/problems/UWCOI20A,Beginner DSA -> Practice Arrays
duplicate_name,Data Structures,Monday Munch - DSA Challenge practice series,UWCOI20A,Find maximum in an Array,https://www.codechef.com/problems/UWCOI20A,Beginner DSA -> Practice Arrays
duplicate_url,Data Structures,Monday Munch - DSA Challenge practice series,HEAPEDU3,Insertion and deletion together in a Heap,https://www.codechef.com/problems/HEAPEDU3,Data Structures -> Heaps
duplicate_code,Data Structures,Monday Munch - DSA Challenge practice series,HEAPEDU3,Insertion and deletion together in a Heap,https://www.codechef.com/problems/HEAPEDU3,Data Structures -> Heaps
duplicate_name,Data Structures,Monday Munch - DSA Challenge practice series,HEAPEDU3,Insertion and deletion together in a Heap,https://www.codechef.com/problems/HEAPEDU3,Data Structures -> Heaps
duplicate_url,Data Structures,Monday Munch - DSA Challenge practice series,RKS,Rooks,https://www.codechef.com/problems/RKS,Data Structures -> Heaps
duplicate_code,Data Structures,Monday Munch - DSA Challenge practice series,RKS,Rooks,https://www.codechef.com/problems/RKS,Data Structures -> Heaps
duplicate_name,Data Structures,Monday Munch - DSA Challenge practice series,RKS,Rooks,https://www.codechef.com/problems/RKS,Data Structures -> Heaps
duplicate_name,Data Structures,Monday Munch - DSA Challenge practice series,REMAINDER10,Find Remainder,https://www.codechef.com/problems/REMAINDER10,Data Structures -> Monday Munch - DSA Challenge practice series
duplicate_url,Data Structures,Monday Munch - DSA Challenge practice series,SINGLENUM,Single number in multiple numbers,https://www.codechef.com/problems/SINGLENUM,Beginner DSA -> Practice Arrays
duplicate_code,Data Structures,Monday Munch - DSA Challenge practice series,SINGLENUM,Single number in multiple numbers,https://www.codechef.com/problems/SINGLENUM,Beginner DSA -> Practice Arrays
duplicate_name,Data Structures,Monday Munch - DSA Challenge practice series,SINGLENUM,Single number in multiple numbers,https://www.codechef.com/problems/SINGLENUM,Beginner DSA -> Practice Arrays
duplicate_url,Data Structures,Monday Munch - DSA Challenge practice series,LINKLP,Count loop length in Linked List,https://www.codechef.com/problems/LINKLP,Data Structures -> Practice Linked Lists
duplicate_code,Data Structures,Monday Munch - DSA Challenge practice series,LINKLP,Count loop length in Linked List,https://www.codechef.com/problems/LINKLP,Data Structures -> Practice Linked Lists
duplicate_name,Data Structures,Monday Munch - DSA Challenge practice series,LINKLP,Count loop length in Linked List,https://www.codechef.com/problems/LINKLP,Data Structures -> Practice Linked Lists
duplicate_url,Data Structures,Monday Munch - DSA Challenge practice series,STRANGELIST,Flatten a Linked List,https://www.codechef.com/problems/STRANGELIST,Data Structures -> Practice Linked Lists
duplicate_code,Data Structures,Monday Munch - DSA Challenge practice series,STRANGELIST,Flatten a Linked List,https://www.codechef.com/problems/STRANGELIST,Data Structures -> Practice Linked Lists
duplicate_name,Data Structures,Monday Munch - DSA Challenge practice series,STRANGELIST,Flatten a Linked List,https://www.codechef.com/problems/STRANGELIST,Data Structures -> Practice Linked Lists
duplicate_url,Data Structures,Monday Munch - DSA Challenge practice series,DISCOUNTT,Take discount or Not,https://www.codechef.com/problems/DISCOUNTT,Beginner DSA -> Practice Arrays
duplicate_code,Data Structures,Monday Munch - DSA Challenge practice series,DISCOUNTT,Take discount or Not,https://www.codechef.com/problems/DISCOUNTT,Beginner DSA -> Practice Arrays
duplicate_name,Data Structures,Monday Munch - DSA Challenge practice series,DISCOUNTT,Take discount or Not,https://www.codechef.com/problems/DISCOUNTT,Beginner DSA -> Practice Arrays
duplicate_url,Data Structures,Monday Munch - DSA Challenge practice series,OPMIN,MIN To MAX,https://www.codechef.com/problems/OPMIN,Beginner DSA -> Practice Arrays
duplicate_code,Data Structures,Monday Munch - DSA Challenge practice series,OPMIN,MIN To MAX,https://www.codechef.com/problems/OPMIN,Beginner DSA -> Practice Arrays
duplicate_name,Data Structures,Monday Munch - DSA Challenge practice series,OPMIN,MIN To MAX,https://www.codechef.com/problems/OPMIN,Beginner DSA -> Practice Arrays
duplicate_url,Data Structures,Monday Munch - DSA Challenge practice series,MATSETZERO,Set Matrix Zeroes,https://www.codechef.com/problems/MATSETZERO,Data Structures -> 2D Array / Matrices
duplicate_code,Data Structures,Monday Munch - DSA Challenge practice series,MATSETZERO,Set Matrix Zeroes,https://www.codechef.com/problems/MATSETZERO,Data Structures -> 2D Array / Matrices
duplicate_name,Data Structures,Monday Munch - DSA Challenge practice series,MATSETZERO,Set Matrix Zeroes,https://www.codechef.com/problems/MATSETZERO,Data Structures -> 2D Array / Matrices
duplicate_url,Data Structures,Monday Munch - DSA Challenge practice series,LARGESECOND,Largest and Second Largest,https://www.codechef.com/problems/LARGESECOND,Beginner DSA -> Practice Arrays
duplicate_code,Data Structures,Monday Munch - DSA Challenge practice series,LARGESECOND,Largest and Second Largest,https://www.codechef.com/problems/LARGESECOND,Beginner DSA -> Practice Arrays
duplicate_name,Data Structures,Monday Munch - DSA Challenge practice series,LARGESECOND,Largest and Second Largest,https://www.codechef.com/problems/LARGESECOND,Beginner DSA -> Practice Arrays
duplicate_url,Data Structures,Monday Munch - DSA Challenge practice series,KITCHENCOST,Cost of Groceries,https://www.codechef.com/problems/KITCHENCOST,Beginner DSA -> Practice Arrays
duplicate_code,Data Structures,Monday Munch - DSA Challenge practice series,KITCHENCOST,Cost of Groceries,https://www.codechef.com/problems/KITCHENCOST,Beginner DSA -> Practice Arrays
duplicate_name,Data Structures,Monday Munch - DSA Challenge practice series,KITCHENCOST,Cost of Groceries,https://www.codechef.com/problems/KITCHENCOST,Beginner DSA -> Practice Arrays
duplicate_url,Data Structures,Monday Munch - DSA Challenge practice series,MAXCOUNT,Count of Maximum,https://www.codechef.com/problems/MAXCOUNT,Beginner DSA -> Practice Arrays
duplicate_code,Data Structures,Monday Munch - DSA Challenge practice series,MAXCOUNT,Count of Maximum,https://www.codechef.com/problems/MAXCOUNT,Beginner DSA -> Practice Arrays
duplicate_name,Data Structures,Monday Munch - DSA Challenge practice series,MAXCOUNT,Count of Maximum,https://www.codechef.com/problems/MAXCOUNT,Beginner DSA -> Practice Arrays
duplicate_url,Data Structures,Monday Munch - DSA Challenge practice series,REVSEG,Reverse the Segment,https://www.codechef.com/problems/REVSEG,Data Structures -> Practice Linked Lists
duplicate_code,Data Structures,Monday Munch - DSA Challenge practice series,REVSEG,Reverse the Segment,https://www.codechef.com/problems/REVSEG,Data Structures -> Practice Linked Lists
duplicate_name,Data Structures,Monday Munch - DSA Challenge practice series,REVSEG,Reverse the Segment,https://www.codechef.com/problems/REVSEG,Data Structures -> Practice Linked Lists
duplicate_url,Data Structures,Monday Munch - DSA Challenge practice series,DELDOUBLY,Delete All Occurrences of a Key in a Doubly Linked,https://www.codechef.com/problems/DELDOUBLY,Data Structures -> Practice Linked Lists
duplicate_code,Data Structures,Monday Munch - DSA Challenge practice series,DELDOUBLY,Delete All Occurrences of a Key in a Doubly Linked,https://www.codechef.com/problems/DELDOUBLY,Data Structures -> Practice Linked Lists
duplicate_name,Data Structures,Monday Munch - DSA Challenge practice series,DELDOUBLY,Delete All Occurrences of a Key in a Doubly Linked,https://www.codechef.com/problems/DELDOUBLY,Data Structures -> Practice Linked Lists
duplicate_url,Data Structures,Monday Munch - DSA Challenge practice series,MAXCONSECU,Chef and Consecutive Ones,https://www.codechef.com/problems/MAXCONSECU,Beginner DSA -> Practice Arrays
duplicate_code,Data Structures,Monday Munch - DSA Challenge practice series,MAXCONSECU,Chef and Consecutive Ones,https://www.codechef.com/problems/MAXCONSECU,Beginner DSA -> Practice Arrays
duplicate_name,Data Structures,Monday Munch - DSA Challenge practice series,MAXCONSECU,Chef and Consecutive Ones,https://www.codechef.com/problems/MAXCONSECU,Beginner DSA -> Practice Arrays
duplicate_url,Data Structures,Monday Munch - DSA Challenge practice series,MATROTATE,Matrix Rotations,https://www.codechef.com/problems/MATROTATE,Data Structures -> 2D Array / Matrices
duplicate_code,Data Structures,Monday Munch - DSA Challenge practice series,MATROTATE,Matrix Rotations,https://www.codechef.com/problems/MATROTATE,Data Structures -> 2D Array / Matrices
duplicate_name,Data Structures,Monday Munch - DSA Challenge practice series,MATROTATE,Matrix Rotations,https://www.codechef.com/problems/MATROTATE,Data Structures -> 2D Array / Matrices
duplicate_name,Data Structures,Monday Munch - DSA Challenge practice series,SPSBTR,Special Substring,https://www.codechef.com/problems/SPSBTR,Data Structures -> Monday Munch - DSA Challenge practice series
duplicate_url,Data Structures,Monday Munch - DSA Challenge practice series,CONSECARDS,Consecutive Card Grouping,https://www.codechef.com/problems/CONSECARDS,Data Structures -> Heaps
duplicate_code,Data Structures,Monday Munch - DSA Challenge practice series,CONSECARDS,Consecutive Card Grouping,https://www.codechef.com/problems/CONSECARDS,Data Structures -> Heaps
duplicate_name,Data Structures,Monday Munch - DSA Challenge practice series,CONSECARDS,Consecutive Card Grouping,https://www.codechef.com/problems/CONSECARDS,Data Structures -> Heaps
duplicate_url,Data Structures,Monday Munch - DSA Challenge practice series,MISSINPERM,Missing number in permutation,https://www.codechef.com/problems/MISSINPERM,Beginner DSA -> Practice Arrays
duplicate_code,Data Structures,Monday Munch - DSA Challenge practice series,MISSINPERM,Missing number in permutation,https://www.codechef.com/problems/MISSINPERM,Beginner DSA -> Practice Arrays
duplicate_name,Data Structures,Monday Munch - DSA Challenge practice series,MISSINPERM,Missing number in permutation,https://www.codechef.com/problems/MISSINPERM,Beginner DSA -> Practice Arrays
duplicate_url,Data Structures,Monday Munch - DSA Challenge practice series,XORRANGE,XOR of numbers in a range,https://www.codechef.com/problems/XORRANGE,Data Structures -> Monday Munch - DSA Challenge practice series
duplicate_code,Data Structures,Monday Munch - DSA Challenge practice series,XORRANGE,XOR of numbers in a range,https://www.codechef.com/problems/XORRANGE,Data Structures -> Monday Munch - DSA Challenge practice series
duplicate_name,Data Structures,Monday Munch - DSA Challenge practice series,XORRANGE,XOR of numbers in a range,https://www.codechef.com/problems/XORRANGE,Data Structures -> Monday Munch - DSA Challenge practice series
duplicate_row,Data Structures,Monday Munch - DSA Challenge practice series,XORRANGE,XOR of numbers in a range,https://www.codechef.com/problems/XORRANGE,Data Structures -> Monday Munch - DSA Challenge practice series
duplicate_name,Data Structures,Monday Munch - DSA Challenge practice series,PALINDRCHECK,Reverse Words in a String,https://www.codechef.com/problems/PALINDRCHECK,Data Structures -> Monday Munch - DSA Challenge practice series
duplicate_url,Data Structures,Monday Munch - DSA Challenge practice series,PPMUH01,Chef Builds Queue Using Stacks,https://www.codechef.com/problems/PPMUH01,Data Structures -> Practice Stacks and Queues
duplicate_code,Data Structures,Monday Munch - DSA Challenge practice series,PPMUH01,Chef Builds Queue Using Stacks,https://www.codechef.com/problems/PPMUH01,Data Structures -> Practice Stacks and Queues
duplicate_name,Data Structures,Monday Munch - DSA Challenge practice series,PPMUH01,Chef Builds Queue Using Stacks,https://www.codechef.com/problems/PPMUH01,Data Structures -> Practice Stacks and Queues
duplicate_url,Data Structures,Monday Munch - DSA Challenge practice series,NFXON01,Chef Circular Search,https://www.codechef.com/problems/NFXON01,Data Structures -> Practice Stacks and Queues
duplicate_code,Data Structures,Monday Munch - DSA Challenge practice series,NFXON01,Chef Circular Search,https://www.codechef.com/problems/NFXON01,Data Structures -> Practice Stacks and Queues
duplicate_name,Data Structures,Monday Munch - DSA Challenge practice series,NFXON01,Chef Circular Search,https://www.codechef.com/problems/NFXON01,Data Structures -> Practice Stacks and Queues
duplicate_url,Data Structures,Monday Munch - DSA Challenge practice series,DRKTZ01,Chef Solves Asteroid Collision,https://www.codechef.com/problems/DRKTZ01,Data Structures -> Practice Stacks and Queues
duplicate_code,Data Structures,Monday Munch - DSA Challenge practice series,DRKTZ01,Chef Solves Asteroid Collision,https://www.codechef.com/problems/DRKTZ01,Data Structures -> Practice Stacks and Queues
duplicate_name,Data Structures,Monday Munch - DSA Challenge practice series,DRKTZ01,Chef Solves Asteroid Collision,https://www.codechef.com/problems/DRKTZ01,Data Structures -> Practice Stacks and Queues
duplicate_url,Data Structures,Monday Munch - DSA Challenge practice series,IEIJT01,Chef Solves LRU Cache,https://www.codechef.com/problems/IEIJT01,Data Structures -> Practice Stacks and Queues
duplicate_code,Data Structures,Monday Munch - DSA Challenge practice series,IEIJT01,Chef Solves LRU Cache,https://www.codechef.com/problems/IEIJT01,Data Structures -> Practice Stacks and Queues
duplicate_name,Data Structures,Monday Munch - DSA Challenge practice series,IEIJT01,Chef Solves LRU Cache,https://www.codechef.com/problems/IEIJT01,Data Structures -> Practice Stacks and Queues
duplicate_url,Data Structures,Monday Munch - DSA Challenge practice series,MERGEKSORTED,Merge K sorted lists,https://www.codechef.com/problems/MERGEKSORTED,Data Structures -> Heaps
duplicate_code,Data Structures,Monday Munch - DSA Challenge practice series,MERGEKSORTED,Merge K sorted lists,https://www.codechef.com/problems/MERGEKSORTED,Data Structures -> Heaps
duplicate_name,Data Structures,Monday Munch - DSA Challenge practice series,MERGEKSORTED,Merge K sorted lists,https://www.codechef.com/problems/MERGEKSORTED,Data Structures -> Heaps
duplicate_url,Data Structures,Monday Munch - DSA Challenge practice series,SZICS01,Chef Counts Enclaves,https://www.codechef.com/problems/SZICS01,Data Structures -> Monday Munch - DSA Challenge practice series
duplicate_code,Data Structures,Monday Munch - DSA Challenge practice series,SZICS01,Chef Counts Enclaves,https://www.codechef.com/problems/SZICS01,Data Structures -> Monday Munch - DSA Challenge practice series
duplicate_name,Data Structures,Monday Munch - DSA Challenge practice series,SZICS01,Chef Counts Enclaves,https://www.codechef.com/problems/SZICS01,Data Structures -> Monday Munch - DSA Challenge practice series
duplicate_row,Data Structures,Monday Munch - DSA Challenge practice series,SZICS01,Chef Counts Enclaves,https://www.codechef.com/problems/SZICS01,Data Structures -> Monday Munch - DSA Challenge practice series
duplicate_url,Data Structures,Monday Munch - DSA Challenge practice series,CONSECARDS,Consecutive Card Grouping,https://www.codechef.com/problems/CONSECARDS,Data Structures -> Heaps
duplicate_code,Data Structures,Monday Munch - DSA Challenge practice series,CONSECARDS,Consecutive Card Grouping,https://www.codechef.com/problems/CONSECARDS,Data Structures -> Heaps
duplicate_name,Data Structures,Monday Munch - DSA Challenge practice series,CONSECARDS,Consecutive Card Grouping,https://www.codechef.com/problems/CONSECARDS,Data Structures -> Heaps
duplicate_row,Data Structures,Monday Munch - DSA Challenge practice series,CONSECARDS,Consecutive Card Grouping,https://www.codechef.com/problems/CONSECARDS,Data Structures -> Heaps
duplicate_url,Data Structures,Monday Munch - DSA Challenge practice series,ALTNUMS,Alternating Array,https://www.codechef.com/problems/ALTNUMS,Data Structures -> Monday Munch - DSA Challenge practice series
duplicate_code,Data Structures,Monday Munch - DSA Challenge practice series,ALTNUMS,Alternating Array,https://www.codechef.com/problems/ALTNUMS,Data Structures -> Monday Munch - DSA Challenge practice series
duplicate_name,Data Structures,Monday Munch - DSA Challenge practice series,ALTNUMS,Alternating Array,https://www.codechef.com/problems/ALTNUMS,Data Structures -> Monday Munch - DSA Challenge practice series
duplicate_row,Data Structures,Monday Munch - DSA Challenge practice series,ALTNUMS,Alternating Array,https://www.codechef.com/problems/ALTNUMS,Data Structures -> Monday Munch - DSA Challenge practice series
duplicate_url,Data Structures,Monday Munch - DSA Challenge practice series,MAXPROSUBARR,Chef and the Magical Subarray,https://www.codechef.com/problems/MAXPROSUBARR,Data Structures -> Monday Munch - DSA Challenge practice series
duplicate_code,Data Structures,Monday Munch - DSA Challenge practice series,MAXPROSUBARR,Chef and the Magical Subarray,https://www.codechef.com/problems/MAXPROSUBARR,Data Structures -> Monday Munch - DSA Challenge practice series
duplicate_name,Data Structures,Monday Munch - DSA Challenge practice series,MAXPROSUBARR,Chef and the Magical Subarray,https://www.codechef.com/problems/MAXPROSUBARR,Data Structures -> Monday Munch - DSA Challenge practice series
duplicate_row,Data Structures,Monday Munch - DSA Challenge practice series,MAXPROSUBARR,Chef and the Magical Subarray,https://www.codechef.com/problems/MAXPROSUBARR,Data Structures -> Monday Munch - DSA Challenge practice series
duplicate_url,Data Structures,Monday Munch - DSA Challenge practice series,BSTITERATOR,Binary Search Tree Iterator,https://www.codechef.com/problems/BSTITERATOR,Data Structures -> Monday Munch - DSA Challenge practice series
duplicate_code,Data Structures,Monday Munch - DSA Challenge practice series,BSTITERATOR,Binary Search Tree Iterator,https://www.codechef.com/problems/BSTITERATOR,Data Structures -> Monday Munch - DSA Challenge practice series
duplicate_name,Data Structures,Monday Munch - DSA Challenge practice series,BSTITERATOR,Binary Search Tree Iterator,https://www.codechef.com/problems/BSTITERATOR,Data Structures -> Monday Munch - DSA Challenge practice series
duplicate_row,Data Structures,Monday Munch - DSA Challenge practice series,BSTITERATOR,Binary Search Tree Iterator,https://www.codechef.com/problems/BSTITERATOR,Data Structures -> Monday Munch - DSA Challenge practice series
duplicate_url,Data Structures,Monday Munch - DSA Challenge practice series,SZICS01,Chef Counts Enclaves,https://www.codechef.com/problems/SZICS01,Data Structures -> Monday Munch - DSA Challenge practice series
duplicate_code,Data Structures,Monday Munch - DSA Challenge practice series,SZICS01,Chef Counts Enclaves,https://www.codechef.com/problems/SZICS01,Data Structures -> Monday Munch - DSA Challenge practice series
duplicate_name,Data Structures,Monday Munch - DSA Challenge practice series,SZICS01,Chef Counts Enclaves,https://www.codechef.com/problems/SZICS01,Data Structures -> Monday Munch - DSA Challenge practice series
duplicate_row,Data Structures,Monday Munch - DSA Challenge practice series,SZICS01,Chef Counts Enclaves,https://www.codechef.com/problems/SZICS01,Data Structures -> Monday Munch - DSA Challenge practice series
duplicate_url,Data Structures,Monday Munch - DSA Challenge practice series,LLCYCLE,Detect Start of Cycle in Linked List,https://www.codechef.com/problems/LLCYCLE,Data Structures -> Practice Linked Lists
duplicate_code,Data Structures,Monday Munch - DSA Challenge practice series,LLCYCLE,Detect Start of Cycle in Linked List,https://www.codechef.com/problems/LLCYCLE,Data Structures -> Practice Linked Lists
duplicate_name,Data Structures,Monday Munch - DSA Challenge practice series,LLCYCLE,Detect Start of Cycle in Linked List,https://www.codechef.com/problems/LLCYCLE,Data Structures -> Practice Linked Lists
duplicate_url,Data Structures,Monday Munch - DSA Challenge practice series,ADDONELL,Linked List Increment,https://www.codechef.com/problems/ADDONELL,Data Structures -> Practice Linked Lists
duplicate_code,Data Structures,Monday Munch - DSA Challenge practice series,ADDONELL,Linked List Increment,https://www.codechef.com/problems/ADDONELL,Data Structures -> Practice Linked Lists
duplicate_name,Data Structures,Monday Munch - DSA Challenge practice series,ADDONELL,Linked List Increment,https://www.codechef.com/problems/ADDONELL,Data Structures -> Practice Linked Lists
duplicate_url,Data Structures,Monday Munch - DSA Challenge practice series,HSUON01,Chef Finds Next Greater Element,https://www.codechef.com/problems/HSUON01,Data Structures -> Practice Stacks and Queues
duplicate_code,Data Structures,Monday Munch - DSA Challenge practice series,HSUON01,Chef Finds Next Greater Element,https://www.codechef.com/problems/HSUON01,Data Structures -> Practice Stacks and Queues
duplicate_name,Data Structures,Monday Munch - DSA Challenge practice series,HSUON01,Chef Finds Next Greater Element,https://www.codechef.com/problems/HSUON01,Data Structures -> Practice Stacks and Queues
duplicate_url,Data Structures,Monday Munch - DSA Challenge practice series,JQJTY01,Chef Calculates Subarray Minimums,https://www.codechef.com/problems/JQJTY01,Data Structures -> Practice Stacks and Queues
duplicate_code,Data Structures,Monday Munch - DSA Challenge practice series,JQJTY01,Chef Calculates Subarray Minimums,https://www.codechef.com/problems/JQJTY01,Data Structures -> Practice Stacks and Queues
duplicate_name,Data Structures,Monday Munch - DSA Challenge practice series,JQJTY01,Chef Calculates Subarray Minimums,https://www.codechef.com/problems/JQJTY01,Data Structures -> Practice Stacks and Queues
duplicate_url,Data Structures,Monday Munch - DSA Challenge practice series,RECUR07,Print Pattern,https://www.codechef.com/problems/RECUR07,Data Structures -> Monday Munch - DSA Challenge practice series
duplicate_code,Data Structures,Monday Munch - DSA Challenge practice series,RECUR07,Print Pattern,https://www.codechef.com/problems/RECUR07,Data Structures -> Monday Munch - DSA Challenge practice series
duplicate_name,Data Structures,Monday Munch - DSA Challenge practice series,RECUR07,Print Pattern,https://www.codechef.com/problems/RECUR07,Data Structures -> Monday Munch - DSA Challenge practice series
duplicate_row,Data Structures,Monday Munch - DSA Challenge practice series,RECUR07,Print Pattern,https://www.codechef.com/problems/RECUR07,Data Structures -> Monday Munch - DSA Challenge practice series
duplicate_url,Data Structures,Monday Munch - DSA Challenge practice series,RUNCOMPARE,Running Comparison,https://www.codechef.com/problems/RUNCOMPARE,Beginner DSA -> Practice Arrays
duplicate_code,Data Structures,Monday Munch - DSA Challenge practice series,RUNCOMPARE,Running Comparison,https://www.codechef.com/problems/RUNCOMPARE,Beginner DSA -> Practice Arrays
duplicate_name,Data Structures,Monday Munch - DSA Challenge practice series,RUNCOMPARE,Running Comparison,https://www.codechef.com/problems/RUNCOMPARE,Beginner DSA -> Practice Arrays
duplicate_url,Data Structures,Practice Strings - Intermediate,STRINGTOINT,Chef and String to Integer,https://www.codechef.com/problems/STRINGTOINT,Data Structures -> Monday Munch - DSA Challenge practice series
duplicate_code,Data Structures,Practice Strings - Intermediate,STRINGTOINT,Chef and String to Integer,https://www.codechef.com/problems/STRINGTOINT,Data Structures -> Monday Munch - DSA Challenge practice series
duplicate_name,Data Structures,Practice Strings - Intermediate,STRINGTOINT,Chef and String to Integer,https://www.codechef.com/problems/STRINGTOINT,Data Structures -> Monday Munch - DSA Challenge practice series
duplicate_url,Data Structures,Practice Strings - Intermediate,CHEFROMAN,Chef and Roman Numbers,https://www.codechef.com/problems/CHEFROMAN,Data Structures -> Monday Munch - DSA Challenge practice series
duplicate_code,Data Structures,Practice Strings - Intermediate,CHEFROMAN,Chef and Roman Numbers,https://www.codechef.com/problems/CHEFROMAN,Data Structures -> Monday Munch - DSA Challenge practice series
duplicate_name,Data Structures,Practice Strings - Intermediate,CHEFROMAN,Chef and Roman Numbers,https://www.codechef.com/problems/CHEFROMAN,Data Structures -> Monday Munch - DSA Challenge practice series
duplicate_url,Data Structures,Practice Strings - Intermediate,REVERSEWORD,Reverse Words in a String,https://www.codechef.com/problems/REVERSEWORD,Data Structures -> Monday Munch - DSA Challenge practice series
duplicate_code,Data Structures,Practice Strings - Intermediate,REVERSEWORD,Reverse Words in a String,https://www.codechef.com/problems/REVERSEWORD,Data Structures -> Monday Munch - DSA Challenge practice series
duplicate_name,Data Structures,Practice Strings - Intermediate,REVERSEWORD,Reverse Words in a String,https://www.codechef.com/problems/REVERSEWORD,Data Structures -> Monday Munch - DSA Challenge practice series
duplicate_url,Data Structures,Practice Strings - Intermediate,LONGESPREFIX,Longest Common Prefix,https://www.codechef.com/problems/LONGESPREFIX,Data Structures -> Monday Munch - DSA Challenge practice series
duplicate_code,Data Structures,Practice Strings - Intermediate,LONGESPREFIX,Longest Common Prefix,https://www.codechef.com/problems/LONGESPREFIX,Data Structures -> Monday Munch - DSA Challenge practice series
duplicate_name,Data Structures,Practice Strings - Intermediate,LONGESPREFIX,Longest Common Prefix,https://www.codechef.com/problems/LONGESPREFIX,Data Structures -> Monday Munch - DSA Challenge practice series
duplicate_url,Data Structures,Practice Strings - Intermediate,NESTEDPARAN,Chef and Nested Parentheses,https://www.codechef.com/problems/NESTEDPARAN,Data Structures -> Monday Munch - DSA Challenge practice series
duplicate_code,Data Structures,Practice Strings - Intermediate,NESTEDPARAN,Chef and Nested Parentheses,https://www.codechef.com/problems/NESTEDPARAN,Data Structures -> Monday Munch - DSA Challenge practice series
duplicate_name,Data Structures,Practice Strings - Intermediate,NESTEDPARAN,Chef and Nested Parentheses,https://www.codechef.com/problems/NESTEDPARAN,Data Structures -> Monday Munch - DSA Challenge practice series
duplicate_url,Data Structures,Practice Strings - Intermediate,REMOVEPAREN,Remove Outermost Parentheses,https://www.codechef.com/problems/REMOVEPAREN,Data Structures -> Monday Munch - DSA Challenge practice series
duplicate_code,Data Structures,Practice Strings - Intermediate,REMOVEPAREN,Remove Outermost Parentheses,https://www.codechef.com/problems/REMOVEPAREN,Data Structures -> Monday Munch - DSA Challenge practice series
duplicate_name,Data Structures,Practice Strings - Intermediate,REMOVEPAREN,Remove Outermost Parentheses,https://www.codechef.com/problems/REMOVEPAREN,Data Structures -> Monday Munch - DSA Challenge practice series
duplicate_url,Data Structures,Intermediate Arrays and 2D Arrays,ARRAYSORTED,Check if the array is sorted,https://www.codechef.com/problems/ARRAYSORTED,Data Structures -> Monday Munch - DSA Challenge practice series
duplicate_code,Data Structures,Intermediate Arrays and 2D Arrays,ARRAYSORTED,Check if the array is sorted,https://www.codechef.com/problems/ARRAYSORTED,Data Structures -> Monday Munch - DSA Challenge practice series
duplicate_name,Data Structures,Intermediate Arrays and 2D Arrays,ARRAYSORTED,Check if the array is sorted,https://www.codechef.com/problems/ARRAYSORTED,Data Structures -> Monday Munch - DSA Challenge practice series
duplicate_url,Data Structures,Intermediate Arrays and 2D Arrays,ROTATEARRAY,Rotate the array,https://www.codechef.com/problems/ROTATEARRAY,Data Structures -> Monday Munch - DSA Challenge practice series
duplicate_code,Data Structures,Intermediate Arrays and 2D Arrays,ROTATEARRAY,Rotate the array,https://www.codechef.com/problems/ROTATEARRAY,Data Structures -> Monday Munch - DSA Challenge practice series
duplicate_name,Data Structures,Intermediate Arrays and 2D Arrays,ROTATEARRAY,Rotate the array,https://www.codechef.com/problems/ROTATEARRAY,Data Structures -> Monday Munch - DSA Challenge practice series
duplicate_url,Data Structures,Intermediate Arrays and 2D Arrays,REMOVEDUPLIC,Remove Duplicates from Sorted Array,https://www.codechef.com/problems/REMOVEDUPLIC,Data Structures -> Monday Munch - DSA Challenge practice series
duplicate_code,Data Structures,Intermediate Arrays and 2D Arrays,REMOVEDUPLIC,Remove Duplicates from Sorted Array,https://www.codechef.com/problems/REMOVEDUPLIC,Data Structures -> Monday Munch - DSA Challenge practice series
duplicate_name,Data Structures,Intermediate Arrays and 2D Arrays,REMOVEDUPLIC,Remove Duplicates from Sorted Array,https://www.codechef.com/problems/REMOVEDUPLIC,Data Structures -> Monday Munch - DSA Challenge practice series
duplicate_url,Data Structures,Intermediate Arrays and 2D Arrays,LASTZERO,Move all the zeros to the last,https://www.codechef.com/problems/LASTZERO,Data Structures -> Monday Munch - DSA Challenge practice series
duplicate_code,Data Structures,Intermediate Arrays and 2D Arrays,LASTZERO,Move all the zeros to the last,https://www.codechef.com/problems/LASTZERO,Data Structures -> Monday Munch - DSA Challenge practice series
duplicate_name,Data Structures,Intermediate Arrays and 2D Arrays,LASTZERO,Move all the zeros to the last,https://www.codechef.com/problems/LASTZERO,Data Structures -> Monday Munch - DSA Challenge practice series
duplicate_url,Data Structures,Intermediate Arrays and 2D Arrays,MERGESORTED,Merge two sorted arrays,https://www.codechef.com/problems/MERGESORTED,Data Structures -> Monday Munch - DSA Challenge practice series
duplicate_code,Data Structures,Intermediate Arrays and 2D Arrays,MERGESORTED,Merge two sorted arrays,https://www.codechef.com/problems/MERGESORTED,Data Structures -> Monday Munch - DSA Challenge practice series
duplicate_name,Data Structures,Intermediate Arrays and 2D Arrays,MERGESORTED,Merge two sorted arrays,https://www.codechef.com/problems/MERGESORTED,Data Structures -> Monday Munch - DSA Challenge practice series
duplicate_url,Data Structures,Intermediate Arrays and 2D Arrays,DSCPPAS261,Intersecting arrays,https://www.codechef.com/problems/DSCPPAS261,Data Structures -> Monday Munch - DSA Challenge practice series
duplicate_code,Data Structures,Intermediate Arrays and 2D Arrays,DSCPPAS261,Intersecting arrays,https://www.codechef.com/problems/DSCPPAS261,Data Structures -> Monday Munch - DSA Challenge practice series
duplicate_name,Data Structures,Intermediate Arrays and 2D Arrays,DSCPPAS261,Intersecting arrays,https://www.codechef.com/problems/DSCPPAS261,Data Structures -> Monday Munch - DSA Challenge practice series
duplicate_url,Data Structures,Intermediate Arrays and 2D Arrays,TWOSUMM,Chef and Pair of Elements,https://www.codechef.com/problems/TWOSUMM,Data Structures -> Monday Munch - DSA Challenge practice series
duplicate_code,Data Structures,Intermediate Arrays and 2D Arrays,TWOSUMM,Chef and Pair of Elements,https://www.codechef.com/problems/TWOSUMM,Data Structures -> Monday Munch - DSA Challenge practice series
duplicate_name,Data Structures,Intermediate Arrays and 2D Arrays,TWOSUMM,Chef and Pair of Elements,https://www.codechef.com/problems/TWOSUMM,Data Structures -> Monday Munch - DSA Challenge practice series
duplicate_url,Data Structures,Intermediate Arrays and 2D Arrays,MAJORELEM,Find the majority element,https://www.codechef.com/problems/MAJORELEM,Data Structures -> Monday Munch - DSA Challenge practice series
duplicate_code,Data Structures,Intermediate Arrays and 2D Arrays,MAJORELEM,Find the majority element,https://www.codechef.com/problems/MAJORELEM,Data Structures -> Monday Munch - DSA Challenge practice series
duplicate_name,Data Structures,Intermediate Arrays and 2D Arrays,MAJORELEM,Find the majority element,https://www.codechef.com/problems/MAJORELEM,Data Structures -> Monday Munch - DSA Challenge practice series
duplicate_url,Data Structures,Intermediate Arrays and 2D Arrays,STOCKSPROFIT,Chef and Stock Profits,https://www.codechef.com/problems/STOCKSPROFIT,Data Structures -> Monday Munch - DSA Challenge practice series
duplicate_code,Data Structures,Intermediate Arrays and 2D Arrays,STOCKSPROFIT,Chef and Stock Profits,https://www.codechef.com/problems/STOCKSPROFIT,Data Structures -> Monday Munch - DSA Challenge practice series
duplicate_name,Data Structures,Intermediate Arrays and 2D Arrays,STOCKSPROFIT,Chef and Stock Profits,https://www.codechef.com/problems/STOCKSPROFIT,Data Structures -> Monday Munch - DSA Challenge practice series
duplicate_url,Data Structures,Intermediate Arrays and 2D Arrays,SORTARRAYS,Color Sorting Challenge,https://www.codechef.com/problems/SORTARRAYS,Data Structures -> Monday Munch - DSA Challenge practice series
duplicate_code,Data Structures,Intermediate Arrays and 2D Arrays,SORTARRAYS,Color Sorting Challenge,https://www.codechef.com/problems/SORTARRAYS,Data Structures -> Monday Munch - DSA Challenge practice series
duplicate_name,Data Structures,Intermediate Arrays and 2D Arrays,SORTARRAYS,Color Sorting Challenge,https://www.codechef.com/problems/SORTARRAYS,Data Structures -> Monday Munch - DSA Challenge practice series
duplicate_url,Data Structures,Intermediate Arrays and 2D Arrays,MATDEF,Basic Concepts,https://www.codechef.com/problems/MATDEF,Data Structures -> 2D Array / Matrices
duplicate_code,Data Structures,Intermediate Arrays and 2D Arrays,MATDEF,Basic Concepts,https://www.codechef.com/problems/MATDEF,Data Structures -> 2D Array / Matrices
duplicate_name,Data Structures,Intermediate Arrays and 2D Arrays,MATDEF,Basic Concepts,https://www.codechef.com/problems/MATDEF,Data Structures -> 2D Array / Matrices
duplicate_url,Data Structures,Intermediate Arrays and 2D Arrays,MATTYPES,Matrix Types and Applications,https://www.codechef.com/problems/MATTYPES,Data Structures -> 2D Array / Matrices
duplicate_code,Data Structures,Intermediate Arrays and 2D Arrays,MATTYPES,Matrix Types and Applications,https://www.codechef.com/problems/MATTYPES,Data Structures -> 2D Array / Matrices
duplicate_name,Data Structures,Intermediate Arrays and 2D Arrays,MATTYPES,Matrix Types and Applications,https://www.codechef.com/problems/MATTYPES,Data Structures -> 2D Array / Matrices
duplicate_url,Data Structures,Intermediate Arrays and 2D Arrays,MATREP,Matrix Representation,https://www.codechef.com/problems/MATREP,Data Structures -> 2D Array / Matrices
duplicate_code,Data Structures,Intermediate Arrays and 2D Arrays,MATREP,Matrix Representation,https://www.codechef.com/problems/MATREP,Data Structures -> 2D Array / Matrices
duplicate_name,Data Structures,Intermediate Arrays and 2D Arrays,MATREP,Matrix Representation,https://www.codechef.com/problems/MATREP,Data Structures -> 2D Array / Matrices
duplicate_url,Data Structures,Intermediate Arrays and 2D Arrays,MATMCQ1,Matrix Types,https://www.codechef.com/problems/MATMCQ1,Data Structures -> 2D Array / Matrices
duplicate_code,Data Structures,Intermediate Arrays and 2D Arrays,MATMCQ1,Matrix Types,https://www.codechef.com/problems/MATMCQ1,Data Structures -> 2D Array / Matrices
duplicate_name,Data Structures,Intermediate Arrays and 2D Arrays,MATMCQ1,Matrix Types,https://www.codechef.com/problems/MATMCQ1,Data Structures -> 2D Array / Matrices
duplicate_url,Data Structures,Intermediate Arrays and 2D Arrays,MATADD,Add Two Matrices,https://www.codechef.com/problems/MATADD,Data Structures -> 2D Array / Matrices
duplicate_code,Data Structures,Intermediate Arrays and 2D Arrays,MATADD,Add Two Matrices,https://www.codechef.com/problems/MATADD,Data Structures -> 2D Array / Matrices
duplicate_name,Data Structures,Intermediate Arrays and 2D Arrays,MATADD,Add Two Matrices,https://www.codechef.com/problems/MATADD,Data Structures -> 2D Array / Matrices
duplicate_url,Data Structures,Intermediate Arrays and 2D Arrays,MATZIGZAG,Zig-zag traversal,https://www.codechef.com/problems/MATZIGZAG,Data Structures -> 2D Array / Matrices
duplicate_code,Data Structures,Intermediate Arrays and 2D Arrays,MATZIGZAG,Zig-zag traversal,https://www.codechef.com/problems/MATZIGZAG,Data Structures -> 2D Array / Matrices
duplicate_name,Data Structures,Intermediate Arrays and 2D Arrays,MATZIGZAG,Zig-zag traversal,https://www.codechef.com/problems/MATZIGZAG,Data Structures -> 2D Array / Matrices
duplicate_url,Data Structures,Intermediate Arrays and 2D Arrays,MATTREVERSE,Upside Down Matrix,https://www.codechef.com/problems/MATTREVERSE,Data Structures -> 2D Array / Matrices
duplicate_code,Data Structures,Intermediate Arrays and 2D Arrays,MATTREVERSE,Upside Down Matrix,https://www.codechef.com/problems/MATTREVERSE,Data Structures -> 2D Array / Matrices
duplicate_name,Data Structures,Intermediate Arrays and 2D Arrays,MATTREVERSE,Upside Down Matrix,https://www.codechef.com/problems/MATTREVERSE,Data Structures -> 2D Array / Matrices
duplicate_url,Data Structures,Intermediate Arrays and 2D Arrays,MATDIAGSUM,Sum of Diagonals,https://www.codechef.com/problems/MATDIAGSUM,Data Structures -> 2D Array / Matrices
duplicate_code,Data Structures,Intermediate Arrays and 2D Arrays,MATDIAGSUM,Sum of Diagonals,https://www.codechef.com/problems/MATDIAGSUM,Data Structures -> 2D Array / Matrices
duplicate_name,Data Structures,Intermediate Arrays and 2D Arrays,MATDIAGSUM,Sum of Diagonals,https://www.codechef.com/problems/MATDIAGSUM,Data Structures -> 2D Array / Matrices
duplicate_url,Data Structures,Intermediate Arrays and 2D Arrays,MATNEGCOUNT,Count Negative Numbers,https://www.codechef.com/problems/MATNEGCOUNT,Data Structures -> 2D Array / Matrices
duplicate_code,Data Structures,Intermediate Arrays and 2D Arrays,MATNEGCOUNT,Count Negative Numbers,https://www.codechef.com/problems/MATNEGCOUNT,Data Structures -> 2D Array / Matrices
duplicate_name,Data Structures,Intermediate Arrays and 2D Arrays,MATNEGCOUNT,Count Negative Numbers,https://www.codechef.com/problems/MATNEGCOUNT,Data Structures -> 2D Array / Matrices
duplicate_url,Data Structures,Intermediate Arrays and 2D Arrays,MATMULTIPLIC,Brute Force- Multiplication of Two Matrices,https://www.codechef.com/problems/MATMULTIPLIC,Data Structures -> 2D Array / Matrices
duplicate_code,Data Structures,Intermediate Arrays and 2D Arrays,MATMULTIPLIC,Brute Force- Multiplication of Two Matrices,https://www.codechef.com/problems/MATMULTIPLIC,Data Structures -> 2D Array / Matrices
duplicate_name,Data Structures,Intermediate Arrays and 2D Arrays,MATMULTIPLIC,Brute Force- Multiplication of Two Matrices,https://www.codechef.com/problems/MATMULTIPLIC,Data Structures -> 2D Array / Matrices
duplicate_url,Data Structures,Intermediate Arrays and 2D Arrays,DSCPPAS263,Valid Matrix Sum,https://www.codechef.com/problems/DSCPPAS263,Data Structures -> 2D Array / Matrices
duplicate_code,Data Structures,Intermediate Arrays and 2D Arrays,DSCPPAS263,Valid Matrix Sum,https://www.codechef.com/problems/DSCPPAS263,Data Structures -> 2D Array / Matrices
duplicate_name,Data Structures,Intermediate Arrays and 2D Arrays,DSCPPAS263,Valid Matrix Sum,https://www.codechef.com/problems/DSCPPAS263,Data Structures -> 2D Array / Matrices
duplicate_url,Data Structures,Intermediate Arrays and 2D Arrays,MATSORTDIAG,Sort Matrix Diagonally,https://www.codechef.com/problems/MATSORTDIAG,Data Structures -> 2D Array / Matrices
duplicate_code,Data Structures,Intermediate Arrays and 2D Arrays,MATSORTDIAG,Sort Matrix Diagonally,https://www.codechef.com/problems/MATSORTDIAG,Data Structures -> 2D Array / Matrices
duplicate_name,Data Structures,Intermediate Arrays and 2D Arrays,MATSORTDIAG,Sort Matrix Diagonally,https://www.codechef.com/problems/MATSORTDIAG,Data Structures -> 2D Array / Matrices
duplicate_url,Data Structures,Intermediate Arrays and 2D Arrays,MATSETZERO,Set Matrix Zeroes,https://www.codechef.com/problems/MATSETZERO,Data Structures -> 2D Array / Matrices
duplicate_code,Data Structures,Intermediate Arrays and 2D Arrays,MATSETZERO,Set Matrix Zeroes,https://www.codechef.com/problems/MATSETZERO,Data Structures -> 2D Array / Matrices
duplicate_name,Data Structures,Intermediate Arrays and 2D Arrays,MATSETZERO,Set Matrix Zeroes,https://www.codechef.com/problems/MATSETZERO,Data Structures -> 2D Array / Matrices
duplicate_url,Data Structures,Intermediate Arrays and 2D Arrays,MATROTATE,Matrix Rotations,https://www.codechef.com/problems/MATROTATE,Data Structures -> 2D Array / Matrices
duplicate_code,Data Structures,Intermediate Arrays and 2D Arrays,MATROTATE,Matrix Rotations,https://www.codechef.com/problems/MATROTATE,Data Structures -> 2D Array / Matrices
duplicate_name,Data Structures,Intermediate Arrays and 2D Arrays,MATROTATE,Matrix Rotations,https://www.codechef.com/problems/MATROTATE,Data Structures -> 2D Array / Matrices
duplicate_url,Data Structures,Intermediate Arrays and 2D Arrays,MATMAXROW,Row With Maximum Ones,https://www.codechef.com/problems/MATMAXROW,Data Structures -> 2D Array / Matrices
duplicate_code,Data Structures,Intermediate Arrays and 2D Arrays,MATMAXROW,Row With Maximum Ones,https://www.codechef.com/problems/MATMAXROW,Data Structures -> 2D Array / Matrices
duplicate_name,Data Structures,Intermediate Arrays and 2D Arrays,MATMAXROW,Row With Maximum Ones,https://www.codechef.com/problems/MATMAXROW,Data Structures -> 2D Array / Matrices
duplicate_url,Data Structures,Intermediate Arrays and 2D Arrays,MATEQRC,Equal Rows and Columns,https://www.codechef.com/problems/MATEQRC,Data Structures -> 2D Array / Matrices
duplicate_code,Data Structures,Intermediate Arrays and 2D Arrays,MATEQRC,Equal Rows and Columns,https://www.codechef.com/problems/MATEQRC,Data Structures -> 2D Array / Matrices
duplicate_name,Data Structures,Intermediate Arrays and 2D Arrays,MATEQRC,Equal Rows and Columns,https://www.codechef.com/problems/MATEQRC,Data Structures -> 2D Array / Matrices
duplicate_url,Data Structures,Intermediate Arrays and 2D Arrays,MATMINPATH,Path With Minimum Sum,https://www.codechef.com/problems/MATMINPATH,Data Structures -> 2D Array / Matrices
duplicate_code,Data Structures,Intermediate Arrays and 2D Arrays,MATMINPATH,Path With Minimum Sum,https://www.codechef.com/problems/MATMINPATH,Data Structures -> 2D Array / Matrices
duplicate_name,Data Structures,Intermediate Arrays and 2D Arrays,MATMINPATH,Path With Minimum Sum,https://www.codechef.com/problems/MATMINPATH,Data Structures -> 2D Array / Matrices
duplicate_url,Data Structures,Intermediate Arrays and 2D Arrays,MATSPIRAL,Print Matrix In Spiral Fashion,https://www.codechef.com/problems/MATSPIRAL,Data Structures -> 2D Array / Matrices
duplicate_code,Data Structures,Intermediate Arrays and 2D Arrays,MATSPIRAL,Print Matrix In Spiral Fashion,https://www.codechef.com/problems/MATSPIRAL,Data Structures -> 2D Array / Matrices
duplicate_name,Data Structures,Intermediate Arrays and 2D Arrays,MATSPIRAL,Print Matrix In Spiral Fashion,https://www.codechef.com/problems/MATSPIRAL,Data Structures -> 2D Array / Matrices
duplicate_url,Data Structures,Intermediate Arrays and 2D Arrays,MATMAXISLAND,Maximum Area Island,https://www.codechef.com/problems/MATMAXISLAND,Data Structures -> 2D Array / Matrices
duplicate_code,Data Structures,Intermediate Arrays and 2D Arrays,MATMAXISLAND,Maximum Area Island,https://www.codechef.com/problems/MATMAXISLAND,Data Structures -> 2D Array / Matrices
duplicate_name,Data Structures,Intermediate Arrays and 2D Arrays,MATMAXISLAND,Maximum Area Island,https://www.codechef.com/problems/MATMAXISLAND,Data Structures -> 2D Array / Matrices
duplicate_url,Data Structures,Intermediate Arrays and 2D Arrays,MATSEARCH,Search In Matrix,https://www.codechef.com/problems/MATSEARCH,Data Structures -> 2D Array / Matrices
duplicate_code,Data Structures,Intermediate Arrays and 2D Arrays,MATSEARCH,Search In Matrix,https://www.codechef.com/problems/MATSEARCH,Data Structures -> 2D Array / Matrices
duplicate_name,Data Structures,Intermediate Arrays and 2D Arrays,MATSEARCH,Search In Matrix,https://www.codechef.com/problems/MATSEARCH,Data Structures -> 2D Array / Matrices
duplicate_url,Algorithms,"Arrays, Strings & Sorting",LAPIN,Lapindromes,https://www.codechef.com/problems/LAPIN,Data Structures -> Practice Strings - Intermediate
duplicate_code,Algorithms,"Arrays, Strings & Sorting",LAPIN,Lapindromes,https://www.codechef.com/problems/LAPIN,Data Structures -> Practice Strings - Intermediate
duplicate_name,Algorithms,"Arrays, Strings & Sorting",LAPIN,Lapindromes,https://www.codechef.com/problems/LAPIN,Data Structures -> Practice Strings - Intermediate
duplicate_name,Algorithms,Greedy Algorithms,XYSTR,Chef and String,https://www.codechef.com/problems/XYSTR,Algorithms -> Greedy Algorithms
duplicate_url,Algorithms,Greedy Algorithms,COOKIEDIST,Cookie distribution,https://www.codechef.com/problems/COOKIEDIST,Data Structures -> Monday Munch - DSA Challenge practice series
duplicate_code,Algorithms,Greedy Algorithms,COOKIEDIST,Cookie distribution,https://www.codechef.com/problems/COOKIEDIST,Data Structures -> Monday Munch - DSA Challenge practice series
duplicate_name,Algorithms,Greedy Algorithms,COOKIEDIST,Cookie distribution,https://www.codechef.com/problems/COOKIEDIST,Data Structures -> Monday Munch - DSA Challenge practice series
duplicate_url,Algorithms,Greedy Algorithms,MAXDIFF,Maximum Weight Difference,https://www.codechef.com/problems/MAXDIFF,Beginner DSA -> Practice Sorting
duplicate_code,Algorithms,Greedy Algorithms,MAXDIFF,Maximum Weight Difference,https://www.codechef.com/problems/MAXDIFF,Beginner DSA -> Practice Sorting
duplicate_name,Algorithms,Greedy Algorithms,MAXDIFF,Maximum Weight Difference,https://www.codechef.com/problems/MAXDIFF,Beginner DSA -> Practice Sorting
duplicate_url,Algorithms,Greedy Algorithms,GBHHA01,Chef Combines Intervals,https://www.codechef.com/problems/GBHHA01,Data Structures -> Monday Munch - DSA Challenge practice series
duplicate_code,Algorithms,Greedy Algorithms,GBHHA01,Chef Combines Intervals,https://www.codechef.com/problems/GBHHA01,Data Structures -> Monday Munch - DSA Challenge practice series
duplicate_name,Algorithms,Greedy Algorithms,GBHHA01,Chef Combines Intervals,https://www.codechef.com/problems/GBHHA01,Data Structures -> Monday Munch - DSA Challenge practice series
duplicate_url,Algorithms,Greedy Algorithms,COCRZ01,Chef Removes Overlapping Intervals,https://www.codechef.com/problems/COCRZ01,Data Structures -> Monday Munch - DSA Challenge practice series
duplicate_code,Algorithms,Greedy Algorithms,COCRZ01,Chef Removes Overlapping Intervals,https://www.codechef.com/problems/COCRZ01,Data Structures -> Monday Munch - DSA Challenge practice series
duplicate_name,Algorithms,Greedy Algorithms,COCRZ01,Chef Removes Overlapping Intervals,https://www.codechef.com/problems/COCRZ01,Data Structures -> Monday Munch - DSA Challenge practice series
duplicate_name,Algorithms,Greedy Algorithms,ZCO15003,Covering,https://www.codechef.com/problems/ZCO15003,Algorithms -> Greedy Algorithms
duplicate_url,Algorithms,Greedy Algorithms,MAXSC,Maximum Score,https://www.codechef.com/problems/MAXSC,Data Structures -> Monday Munch - DSA Challenge practice series
duplicate_code,Algorithms,Greedy Algorithms,MAXSC,Maximum Score,https://www.codechef.com/problems/MAXSC,Data Structures -> Monday Munch - DSA Challenge practice series
duplicate_name,Algorithms,Greedy Algorithms,MAXSC,Maximum Score,https://www.codechef.com/problems/MAXSC,Data Structures -> Monday Munch - DSA Challenge practice series
duplicate_url,Algorithms,Greedy Algorithms,KLIP,K-Flip,https://www.codechef.com/problems/KLIP,Data Structures -> Monday Munch - DSA Challenge practice series
duplicate_code,Algorithms,Greedy Algorithms,KLIP,K-Flip,https://www.codechef.com/problems/KLIP,Data Structures -> Monday Munch - DSA Challenge practice series
duplicate_name,Algorithms,Greedy Algorithms,KLIP,K-Flip,https://www.codechef.com/problems/KLIP,Data Structures -> Monday Munch - DSA Challenge practice series
duplicate_url,Algorithms,Practice Binary Search,BSEX01,Search in a 2D Matrix,https://www.codechef.com/problems/BSEX01,Data Structures -> Monday Munch - DSA Challenge practice series
duplicate_code,Algorithms,Practice Binary Search,BSEX01,Search in a 2D Matrix,https://www.codechef.com/problems/BSEX01,Data Structures -> Monday Munch - DSA Challenge practice series
duplicate_name,Algorithms,Practice Binary Search,BSEX01,Search in a 2D Matrix,https://www.codechef.com/problems/BSEX01,Data Structures -> Monday Munch - DSA Challenge practice series
duplicate_url,Algorithms,Practice Binary Search,ROTATIONARAY,Find how many times the array have been rotated,https://www.codechef.com/problems/ROTATIONARAY,Data Structures -> Monday Munch - DSA Challenge practice series
duplicate_code,Algorithms,Practice Binary Search,ROTATIONARAY,Find how many times the array have been rotated,https://www.codechef.com/problems/ROTATIONARAY,Data Structures -> Monday Munch - DSA Challenge practice series
duplicate_name,Algorithms,Practice Binary Search,ROTATIONARAY,Find how many times the array have been rotated,https://www.codechef.com/problems/ROTATIONARAY,Data Structures -> Monday Munch - DSA Challenge practice series
duplicate_url,Algorithms,Practice Binary Search,MINEATING,Minimum Eating Speed,https://www.codechef.com/problems/MINEATING,Data Structures -> Monday Munch - DSA Challenge practice series
duplicate_code,Algorithms,Practice Binary Search,MINEATING,Minimum Eating Speed,https://www.codechef.com/problems/MINEATING,Data Structures -> Monday Munch - DSA Challenge practice series
duplicate_name,Algorithms,Practice Binary Search,MINEATING,Minimum Eating Speed,https://www.codechef.com/problems/MINEATING,Data Structures -> Monday Munch - DSA Challenge practice series
duplicate_url,Algorithms,Practice Binary Search,KTHMISSING,Kth missing positive,https://www.codechef.com/problems/KTHMISSING,Data Structures -> Monday Munch - DSA Challenge practice series
duplicate_code,Algorithms,Practice Binary Search,KTHMISSING,Kth missing positive,https://www.codechef.com/problems/KTHMISSING,Data Structures -> Monday Munch - DSA Challenge practice series
duplicate_name,Algorithms,Practice Binary Search,KTHMISSING,Kth missing positive,https://www.codechef.com/problems/KTHMISSING,Data Structures -> Monday Munch - DSA Challenge practice series
duplicate_url,Algorithms,Practice Binary Search,PAINTSHODOWN,The Great Painting Showdown,https://www.codechef.com/problems/PAINTSHODOWN,Data Structures -> Monday Munch - DSA Challenge practice series
duplicate_code,Algorithms,Practice Binary Search,PAINTSHODOWN,The Great Painting Showdown,https://www.codechef.com/problems/PAINTSHODOWN,Data Structures -> Monday Munch - DSA Challenge practice series
duplicate_name,Algorithms,Practice Binary Search,PAINTSHODOWN,The Great Painting Showdown,https://www.codechef.com/problems/PAINTSHODOWN,Data Structures -> Monday Munch - DSA Challenge practice series
duplicate_url,Algorithms,Practice Binary Search,SINGLESORTED,Lonely Element in Array,https://www.codechef.com/problems/SINGLESORTED,Data Structures -> Monday Munch - DSA Challenge practice series
duplicate_code,Algorithms,Practice Binary Search,SINGLESORTED,Lonely Element in Array,https://www.codechef.com/problems/SINGLESORTED,Data Structures -> Monday Munch - DSA Challenge practice series
duplicate_name,Algorithms,Practice Binary Search,SINGLESORTED,Lonely Element in Array,https://www.codechef.com/problems/SINGLESORTED,Data Structures -> Monday Munch - DSA Challenge practice series
duplicate_url,Algorithms,Practice Binary Search,KTHMISSING,Kth missing positive,https://www.codechef.com/problems/KTHMISSING,Data Structures -> Monday Munch - DSA Challenge practice series
duplicate_code,Algorithms,Practice Binary Search,KTHMISSING,Kth missing positive,https://www.codechef.com/problems/KTHMISSING,Data Structures -> Monday Munch - DSA Challenge practice series
duplicate_name,Algorithms,Practice Binary Search,KTHMISSING,Kth missing positive,https://www.codechef.com/problems/KTHMISSING,Data Structures -> Monday Munch - DSA Challenge practice series
duplicate_row,Algorithms,Practice Binary Search,KTHMISSING,Kth missing positive,https://www.codechef.com/problems/KTHMISSING,Data Structures -> Monday Munch - DSA Challenge practice series
duplicate_url,Algorithms,Dynamic programming,SUBINC,Count Subarrays,https://www.codechef.com/problems/SUBINC,Data Structures -> Monday Munch - DSA Challenge practice series
duplicate_code,Algorithms,Dynamic programming,SUBINC,Count Subarrays,https://www.codechef.com/problems/SUBINC,Data Structures -> Monday Munch - DSA Challenge practice series
duplicate_name,Algorithms,Dynamic programming,SUBINC,Count Subarrays,https://www.codechef.com/problems/SUBINC,Data Structures -> Monday Munch - DSA Challenge practice series
duplicate_url,Algorithms,Dynamic programming,BINARYSUB,Binary Substituition,https://www.codechef.com/problems/BINARYSUB,Data Structures -> Monday Munch - DSA Challenge practice series
duplicate_code,Algorithms,Dynamic programming,BINARYSUB,Binary Substituition,https://www.codechef.com/problems/BINARYSUB,Data Structures -> Monday Munch - DSA Challenge practice series
duplicate_name,Algorithms,Dynamic programming,BINARYSUB,Binary Substituition,https://www.codechef.com/problems/BINARYSUB,Data Structures -> Monday Munch - DSA Challenge practice series
duplicate_url,Algorithms,Dynamic programming,EIHKO01,Chef Counts Unique Paths,https://www.codechef.com/problems/EIHKO01,Data Structures -> Monday Munch - DSA Challenge practice series
duplicate_code,Algorithms,Dynamic programming,EIHKO01,Chef Counts Unique Paths,https://www.codechef.com/problems/EIHKO01,Data Structures -> Monday Munch - DSA Challenge practice series
duplicate_name,Algorithms,Dynamic programming,EIHKO01,Chef Counts Unique Paths,https://www.codechef.com/problems/EIHKO01,Data Structures -> Monday Munch - DSA Challenge practice series
duplicate_name,Algorithms,Dynamic programming,ZJIHK01,Chef Counts Unique Paths,https://www.codechef.com/problems/ZJIHK01,Algorithms -> Dynamic programming
duplicate_name,Algorithms,Dynamic programming,MAXCROSS,Maximal crosses,https://www.codechef.com/problems/MAXCROSS,Algorithms -> Dynamic programming
duplicate_url,Algorithms,Dynamic programming,COUNTSUBSETS,Count subsets with sum K,https://www.codechef.com/problems/COUNTSUBSETS,Data Structures -> Monday Munch - DSA Challenge practice series
duplicate_code,Algorithms,Dynamic programming,COUNTSUBSETS,Count subsets with sum K,https://www.codechef.com/problems/COUNTSUBSETS,Data Structures -> Monday Munch - DSA Challenge practice series
duplicate_name,Algorithms,Dynamic programming,COUNTSUBSETS,Count subsets with sum K,https://www.codechef.com/problems/COUNTSUBSETS,Data Structures -> Monday Munch - DSA Challenge practice series
duplicate_url,Algorithms,Dynamic programming,MAXLCS,Maximizing LCS,https://www.codechef.com/problems/MAXLCS,Data Structures -> Monday Munch - DSA Challenge practice series
duplicate_code,Algorithms,Dynamic programming,MAXLCS,Maximizing LCS,https://www.codechef.com/problems/MAXLCS,Data Structures -> Monday Munch - DSA Challenge practice series
duplicate_name,Algorithms,Dynamic programming,MAXLCS,Maximizing LCS,https://www.codechef.com/problems/MAXLCS,Data Structures -> Monday Munch - DSA Challenge practice series
duplicate_url,Algorithms,Dynamic programming,TXBCN01,Chef Solves Word Break,https://www.codechef.com/problems/TXBCN01,Data Structures -> Monday Munch - DSA Challenge practice series
duplicate_code,Algorithms,Dynamic programming,TXBCN01,Chef Solves Word Break,https://www.codechef.com/problems/TXBCN01,Data Structures -> Monday Munch - DSA Challenge practice series
duplicate_name,Algorithms,Dynamic programming,TXBCN01,Chef Solves Word Break,https://www.codechef.com/problems/TXBCN01,Data Structures -> Monday Munch - DSA Challenge practice series
duplicate_url,Algorithms,Dynamic programming,NINJATRAIN,Ninja Training,https://www.codechef.com/problems/NINJATRAIN,Data Structures -> Monday Munch - DSA Challenge practice series
duplicate_code,Algorithms,Dynamic programming,NINJATRAIN,Ninja Training,https://www.codechef.com/problems/NINJATRAIN,Data Structures -> Monday Munch - DSA Challenge practice series
duplicate_name,Algorithms,Dynamic programming,NINJATRAIN,Ninja Training,https://www.codechef.com/problems/NINJATRAIN,Data Structures -> Monday Munch - DSA Challenge practice series
duplicate_url,Algorithms,Dynamic programming,COUNTPAL,Count palindromes,https://www.codechef.com/problems/COUNTPAL,Data Structures -> Monday Munch - DSA Challenge practice series
duplicate_code,Algorithms,Dynamic programming,COUNTPAL,Count palindromes,https://www.codechef.com/problems/COUNTPAL,Data Structures -> Monday Munch - DSA Challenge practice series
duplicate_name,Algorithms,Dynamic programming,COUNTPAL,Count palindromes,https://www.codechef.com/problems/COUNTPAL,Data Structures -> Monday Munch - DSA Challenge practice series
duplicate_url,Algorithms,Dynamic programming,NASTA01,Chef Maximizes Stock Profit - 2,https://www.codechef.com/problems/NASTA01,Data Structures -> Monday Munch - DSA Challenge practice series
duplicate_code,Algorithms,Dynamic programming,NASTA01,Chef Maximizes Stock Profit - 2,https://www.codechef.com/problems/NASTA01,Data Structures -> Monday Munch - DSA Challenge practice series
duplicate_name,Algorithms,Dynamic programming,NASTA01,Chef Maximizes Stock Profit - 2,https://www.codechef.com/problems/NASTA01,Data Structures -> Monday Munch - DSA Challenge practice series
duplicate_url,Algorithms,Dynamic programming,VUUDN01,Chef Calculates Edit Distance,https://www.codechef.com/problems/VUUDN01,Data Structures -> Monday Munch - DSA Challenge practice series
duplicate_code,Algorithms,Dynamic programming,VUUDN01,Chef Calculates Edit Distance,https://www.codechef.com/problems/VUUDN01,Data Structures -> Monday Munch - DSA Challenge practice series
duplicate_name,Algorithms,Dynamic programming,VUUDN01,Chef Calculates Edit Distance,https://www.codechef.com/problems/VUUDN01,Data Structures -> Monday Munch - DSA Challenge practice series
duplicate_url,Algorithms,Dynamic programming,NZRYT01,Chef Finds Stock Profit - 3,https://www.codechef.com/problems/NZRYT01,Data Structures -> Monday Munch - DSA Challenge practice series
duplicate_code,Algorithms,Dynamic programming,NZRYT01,Chef Finds Stock Profit - 3,https://www.codechef.com/problems/NZRYT01,Data Structures -> Monday Munch - DSA Challenge practice series
duplicate_name,Algorithms,Dynamic programming,NZRYT01,Chef Finds Stock Profit - 3,https://www.codechef.com/problems/NZRYT01,Data Structures -> Monday Munch - DSA Challenge practice series
duplicate_url,Algorithms,Dynamic programming,CHEFANDTWOFR,Chef and His Two Friends,https://www.codechef.com/problems/CHEFANDTWOFR,Data Structures -> Monday Munch - DSA Challenge practice series
duplicate_code,Algorithms,Dynamic programming,CHEFANDTWOFR,Chef and His Two Friends,https://www.codechef.com/problems/CHEFANDTWOFR,Data Structures -> Monday Munch - DSA Challenge practice series
duplicate_name,Algorithms,Dynamic programming,CHEFANDTWOFR,Chef and His Two Friends,https://www.codechef.com/problems/CHEFANDTWOFR,Data Structures -> Monday Munch - DSA Challenge practice series
duplicate_url,Algorithms,Number theory,ODDSUMPAIR,Odd Sum Pair,https://www.codechef.com/problems/ODDSUMPAIR,Data Structures -> Monday Munch - DSA Challenge practice series
duplicate_code,Algorithms,Number theory,ODDSUMPAIR,Odd Sum Pair,https://www.codechef.com/problems/ODDSUMPAIR,Data Structures -> Monday Munch - DSA Challenge practice series
duplicate_name,Algorithms,Number theory,ODDSUMPAIR,Odd Sum Pair,https://www.codechef.com/problems/ODDSUMPAIR,Data Structures -> Monday Munch - DSA Challenge practice series
duplicate_url,Algorithms,Number theory,BOOKPAGES,Divide Pages,https://www.codechef.com/problems/BOOKPAGES,Data Structures -> Monday Munch - DSA Challenge practice series
duplicate_code,Algorithms,Number theory,BOOKPAGES,Divide Pages,https://www.codechef.com/problems/BOOKPAGES,Data Structures -> Monday Munch - DSA Challenge practice series
duplicate_name,Algorithms,Number theory,BOOKPAGES,Divide Pages,https://www.codechef.com/problems/BOOKPAGES,Data Structures -> Monday Munch - DSA Challenge practice series
duplicate_name,Algorithms,Number theory,APPLEORANGE,Apples and oranges,https://www.codechef.com/problems/APPLEORANGE,Algorithms -> Number theory
duplicate_url,Algorithms,Two Pointers and Sliding Window Technique,DSCPPAS276,Check Palindrome,https://www.codechef.com/problems/DSCPPAS276,Data Structures -> Monday Munch - DSA Challenge practice series
duplicate_code,Algorithms,Two Pointers and Sliding Window Technique,DSCPPAS276,Check Palindrome,https://www.codechef.com/problems/DSCPPAS276,Data Structures -> Monday Munch - DSA Challenge practice series
duplicate_name,Algorithms,Two Pointers and Sliding Window Technique,DSCPPAS276,Check Palindrome,https://www.codechef.com/problems/DSCPPAS276,Data Structures -> Monday Munch - DSA Challenge practice series
duplicate_url,Algorithms,Two Pointers and Sliding Window Technique,DSAPROB20,Largest Common Element in Two Arrays,https://www.codechef.com/problems/DSAPROB20,Data Structures -> Monday Munch - DSA Challenge practice series
duplicate_code,Algorithms,Two Pointers and Sliding Window Technique,DSAPROB20,Largest Common Element in Two Arrays,https://www.codechef.com/problems/DSAPROB20,Data Structures -> Monday Munch - DSA Challenge practice series
duplicate_name,Algorithms,Two Pointers and Sliding Window Technique,DSAPROB20,Largest Common Element in Two Arrays,https://www.codechef.com/problems/DSAPROB20,Data Structures -> Monday Munch - DSA Challenge practice series
duplicate_url,Algorithms,Two Pointers and Sliding Window Technique,SLDW0102,Maximum Sum of K Elements,https://www.codechef.com/problems/SLDW0102,Data Structures -> Monday Munch - DSA Challenge practice series
duplicate_code,Algorithms,Two Pointers and Sliding Window Technique,SLDW0102,Maximum Sum of K Elements,https://www.codechef.com/problems/SLDW0102,Data Structures -> Monday Munch - DSA Challenge practice series
duplicate_name,Algorithms,Two Pointers and Sliding Window Technique,SLDW0102,Maximum Sum of K Elements,https://www.codechef.com/problems/SLDW0102,Data Structures -> Monday Munch - DSA Challenge practice series
duplicate_url,Algorithms,Two Pointers and Sliding Window Technique,SLDW0103,Longest Substring Without Repeating Characters,https://www.codechef.com/problems/SLDW0103,Data Structures -> Monday Munch - DSA Challenge practice series
duplicate_code,Algorithms,Two Pointers and Sliding Window Technique,SLDW0103,Longest Substring Without Repeating Characters,https://www.codechef.com/problems/SLDW0103,Data Structures -> Monday Munch - DSA Challenge practice series
duplicate_name,Algorithms,Two Pointers and Sliding Window Technique,SLDW0103,Longest Substring Without Repeating Characters,https://www.codechef.com/problems/SLDW0103,Data Structures -> Monday Munch - DSA Challenge practice series
duplicate_url,Algorithms,Two Pointers and Sliding Window Technique,SLDW0104,Special Substring,https://www.codechef.com/problems/SLDW0104,Data Structures -> Monday Munch - DSA Challenge practice series
duplicate_code,Algorithms,Two Pointers and Sliding Window Technique,SLDW0104,Special Substring,https://www.codechef.com/problems/SLDW0104,Data Structures -> Monday Munch - DSA Challenge practice series
duplicate_name,Algorithms,Two Pointers and Sliding Window Technique,SLDW0104,Special Substring,https://www.codechef.com/problems/SLDW0104,Data Structures -> Monday Munch - DSA Challenge practice series
duplicate_url,Algorithms,Two Pointers and Sliding Window Technique,SPSBTR,Special Substring,https://www.codechef.com/problems/SPSBTR,Data Structures -> Monday Munch - DSA Challenge practice series
duplicate_code,Algorithms,Two Pointers and Sliding Window Technique,SPSBTR,Special Substring,https://www.codechef.com/problems/SPSBTR,Data Structures -> Monday Munch - DSA Challenge practice series
duplicate_name,Algorithms,Two Pointers and Sliding Window Technique,SPSBTR,Special Substring,https://www.codechef.com/problems/SPSBTR,Data Structures -> Monday Munch - DSA Challenge practice series
duplicate_url,Algorithms,Two Pointers and Sliding Window Technique,FRUITBASKET,Put fruits into basket,https://www.codechef.com/problems/FRUITBASKET,Data Structures -> Monday Munch - DSA Challenge practice series
duplicate_code,Algorithms,Two Pointers and Sliding Window Technique,FRUITBASKET,Put fruits into basket,https://www.codechef.com/problems/FRUITBASKET,Data Structures -> Monday Munch - DSA Challenge practice series
duplicate_name,Algorithms,Two Pointers and Sliding Window Technique,FRUITBASKET,Put fruits into basket,https://www.codechef.com/problems/FRUITBASKET,Data Structures -> Monday Munch - DSA Challenge practice series
duplicate_name,Algorithms,Two Pointers and Sliding Window Technique,MAXSEGM,Maximum Unique Segment,https://www.codechef.com/problems/MAXSEGM,Algorithms -> Two Pointers and Sliding Window Technique
duplicate_url,Algorithms,Bit manipulation,BITMEDU4,"Least significant bit, and most significant bit",https://www.codechef.com/problems/BITMEDU4,Data Structures -> Monday Munch - DSA Challenge practice series
duplicate_code,Algorithms,Bit manipulation,BITMEDU4,"Least significant bit, and most significant bit",https://www.codechef.com/problems/BITMEDU4,Data Structures -> Monday Munch - DSA Challenge practice series
duplicate_name,Algorithms,Bit manipulation,BITMEDU4,"Least significant bit, and most significant bit",https://www.codechef.com/problems/BITMEDU4,Data Structures -> Monday Munch - DSA Challenge practice series
duplicate_url,Algorithms,Bit manipulation,BITMEDU5,Count of set bits,https://www.codechef.com/problems/BITMEDU5,Data Structures -> Monday Munch - DSA Challenge practice series
duplicate_code,Algorithms,Bit manipulation,BITMEDU5,Count of set bits,https://www.codechef.com/problems/BITMEDU5,Data Structures -> Monday Munch - DSA Challenge practice series
duplicate_name,Algorithms,Bit manipulation,BITMEDU5,Count of set bits,https://www.codechef.com/problems/BITMEDU5,Data Structures -> Monday Munch - DSA Challenge practice series
duplicate_url,Algorithms,Bit manipulation,ANDOR,AND Plus OR,https://www.codechef.com/problems/ANDOR,Data Structures -> Monday Munch - DSA Challenge practice series
duplicate_code,Algorithms,Bit manipulation,ANDOR,AND Plus OR,https://www.codechef.com/problems/ANDOR,Data Structures -> Monday Munch - DSA Challenge practice series
duplicate_name,Algorithms,Bit manipulation,ANDOR,AND Plus OR,https://www.codechef.com/problems/ANDOR,Data Structures -> Monday Munch - DSA Challenge practice series
duplicate_url,Algorithms,Bit manipulation,XORRANGE,XOR of numbers in a range,https://www.codechef.com/problems/XORRANGE,Data Structures -> Monday Munch - DSA Challenge practice series
duplicate_code,Algorithms,Bit manipulation,XORRANGE,XOR of numbers in a range,https://www.codechef.com/problems/XORRANGE,Data Structures -> Monday Munch - DSA Challenge practice series
duplicate_name,Algorithms,Bit manipulation,XORRANGE,XOR of numbers in a range,https://www.codechef.com/problems/XORRANGE,Data Structures -> Monday Munch - DSA Challenge practice series
duplicate_name,Algorithms,Bit manipulation,CVDMX01,Chef Builds Subsets,https://www.codechef.com/problems/CVDMX01,Algorithms -> Bit manipulation
duplicate_url,Algorithms,Bit manipulation,TWOUNIQUE,Find the Two Unique Numbers,https://www.codechef.com/problems/TWOUNIQUE,Data Structures -> Monday Munch - DSA Challenge practice series
duplicate_code,Algorithms,Bit manipulation,TWOUNIQUE,Find the Two Unique Numbers,https://www.codechef.com/problems/TWOUNIQUE,Data Structures -> Monday Munch - DSA Challenge practice series
duplicate_name,Algorithms,Bit manipulation,TWOUNIQUE,Find the Two Unique Numbers,https://www.codechef.com/problems/TWOUNIQUE,Data Structures -> Monday Munch - DSA Challenge practice series
duplicate_name,Algorithms,Bit manipulation,LARGESTY,Largest Y,https://www.codechef.com/problems/LARGESTY,Algorithms -> Bit manipulation
duplicate_name,Algorithms,Bit manipulation,HXOR,Hail XOR,https://www.codechef.com/problems/HXOR,Algorithms -> Bit manipulation
duplicate_url,Algorithms,Prefix Sum Problems,PREFPRO1,Creating Prefix Array,https://www.codechef.com/problems/PREFPRO1,Beginner DSA -> Practice Arrays
duplicate_code,Algorithms,Prefix Sum Problems,PREFPRO1,Creating Prefix Array,https://www.codechef.com/problems/PREFPRO1,Beginner DSA -> Practice Arrays
duplicate_name,Algorithms,Prefix Sum Problems,PREFPRO1,Creating Prefix Array,https://www.codechef.com/problems/PREFPRO1,Beginner DSA -> Practice Arrays
duplicate_url,Algorithms,Prefix Sum Problems,PREFPRO2,Optimization Using Prefix Array,https://www.codechef.com/problems/PREFPRO2,Beginner DSA -> Practice Arrays
duplicate_code,Algorithms,Prefix Sum Problems,PREFPRO2,Optimization Using Prefix Array,https://www.codechef.com/problems/PREFPRO2,Beginner DSA -> Practice Arrays
duplicate_name,Algorithms,Prefix Sum Problems,PREFPRO2,Optimization Using Prefix Array,https://www.codechef.com/problems/PREFPRO2,Beginner DSA -> Practice Arrays
duplicate_url,Algorithms,Prefix Sum Problems,NUM239,Counting Pretty Numbers,https://www.codechef.com/problems/NUM239,Beginner DSA -> Practice Arrays
duplicate_code,Algorithms,Prefix Sum Problems,NUM239,Counting Pretty Numbers,https://www.codechef.com/problems/NUM239,Beginner DSA -> Practice Arrays
duplicate_name,Algorithms,Prefix Sum Problems,NUM239,Counting Pretty Numbers,https://www.codechef.com/problems/NUM239,Beginner DSA -> Practice Arrays
duplicate_url,Algorithms,Prefix Sum Problems,CHEFSUM,Little Chef and Sums,https://www.codechef.com/problems/CHEFSUM,Beginner DSA -> Practice Arrays
duplicate_code,Algorithms,Prefix Sum Problems,CHEFSUM,Little Chef and Sums,https://www.codechef.com/problems/CHEFSUM,Beginner DSA -> Practice Arrays
duplicate_name,Algorithms,Prefix Sum Problems,CHEFSUM,Little Chef and Sums,https://www.codechef.com/problems/CHEFSUM,Beginner DSA -> Practice Arrays
duplicate_url,Algorithms,Prefix Sum Problems,PREFPRO5,Suffix Arrays,https://www.codechef.com/problems/PREFPRO5,Beginner DSA -> Practice Arrays
duplicate_code,Algorithms,Prefix Sum Problems,PREFPRO5,Suffix Arrays,https://www.codechef.com/problems/PREFPRO5,Beginner DSA -> Practice Arrays
duplicate_name,Algorithms,Prefix Sum Problems,PREFPRO5,Suffix Arrays,https://www.codechef.com/problems/PREFPRO5,Beginner DSA -> Practice Arrays
duplicate_url,Algorithms,Prefix Sum Problems,PREFPRO3,Good subarrays,https://www.codechef.com/problems/PREFPRO3,Data Structures -> Monday Munch - DSA Challenge practice series
duplicate_code,Algorithms,Prefix Sum Problems,PREFPRO3,Good subarrays,https://www.codechef.com/problems/PREFPRO3,Data Structures -> Monday Munch - DSA Challenge practice series
duplicate_name,Algorithms,Prefix Sum Problems,PREFPRO3,Good subarrays,https://www.codechef.com/problems/PREFPRO3,Data Structures -> Monday Munch - DSA Challenge practice series
duplicate_url,Algorithms,Prefix Sum Problems,SEGFAULT,Segmentation Fault,https://www.codechef.com/problems/SEGFAULT,Data Structures -> Monday Munch - DSA Challenge practice series
duplicate_code,Algorithms,Prefix Sum Problems,SEGFAULT,Segmentation Fault,https://www.codechef.com/problems/SEGFAULT,Data Structures -> Monday Munch - DSA Challenge practice series
duplicate_name,Algorithms,Prefix Sum Problems,SEGFAULT,Segmentation Fault,https://www.codechef.com/problems/SEGFAULT,Data Structures -> Monday Munch - DSA Challenge practice series
duplicate_url,Algorithms,Prefix Sum Problems,TRIPLETMIN,Triplets Min,https://www.codechef.com/problems/TRIPLETMIN,Data Structures -> Monday Munch - DSA Challenge practice series
duplicate_code,Algorithms,Prefix Sum Problems,TRIPLETMIN,Triplets Min,https://www.codechef.com/problems/TRIPLETMIN,Data Structures -> Monday Munch - DSA Challenge practice series
duplicate_name,Algorithms,Prefix Sum Problems,TRIPLETMIN,Triplets Min,https://www.codechef.com/problems/TRIPLETMIN,Data Structures -> Monday Munch - DSA Challenge practice series
duplicate_url,Algorithms,Advanced Arrays and Strings,THREESUM,Zero Sum Triplets,https://www.codechef.com/problems/THREESUM,Data Structures -> Monday Munch - DSA Challenge practice series
duplicate_code,Algorithms,Advanced Arrays and Strings,THREESUM,Zero Sum Triplets,https://www.codechef.com/problems/THREESUM,Data Structures -> Monday Munch - DSA Challenge practice series
duplicate_name,Algorithms,Advanced Arrays and Strings,THREESUM,Zero Sum Triplets,https://www.codechef.com/problems/THREESUM,Data Structures -> Monday Munch - DSA Challenge practice series
duplicate_url,Algorithms,Advanced Arrays and Strings,PREP27,Hashing - Four Sum,https://www.codechef.com/problems/PREP27,Data Structures -> Monday Munch - DSA Challenge practice series
duplicate_code,Algorithms,Advanced Arrays and Strings,PREP27,Hashing - Four Sum,https://www.codechef.com/problems/PREP27,Data Structures -> Monday Munch - DSA Challenge practice series
duplicate_name,Algorithms,Advanced Arrays and Strings,PREP27,Hashing - Four Sum,https://www.codechef.com/problems/PREP27,Data Structures -> Monday Munch - DSA Challenge practice series
duplicate_url,Algorithms,Advanced Arrays and Strings,MAXPROSUBARR,Chef and the Magical Subarray,https://www.codechef.com/problems/MAXPROSUBARR,Data Structures -> Monday Munch - DSA Challenge practice series
duplicate_code,Algorithms,Advanced Arrays and Strings,MAXPROSUBARR,Chef and the Magical Subarray,https://www.codechef.com/problems/MAXPROSUBARR,Data Structures -> Monday Munch - DSA Challenge practice series
duplicate_name,Algorithms,Advanced Arrays and Strings,MAXPROSUBARR,Chef and the Magical Subarray,https://www.codechef.com/problems/MAXPROSUBARR,Data Structures -> Monday Munch - DSA Challenge practice series
duplicate_url,Algorithms,Advanced Arrays and Strings,MAXSUBARR,Maximum Subarray,https://www.codechef.com/problems/MAXSUBARR,Data Structures -> Monday Munch - DSA Challenge practice series
duplicate_code,Algorithms,Advanced Arrays and Strings,MAXSUBARR,Maximum Subarray,https://www.codechef.com/problems/MAXSUBARR,Data Structures -> Monday Munch - DSA Challenge practice series
duplicate_name,Algorithms,Advanced Arrays and Strings,MAXSUBARR,Maximum Subarray,https://www.codechef.com/problems/MAXSUBARR,Data Structures -> Monday Munch - DSA Challenge practice series
duplicate_url,Algorithms,Advanced Arrays and Strings,MERGEINTER,Merge Overlapping intervals,https://www.codechef.com/problems/MERGEINTER,Data Structures -> Monday Munch - DSA Challenge practice series
duplicate_code,Algorithms,Advanced Arrays and Strings,MERGEINTER,Merge Overlapping intervals,https://www.codechef.com/problems/MERGEINTER,Data Structures -> Monday Munch - DSA Challenge practice series
duplicate_name,Algorithms,Advanced Arrays and Strings,MERGEINTER,Merge Overlapping intervals,https://www.codechef.com/problems/MERGEINTER,Data Structures -> Monday Munch - DSA Challenge practice series
duplicate_url,Algorithms,Advanced Arrays and Strings,NEXTPERM,Next Permutation,https://www.codechef.com/problems/NEXTPERM,Data Structures -> Monday Munch - DSA Challenge practice series
duplicate_code,Algorithms,Advanced Arrays and Strings,NEXTPERM,Next Permutation,https://www.codechef.com/problems/NEXTPERM,Data Structures -> Monday Munch - DSA Challenge practice series
duplicate_name,Algorithms,Advanced Arrays and Strings,NEXTPERM,Next Permutation,https://www.codechef.com/problems/NEXTPERM,Data Structures -> Monday Munch - DSA Challenge practice series
duplicate_url,Algorithms,Advanced Arrays and Strings,MISSNDREPEAT,Find the repeating and missing number,https://www.codechef.com/problems/MISSNDREPEAT,Data Structures -> Monday Munch - DSA Challenge practice series
duplicate_code,Algorithms,Advanced Arrays and Strings,MISSNDREPEAT,Find the repeating and missing number,https://www.codechef.com/problems/MISSNDREPEAT,Data Structures -> Monday Munch - DSA Challenge practice series
duplicate_name,Algorithms,Advanced Arrays and Strings,MISSNDREPEAT,Find the repeating and missing number,https://www.codechef.com/problems/MISSNDREPEAT,Data Structures -> Monday Munch - DSA Challenge practice series
duplicate_url,Algorithms,Advanced Arrays and Strings,CNTINVERSION,Count Inversions,https://www.codechef.com/problems/CNTINVERSION,Data Structures -> Monday Munch - DSA Challenge practice series
duplicate_code,Algorithms,Advanced Arrays and Strings,CNTINVERSION,Count Inversions,https://www.codechef.com/problems/CNTINVERSION,Data Structures -> Monday Munch - DSA Challenge practice series
duplicate_name,Algorithms,Advanced Arrays and Strings,CNTINVERSION,Count Inversions,https://www.codechef.com/problems/CNTINVERSION,Data Structures -> Monday Munch - DSA Challenge practice series
duplicate_url,Algorithms,Advanced Arrays and Strings,REVERSEPAIRS,Count Reverse Pairs,https://www.codechef.com/problems/REVERSEPAIRS,Data Structures -> Monday Munch - DSA Challenge practice series
duplicate_code,Algorithms,Advanced Arrays and Strings,REVERSEPAIRS,Count Reverse Pairs,https://www.codechef.com/problems/REVERSEPAIRS,Data Structures -> Monday Munch - DSA Challenge practice series
duplicate_name,Algorithms,Advanced Arrays and Strings,REVERSEPAIRS,Count Reverse Pairs,https://www.codechef.com/problems/REVERSEPAIRS,Data Structures -> Monday Munch - DSA Challenge practice series
duplicate_url,Algorithms,Advanced Arrays and Strings,MINNOTES,Optimal Denomination,https://www.codechef.com/problems/MINNOTES,Algorithms -> Prefix Sum Problems
duplicate_code,Algorithms,Advanced Arrays and Strings,MINNOTES,Optimal Denomination,https://www.codechef.com/problems/MINNOTES,Algorithms -> Prefix Sum Problems
duplicate_name,Algorithms,Advanced Arrays and Strings,MINNOTES,Optimal Denomination,https://www.codechef.com/problems/MINNOTES,Algorithms -> Prefix Sum Problems
duplicate_url,Algorithms,Advanced Arrays and Strings,PREFPRO3,Good subarrays,https://www.codechef.com/problems/PREFPRO3,Data Structures -> Monday Munch - DSA Challenge practice series
duplicate_code,Algorithms,Advanced Arrays and Strings,PREFPRO3,Good subarrays,https://www.codechef.com/problems/PREFPRO3,Data Structures -> Monday Munch - DSA Challenge practice series
duplicate_name,Algorithms,Advanced Arrays and Strings,PREFPRO3,Good subarrays,https://www.codechef.com/problems/PREFPRO3,Data Structures -> Monday Munch - DSA Challenge practice series
duplicate_url,Algorithms,Advanced Arrays and Strings,PREFPRO4,Good Subarrays 2,https://www.codechef.com/problems/PREFPRO4,Algorithms -> Prefix Sum Problems
duplicate_code,Algorithms,Advanced Arrays and Strings,PREFPRO4,Good Subarrays 2,https://www.codechef.com/problems/PREFPRO4,Algorithms -> Prefix Sum Problems
duplicate_name,Algorithms,Advanced Arrays and Strings,PREFPRO4,Good Subarrays 2,https://www.codechef.com/problems/PREFPRO4,Algorithms -> Prefix Sum Problems
duplicate_url,Algorithms,Advanced Arrays and Strings,RECTQUER,Rectangular Queries,https://www.codechef.com/problems/RECTQUER,Algorithms -> Prefix Sum Problems
duplicate_code,Algorithms,Advanced Arrays and Strings,RECTQUER,Rectangular Queries,https://www.codechef.com/problems/RECTQUER,Algorithms -> Prefix Sum Problems
duplicate_name,Algorithms,Advanced Arrays and Strings,RECTQUER,Rectangular Queries,https://www.codechef.com/problems/RECTQUER,Algorithms -> Prefix Sum Problems
duplicate_url,Algorithms,Advanced Arrays and Strings,SEGFAULT,Segmentation Fault,https://www.codechef.com/problems/SEGFAULT,Data Structures -> Monday Munch - DSA Challenge practice series
duplicate_code,Algorithms,Advanced Arrays and Strings,SEGFAULT,Segmentation Fault,https://www.codechef.com/problems/SEGFAULT,Data Structures -> Monday Munch - DSA Challenge practice series
duplicate_name,Algorithms,Advanced Arrays and Strings,SEGFAULT,Segmentation Fault,https://www.codechef.com/problems/SEGFAULT,Data Structures -> Monday Munch - DSA Challenge practice series
duplicate_url,Algorithms,Advanced Arrays and Strings,CONSECUTIVE,Longest Consecutive Numbers in an Array,https://www.codechef.com/problems/CONSECUTIVE,Data Structures -> Monday Munch - DSA Challenge practice series
duplicate_code,Algorithms,Advanced Arrays and Strings,CONSECUTIVE,Longest Consecutive Numbers in an Array,https://www.codechef.com/problems/CONSECUTIVE,Data Structures -> Monday Munch - DSA Challenge practice series
duplicate_name,Algorithms,Advanced Arrays and Strings,CONSECUTIVE,Longest Consecutive Numbers in an Array,https://www.codechef.com/problems/CONSECUTIVE,Data Structures -> Monday Munch - DSA Challenge practice series
duplicate_url,Algorithms,Advanced Arrays and Strings,PRINTSUBARAY,Print subarray with maximum subarray sum,https://www.codechef.com/problems/PRINTSUBARAY,Data Structures -> Monday Munch - DSA Challenge practice series
duplicate_code,Algorithms,Advanced Arrays and Strings,PRINTSUBARAY,Print subarray with maximum subarray sum,https://www.codechef.com/problems/PRINTSUBARAY,Data Structures -> Monday Munch - DSA Challenge practice series
duplicate_name,Algorithms,Advanced Arrays and Strings,PRINTSUBARAY,Print subarray with maximum subarray sum,https://www.codechef.com/problems/PRINTSUBARAY,Data Structures -> Monday Munch - DSA Challenge practice series
duplicate_url,Algorithms,Advanced Arrays and Strings,MATMAXSQ,Maximal square of all ones,https://www.codechef.com/problems/MATMAXSQ,Data Structures -> 2D Array / Matrices
duplicate_code,Algorithms,Advanced Arrays and Strings,MATMAXSQ,Maximal square of all ones,https://www.codechef.com/problems/MATMAXSQ,Data Structures -> 2D Array / Matrices
duplicate_name,Algorithms,Advanced Arrays and Strings,MATMAXSQ,Maximal square of all ones,https://www.codechef.com/problems/MATMAXSQ,Data Structures -> 2D Array / Matrices
duplicate_url,Algorithms,Advanced Arrays and Strings,MATROTAPPLE,Rotting Apples,https://www.codechef.com/problems/MATROTAPPLE,Data Structures -> 2D Array / Matrices
duplicate_code,Algorithms,Advanced Arrays and Strings,MATROTAPPLE,Rotting Apples,https://www.codechef.com/problems/MATROTAPPLE,Data Structures -> 2D Array / Matrices
duplicate_name,Algorithms,Advanced Arrays and Strings,MATROTAPPLE,Rotting Apples,https://www.codechef.com/problems/MATROTAPPLE,Data Structures -> 2D Array / Matrices
duplicate_url,Algorithms,Advanced Arrays and Strings,MATNEARESTO,Distance to Nearest 0,https://www.codechef.com/problems/MATNEARESTO,Data Structures -> 2D Array / Matrices
duplicate_code,Algorithms,Advanced Arrays and Strings,MATNEARESTO,Distance to Nearest 0,https://www.codechef.com/problems/MATNEARESTO,Data Structures -> 2D Array / Matrices
duplicate_name,Algorithms,Advanced Arrays and Strings,MATNEARESTO,Distance to Nearest 0,https://www.codechef.com/problems/MATNEARESTO,Data Structures -> 2D Array / Matrices
duplicate_url,Algorithms,Advanced Arrays and Strings,MATMEDIAN,Median in Matrix,https://www.codechef.com/problems/MATMEDIAN,Data Structures -> 2D Array / Matrices
duplicate_code,Algorithms,Advanced Arrays and Strings,MATMEDIAN,Median in Matrix,https://www.codechef.com/problems/MATMEDIAN,Data Structures -> 2D Array / Matrices
duplicate_name,Algorithms,Advanced Arrays and Strings,MATMEDIAN,Median in Matrix,https://www.codechef.com/problems/MATMEDIAN,Data Structures -> 2D Array / Matrices
duplicate_url,Difficulty Rating Wise,500 difficulty rating,SNDMAX,Second Max of Three Numbers,https://www.codechef.com/problems/SNDMAX,Beginner DSA -> Practice Basic Math
duplicate_code,Difficulty Rating Wise,500 difficulty rating,SNDMAX,Second Max of Three Numbers,https://www.codechef.com/problems/SNDMAX,Beginner DSA -> Practice Basic Math
duplicate_name,Difficulty Rating Wise,500 difficulty rating,SNDMAX,Second Max of Three Numbers,https://www.codechef.com/problems/SNDMAX,Beginner DSA -> Practice Basic Math
duplicate_url,Difficulty Rating Wise,500 difficulty rating,FLOW002,Find Remainder,https://www.codechef.com/problems/FLOW002,Beginner DSA -> Practice Basic Math
duplicate_code,Difficulty Rating Wise,500 difficulty rating,FLOW002,Find Remainder,https://www.codechef.com/problems/FLOW002,Beginner DSA -> Practice Basic Math
duplicate_name,Difficulty Rating Wise,500 difficulty rating,FLOW002,Find Remainder,https://www.codechef.com/problems/FLOW002,Beginner DSA -> Practice Basic Math
duplicate_url,Difficulty Rating Wise,500 difficulty rating,FLOW006,Sum of Digits,https://www.codechef.com/problems/FLOW006,Beginner DSA -> Practice Basic Math
duplicate_code,Difficulty Rating Wise,500 difficulty rating,FLOW006,Sum of Digits,https://www.codechef.com/problems/FLOW006,Beginner DSA -> Practice Basic Math
duplicate_name,Difficulty Rating Wise,500 difficulty rating,FLOW006,Sum of Digits,https://www.codechef.com/problems/FLOW006,Beginner DSA -> Practice Basic Math
duplicate_name,Difficulty Rating Wise,500 difficulty rating,CHEFCHOCO,Chef and Chocolates,https://www.codechef.com/problems/CHEFCHOCO,Difficulty Rating Wise -> 500 difficulty rating
duplicate_url,Difficulty Rating Wise,500 to 1000 difficulty problems,CANDYDIST,Candy Distribution,https://www.codechef.com/problems/CANDYDIST,Data Structures -> Monday Munch - DSA Challenge practice series
duplicate_code,Difficulty Rating Wise,500 to 1000 difficulty problems,CANDYDIST,Candy Distribution,https://www.codechef.com/problems/CANDYDIST,Data Structures -> Monday Munch - DSA Challenge practice series
duplicate_name,Difficulty Rating Wise,500 to 1000 difficulty problems,CANDYDIST,Candy Distribution,https://www.codechef.com/problems/CANDYDIST,Data Structures -> Monday Munch - DSA Challenge practice series
duplicate_name,Difficulty Rating Wise,500 to 1000 difficulty problems,DICEGAME2,Best of Two,https://www.codechef.com/problems/DICEGAME2,Difficulty Rating Wise -> 500 to 1000 difficulty problems
duplicate_url,Difficulty Rating Wise,500 to 1000 difficulty problems,CONN,Construct N,https://www.codechef.com/problems/CONN,Beginner DSA -> Practice Basic Math
duplicate_code,Difficulty Rating Wise,500 to 1000 difficulty problems,CONN,Construct N,https://www.codechef.com/problems/CONN,Beginner DSA -> Practice Basic Math
duplicate_name,Difficulty Rating Wise,500 to 1000 difficulty problems,CONN,Construct N,https://www.codechef.com/problems/CONN,Beginner DSA -> Practice Basic Math
duplicate_url,Difficulty Rating Wise,500 to 1000 difficulty problems,NUM239,Counting Pretty Numbers,https://www.codechef.com/problems/NUM239,Beginner DSA -> Practice Arrays
duplicate_code,Difficulty Rating Wise,500 to 1000 difficulty problems,NUM239,Counting Pretty Numbers,https://www.codechef.com/problems/NUM239,Beginner DSA -> Practice Arrays
duplicate_name,Difficulty Rating Wise,500 to 1000 difficulty problems,NUM239,Counting Pretty Numbers,https://www.codechef.com/problems/NUM239,Beginner DSA -> Practice Arrays
duplicate_url,Difficulty Rating Wise,500 to 1000 difficulty problems,WCC,World Chess Championship,https://www.codechef.com/problems/WCC,Beginner DSA -> Practice Strings
duplicate_code,Difficulty Rating Wise,500 to 1000 difficulty problems,WCC,World Chess Championship,https://www.codechef.com/problems/WCC,Beginner DSA -> Practice Strings
duplicate_name,Difficulty Rating Wise,500 to 1000 difficulty problems,WCC,World Chess Championship,https://www.codechef.com/problems/WCC,Beginner DSA -> Practice Strings
duplicate_url,Difficulty Rating Wise,500 to 1000 difficulty problems,TWOVSTEN,Two vs Ten,https://www.codechef.com/problems/TWOVSTEN,Beginner DSA -> Practice Basic Math
duplicate_code,Difficulty Rating Wise,500 to 1000 difficulty problems,TWOVSTEN,Two vs Ten,https://www.codechef.com/problems/TWOVSTEN,Beginner DSA -> Practice Basic Math
duplicate_name,Difficulty Rating Wise,500 to 1000 difficulty problems,TWOVSTEN,Two vs Ten,https://www.codechef.com/problems/TWOVSTEN,Beginner DSA -> Practice Basic Math
duplicate_url,Difficulty Rating Wise,500 to 1000 difficulty problems,PLAYPIAN,Play Piano,https://www.codechef.com/problems/PLAYPIAN,Beginner DSA -> Practice Strings
duplicate_code,Difficulty Rating Wise,500 to 1000 difficulty problems,PLAYPIAN,Play Piano,https://www.codechef.com/problems/PLAYPIAN,Beginner DSA -> Practice Strings
duplicate_name,Difficulty Rating Wise,500 to 1000 difficulty problems,PLAYPIAN,Play Piano,https://www.codechef.com/problems/PLAYPIAN,Beginner DSA -> Practice Strings
duplicate_url,Difficulty Rating Wise,500 to 1000 difficulty problems,KTTABLE,Kitchen Timetable,https://www.codechef.com/problems/KTTABLE,Beginner DSA -> Practice Arrays
duplicate_code,Difficulty Rating Wise,500 to 1000 difficulty problems,KTTABLE,Kitchen Timetable,https://www.codechef.com/problems/KTTABLE,Beginner DSA -> Practice Arrays
duplicate_name,Difficulty Rating Wise,500 to 1000 difficulty problems,KTTABLE,Kitchen Timetable,https://www.codechef.com/problems/KTTABLE,Beginner DSA -> Practice Arrays
duplicate_url,Difficulty Rating Wise,1000 to 1400 difficulty problems,CNDY,Candies,https://www.codechef.com/problems/CNDY,Beginner DSA -> Practice Arrays
duplicate_code,Difficulty Rating Wise,1000 to 1400 difficulty problems,CNDY,Candies,https://www.codechef.com/problems/CNDY,Beginner DSA -> Practice Arrays
duplicate_name,Difficulty Rating Wise,1000 to 1400 difficulty problems,CNDY,Candies,https://www.codechef.com/problems/CNDY,Beginner DSA -> Practice Arrays
duplicate_name,Difficulty Rating Wise,1000 to 1400 difficulty problems,ELECTIONS,Elections in Chefland,https://www.codechef.com/problems/ELECTIONS,Difficulty Rating Wise -> 1000 to 1400 difficulty problems
duplicate_name,Difficulty Rating Wise,1000 to 1400 difficulty problems,GRPASSN,Group Assignment,https://www.codechef.com/problems/GRPASSN,Difficulty Rating Wise -> 1000 to 1400 difficulty problems
duplicate_name,Difficulty Rating Wise,1000 to 1400 difficulty problems,CHEFSTR1,Chef and Strings,https://www.codechef.com/problems/CHEFSTR1,Difficulty Rating Wise -> 1000 to 1400 difficulty problems
duplicate_url,Difficulty Rating Wise,1000 to 1400 difficulty problems,MAXCOUNT,Count of Maximum,https://www.codechef.com/problems/MAXCOUNT,Beginner DSA -> Practice Arrays
duplicate_code,Difficulty Rating Wise,1000 to 1400 difficulty problems,MAXCOUNT,Count of Maximum,https://www.codechef.com/problems/MAXCOUNT,Beginner DSA -> Practice Arrays
duplicate_name,Difficulty Rating Wise,1000 to 1400 difficulty problems,MAXCOUNT,Count of Maximum,https://www.codechef.com/problems/MAXCOUNT,Beginner DSA -> Practice Arrays
duplicate_name,Difficulty Rating Wise,1000 to 1400 difficulty problems,RECNDSTR,Chef and String,https://www.codechef.com/problems/RECNDSTR,Difficulty Rating Wise -> 1000 to 1400 difficulty problems
duplicate_url,Difficulty Rating Wise,1000 to 1400 difficulty problems,CHEFSUM,Little Chef and Sums,https://www.codechef.com/problems/CHEFSUM,Beginner DSA -> Practice Arrays
duplicate_code,Difficulty Rating Wise,1000 to 1400 difficulty problems,CHEFSUM,Little Chef and Sums,https://www.codechef.com/problems/CHEFSUM,Beginner DSA -> Practice Arrays
duplicate_name,Difficulty Rating Wise,1000 to 1400 difficulty problems,CHEFSUM,Little Chef and Sums,https://www.codechef.com/problems/CHEFSUM,Beginner DSA -> Practice Arrays
duplicate_name,Difficulty Rating Wise,1400 to 1600 difficulty problems,STRAME,String Game,https://www.codechef.com/problems/STRAME,Difficulty Rating Wise -> 1400 to 1600 difficulty problems
duplicate_url,Difficulty Rating Wise,1400 to 1600 difficulty problems,CIREQ,Positive array,https://www.codechef.com/problems/CIREQ,Data Structures -> Heaps
duplicate_code,Difficulty Rating Wise,1400 to 1600 difficulty problems,CIREQ,Positive array,https://www.codechef.com/problems/CIREQ,Data Structures -> Heaps
duplicate_name,Difficulty Rating Wise,1400 to 1600 difficulty problems,CIREQ,Positive array,https://www.codechef.com/problems/CIREQ,Data Structures -> Heaps
duplicate_url,Difficulty Rating Wise,1600 to 1800 difficulty problems,XOR2,Consecutive Xor,https://www.codechef.com/problems/XOR2,Difficulty Rating Wise -> 1400 to 1600 difficulty problems
duplicate_code,Difficulty Rating Wise,1600 to 1800 difficulty problems,XOR2,Consecutive Xor,https://www.codechef.com/problems/XOR2,Difficulty Rating Wise -> 1400 to 1600 difficulty problems
duplicate_name,Difficulty Rating Wise,1600 to 1800 difficulty problems,XOR2,Consecutive Xor,https://www.codechef.com/problems/XOR2,Difficulty Rating Wise -> 1400 to 1600 difficulty problems
duplicate_url,Difficulty Rating Wise,1600 to 1800 difficulty problems,MAXSUBARR,Maximum Subarray,https://www.codechef.com/problems/MAXSUBARR,Data Structures -> Monday Munch - DSA Challenge practice series
duplicate_code,Difficulty Rating Wise,1600 to 1800 difficulty problems,MAXSUBARR,Maximum Subarray,https://www.codechef.com/problems/MAXSUBARR,Data Structures -> Monday Munch - DSA Challenge practice series
duplicate_name,Difficulty Rating Wise,1600 to 1800 difficulty problems,MAXSUBARR,Maximum Subarray,https://www.codechef.com/problems/MAXSUBARR,Data Structures -> Monday Munch - DSA Challenge practice series
duplicate_url,Difficulty Rating Wise,1600 to 1800 difficulty problems,BITEQU,Bitwise Equation,https://www.codechef.com/problems/BITEQU,Algorithms -> Bit manipulation
duplicate_code,Difficulty Rating Wise,1600 to 1800 difficulty problems,BITEQU,Bitwise Equation,https://www.codechef.com/problems/BITEQU,Algorithms -> Bit manipulation
duplicate_name,Difficulty Rating Wise,1600 to 1800 difficulty problems,BITEQU,Bitwise Equation,https://www.codechef.com/problems/BITEQU,Algorithms -> Bit manipulation
duplicate_url,Difficulty Rating Wise,1600 to 1800 difficulty problems,XORGAND,Mystical Numbers,https://www.codechef.com/problems/XORGAND,Algorithms -> Prefix Sum Problems
duplicate_code,Difficulty Rating Wise,1600 to 1800 difficulty problems,XORGAND,Mystical Numbers,https://www.codechef.com/problems/XORGAND,Algorithms -> Prefix Sum Problems
duplicate_name,Difficulty Rating Wise,1600 to 1800 difficulty problems,XORGAND,Mystical Numbers,https://www.codechef.com/problems/XORGAND,Algorithms -> Prefix Sum Problems
duplicate_url,Difficulty Rating Wise,1600 to 1800 difficulty problems,NCOPIES,Copy and Paste,https://www.codechef.com/problems/NCOPIES,Beginner DSA -> Practice Arrays
duplicate_code,Difficulty Rating Wise,1600 to 1800 difficulty problems,NCOPIES,Copy and Paste,https://www.codechef.com/problems/NCOPIES,Beginner DSA -> Practice Arrays
duplicate_name,Difficulty Rating Wise,1600 to 1800 difficulty problems,NCOPIES,Copy and Paste,https://www.codechef.com/problems/NCOPIES,Beginner DSA -> Practice Arrays
duplicate_name,Difficulty Rating Wise,1600 to 1800 difficulty problems,CHRL2,Chef and String,https://www.codechef.com/problems/CHRL2,Difficulty Rating Wise -> 1600 to 1800 difficulty problems
duplicate_url,Difficulty Rating Wise,1600 to 1800 difficulty problems,MINNOTES,Optimal Denomination,https://www.codechef.com/problems/MINNOTES,Algorithms -> Prefix Sum Problems
duplicate_code,Difficulty Rating Wise,1600 to 1800 difficulty problems,MINNOTES,Optimal Denomination,https://www.codechef.com/problems/MINNOTES,Algorithms -> Prefix Sum Problems
duplicate_name,Difficulty Rating Wise,1600 to 1800 difficulty problems,MINNOTES,Optimal Denomination,https://www.codechef.com/problems/MINNOTES,Algorithms -> Prefix Sum Problems
duplicate_url,Difficulty Rating Wise,1600 to 1800 difficulty problems,SUMQ,Triplets,https://www.codechef.com/problems/SUMQ,Algorithms -> Advanced Arrays and Strings
duplicate_code,Difficulty Rating Wise,1600 to 1800 difficulty problems,SUMQ,Triplets,https://www.codechef.com/problems/SUMQ,Algorithms -> Advanced Arrays and Strings
duplicate_name,Difficulty Rating Wise,1600 to 1800 difficulty problems,SUMQ,Triplets,https://www.codechef.com/problems/SUMQ,Algorithms -> Advanced Arrays and Strings
duplicate_name,Difficulty Rating Wise,1600 to 1800 difficulty problems,LUNCHTIM,Lunchtime,https://www.codechef.com/problems/LUNCHTIM,Difficulty Rating Wise -> 1600 to 1800 difficulty problems
duplicate_url,Difficulty Rating Wise,1600 to 1800 difficulty problems,BIN_OD,Binod,https://www.codechef.com/problems/BIN_OD,Algorithms -> Prefix Sum Problems
duplicate_code,Difficulty Rating Wise,1600 to 1800 difficulty problems,BIN_OD,Binod,https://www.codechef.com/problems/BIN_OD,Algorithms -> Prefix Sum Problems
duplicate_name,Difficulty Rating Wise,1600 to 1800 difficulty problems,BIN_OD,Binod,https://www.codechef.com/problems/BIN_OD,Algorithms -> Prefix Sum Problems
duplicate_url,Difficulty Rating Wise,1600 to 1800 difficulty problems,KLXOR,Again XOR problem,https://www.codechef.com/problems/KLXOR,Algorithms -> Prefix Sum Problems
duplicate_code,Difficulty Rating Wise,1600 to 1800 difficulty problems,KLXOR,Again XOR problem,https://www.codechef.com/problems/KLXOR,Algorithms -> Prefix Sum Problems
duplicate_name,Difficulty Rating Wise,1600 to 1800 difficulty problems,KLXOR,Again XOR problem,https://www.codechef.com/problems/KLXOR,Algorithms -> Prefix Sum Problems
duplicate_url,Difficulty Rating Wise,1800 to 2000 difficulty problems,MINVOTE,Minions and Voting,https://www.codechef.com/problems/MINVOTE,Algorithms -> Advanced Arrays and Strings
duplicate_code,Difficulty Rating Wise,1800 to 2000 difficulty problems,MINVOTE,Minions and Voting,https://www.codechef.com/problems/MINVOTE,Algorithms -> Advanced Arrays and Strings
duplicate_name,Difficulty Rating Wise,1800 to 2000 difficulty problems,MINVOTE,Minions and Voting,https://www.codechef.com/problems/MINVOTE,Algorithms -> Advanced Arrays and Strings
duplicate_url,Difficulty Rating Wise,1800 to 2000 difficulty problems,TRIPLETMIN,Triplets Min,https://www.codechef.com/problems/TRIPLETMIN,Data Structures -> Monday Munch - DSA Challenge practice series
duplicate_code,Difficulty Rating Wise,1800 to 2000 difficulty problems,TRIPLETMIN,Triplets Min,https://www.codechef.com/problems/TRIPLETMIN,Data Structures -> Monday Munch - DSA Challenge practice series
duplicate_name,Difficulty Rating Wise,1800 to 2000 difficulty problems,TRIPLETMIN,Triplets Min,https://www.codechef.com/problems/TRIPLETMIN,Data Structures -> Monday Munch - DSA Challenge practice series
duplicate_name,Difficulty Rating Wise,2000 to 2500 difficulty problems,REMSUBARR,Subarray Removal,https://www.codechef.com/problems/REMSUBARR,Difficulty Rating Wise -> 2000 to 2500 difficulty problems
duplicate_url,Difficulty Rating Wise,2000 to 2500 difficulty problems,MAXREMOV,Max Range Queries,https://www.codechef.com/problems/MAXREMOV,Algorithms -> Advanced Arrays and Strings
duplicate_code,Difficulty Rating Wise,2000 to 2500 difficulty problems,MAXREMOV,Max Range Queries,https://www.codechef.com/problems/MAXREMOV,Algorithms -> Advanced Arrays and Strings
duplicate_name,Difficulty Rating Wise,2000 to 2500 difficulty problems,MAXREMOV,Max Range Queries,https://www.codechef.com/problems/MAXREMOV,Algorithms -> Advanced Arrays and Strings
duplicate_url,Difficulty Rating Wise,2000 to 2500 difficulty problems,AGCY,Angry Cyborg,https://www.codechef.com/problems/AGCY,Algorithms -> Advanced Arrays and Strings
duplicate_code,Difficulty Rating Wise,2000 to 2500 difficulty problems,AGCY,Angry Cyborg,https://www.codechef.com/problems/AGCY,Algorithms -> Advanced Arrays and Strings
duplicate_name,Difficulty Rating Wise,2000 to 2500 difficulty problems,AGCY,Angry Cyborg,https://www.codechef.com/problems/AGCY,Algorithms -> Advanced Arrays and Strings
duplicate_url,Difficulty Rating Wise,2000 to 2500 difficulty problems,CENS20A,Cherry and Bits,https://www.codechef.com/problems/CENS20A,Algorithms -> Advanced Arrays and Strings
duplicate_code,Difficulty Rating Wise,2000 to 2500 difficulty problems,CENS20A,Cherry and Bits,https://www.codechef.com/problems/CENS20A,Algorithms -> Advanced Arrays and Strings
duplicate_name,Difficulty Rating Wise,2000 to 2500 difficulty problems,CENS20A,Cherry and Bits,https://www.codechef.com/problems/CENS20A,Algorithms -> Advanced Arrays and Strings
duplicate_url,Difficulty Rating Wise,2000 to 2500 difficulty problems,SUMOFCUBE,Sum of Cube,https://www.codechef.com/problems/SUMOFCUBE,Algorithms -> Advanced Arrays and Strings
duplicate_code,Difficulty Rating Wise,2000 to 2500 difficulty problems,SUMOFCUBE,Sum of Cube,https://www.codechef.com/problems/SUMOFCUBE,Algorithms -> Advanced Arrays and Strings
duplicate_name,Difficulty Rating Wise,2000 to 2500 difficulty problems,SUMOFCUBE,Sum of Cube,https://www.codechef.com/problems/SUMOFCUBE,Algorithms -> Advanced Arrays and Strings
duplicate_name,Difficulty Rating Wise,2000 to 2500 difficulty problems,CHESUB,K-Subarrays,https://www.codechef.com/problems/CHESUB,Difficulty Rating Wise -> 2000 to 2500 difficulty problems
duplicate_name,Difficulty Rating Wise,2000 to 2500 difficulty problems,CANDIES3,Candies,https://www.codechef.com/problems/CANDIES3,Difficulty Rating Wise -> 2000 to 2500 difficulty problems
duplicate_url,Star Wise Paths,Level up from 1* to 2*,COPS,Cops and the Thief Devu,https://www.codechef.com/problems/COPS,Beginner DSA -> Practice Arrays
duplicate_code,Star Wise Paths,Level up from 1* to 2*,COPS,Cops and the Thief Devu,https://www.codechef.com/problems/COPS,Beginner DSA -> Practice Arrays
duplicate_name,Star Wise Paths,Level up from 1* to 2*,COPS,Cops and the Thief Devu,https://www.codechef.com/problems/COPS,Beginner DSA -> Practice Arrays
duplicate_url,Star Wise Paths,Level up from 1* to 2*,TWOSTR,Chef and the Wildcard Matching,https://www.codechef.com/problems/TWOSTR,Data Structures -> Practice Strings - Intermediate
duplicate_code,Star Wise Paths,Level up from 1* to 2*,TWOSTR,Chef and the Wildcard Matching,https://www.codechef.com/problems/TWOSTR,Data Structures -> Practice Strings - Intermediate
duplicate_name,Star Wise Paths,Level up from 1* to 2*,TWOSTR,Chef and the Wildcard Matching,https://www.codechef.com/problems/TWOSTR,Data Structures -> Practice Strings - Intermediate
duplicate_url,Star Wise Paths,Level up from 1* to 2*,ERROR,Chef and Feedback,https://www.codechef.com/problems/ERROR,Beginner DSA -> Practice Strings
duplicate_code,Star Wise Paths,Level up from 1* to 2*,ERROR,Chef and Feedback,https://www.codechef.com/problems/ERROR,Beginner DSA -> Practice Strings
duplicate_name,Star Wise Paths,Level up from 1* to 2*,ERROR,Chef and Feedback,https://www.codechef.com/problems/ERROR,Beginner DSA -> Practice Strings
duplicate_url,Star Wise Paths,Level up from 1* to 2*,ALPHABET,Studying Alphabet,https://www.codechef.com/problems/ALPHABET,Beginner DSA -> Practice Strings
duplicate_code,Star Wise Paths,Level up from 1* to 2*,ALPHABET,Studying Alphabet,https://www.codechef.com/problems/ALPHABET,Beginner DSA -> Practice Strings
duplicate_name,Star Wise Paths,Level up from 1* to 2*,ALPHABET,Studying Alphabet,https://www.codechef.com/problems/ALPHABET,Beginner DSA -> Practice Strings
duplicate_url,Star Wise Paths,Level up from 1* to 2*,LAPIN,Lapindromes,https://www.codechef.com/problems/LAPIN,Data Structures -> Practice Strings - Intermediate
duplicate_code,Star Wise Paths,Level up from 1* to 2*,LAPIN,Lapindromes,https://www.codechef.com/problems/LAPIN,Data Structures -> Practice Strings - Intermediate
duplicate_name,Star Wise Paths,Level up from 1* to 2*,LAPIN,Lapindromes,https://www.codechef.com/problems/LAPIN,Data Structures -> Practice Strings - Intermediate
duplicate_url,Star Wise Paths,Level up from 1* to 2*,PASSWD,Password,https://www.codechef.com/problems/PASSWD,Data Structures -> Practice Strings - Intermediate
duplicate_code,Star Wise Paths,Level up from 1* to 2*,PASSWD,Password,https://www.codechef.com/problems/PASSWD,Data Structures -> Practice Strings - Intermediate
duplicate_name,Star Wise Paths,Level up from 1* to 2*,PASSWD,Password,https://www.codechef.com/problems/PASSWD,Data Structures -> Practice Strings - Intermediate
duplicate_url,Star Wise Paths,Level up from 1* to 2*,HORSES,Racing Horses,https://www.codechef.com/problems/HORSES,Beginner DSA -> Practice Sorting
duplicate_code,Star Wise Paths,Level up from 1* to 2*,HORSES,Racing Horses,https://www.codechef.com/problems/HORSES,Beginner DSA -> Practice Sorting
duplicate_name,Star Wise Paths,Level up from 1* to 2*,HORSES,Racing Horses,https://www.codechef.com/problems/HORSES,Beginner DSA -> Practice Sorting
duplicate_url,Star Wise Paths,Level up from 1* to 2*,MAXDIFF,Maximum Weight Difference,https://www.codechef.com/problems/MAXDIFF,Beginner DSA -> Practice Sorting
duplicate_code,Star Wise Paths,Level up from 1* to 2*,MAXDIFF,Maximum Weight Difference,https://www.codechef.com/problems/MAXDIFF,Beginner DSA -> Practice Sorting
duplicate_name,Star Wise Paths,Level up from 1* to 2*,MAXDIFF,Maximum Weight Difference,https://www.codechef.com/problems/MAXDIFF,Beginner DSA -> Practice Sorting
duplicate_url,Star Wise Paths,Level up from 1* to 2*,TACHSTCK,Chopsticks,https://www.codechef.com/problems/TACHSTCK,Algorithms -> Greedy Algorithms
duplicate_code,Star Wise Paths,Level up from 1* to 2*,TACHSTCK,Chopsticks,https://www.codechef.com/problems/TACHSTCK,Algorithms -> Greedy Algorithms
duplicate_name,Star Wise Paths,Level up from 1* to 2*,TACHSTCK,Chopsticks,https://www.codechef.com/problems/TACHSTCK,Algorithms -> Greedy Algorithms
duplicate_url,Star Wise Paths,Level up from 1* to 2*,STICKS,Sticks,https://www.codechef.com/problems/STICKS,Beginner DSA -> Practice Sorting
duplicate_code,Star Wise Paths,Level up from 1* to 2*,STICKS,Sticks,https://www.codechef.com/problems/STICKS,Beginner DSA -> Practice Sorting
duplicate_name,Star Wise Paths,Level up from 1* to 2*,STICKS,Sticks,https://www.codechef.com/problems/STICKS,Beginner DSA -> Practice Sorting
duplicate_url,Star Wise Paths,Level up from 1* to 2*,CFRTEST,Devu and friendship testing,https://www.codechef.com/problems/CFRTEST,"Algorithms -> Arrays, Strings & Sorting"
duplicate_code,Star Wise Paths,Level up from 1* to 2*,CFRTEST,Devu and friendship testing,https://www.codechef.com/problems/CFRTEST,"Algorithms -> Arrays, Strings & Sorting"
duplicate_name,Star Wise Paths,Level up from 1* to 2*,CFRTEST,Devu and friendship testing,https://www.codechef.com/problems/CFRTEST,"Algorithms -> Arrays, Strings & Sorting"
duplicate_url,Star Wise Paths,Level up from 1* to 2*,BALLOON,ICPC Balloons,https://www.codechef.com/problems/BALLOON,Star Wise Paths -> Level up from 1* to 2*
duplicate_code,Star Wise Paths,Level up from 1* to 2*,BALLOON,ICPC Balloons,https://www.codechef.com/problems/BALLOON,Star Wise Paths -> Level up from 1* to 2*
duplicate_name,Star Wise Paths,Level up from 1* to 2*,BALLOON,ICPC Balloons,https://www.codechef.com/problems/BALLOON,Star Wise Paths -> Level up from 1* to 2*
duplicate_row,Star Wise Paths,Level up from 1* to 2*,BALLOON,ICPC Balloons,https://www.codechef.com/problems/BALLOON,Star Wise Paths -> Level up from 1* to 2*
duplicate_url,Star Wise Paths,Level up from 1* to 2*,CM164364,Chocolate Monger,https://www.codechef.com/problems/CM164364,Star Wise Paths -> Level up from 1* to 2*
duplicate_code,Star Wise Paths,Level up from 1* to 2*,CM164364,Chocolate Monger,https://www.codechef.com/problems/CM164364,Star Wise Paths -> Level up from 1* to 2*
duplicate_name,Star Wise Paths,Level up from 1* to 2*,CM164364,Chocolate Monger,https://www.codechef.com/problems/CM164364,Star Wise Paths -> Level up from 1* to 2*
duplicate_row,Star Wise Paths,Level up from 1* to 2*,CM164364,Chocolate Monger,https://www.codechef.com/problems/CM164364,Star Wise Paths -> Level up from 1* to 2*
duplicate_url,Star Wise Paths,Level up from 1* to 2*,SIMPSTAT,Simple Statistics,https://www.codechef.com/problems/SIMPSTAT,Beginner DSA -> Practice Sorting
duplicate_code,Star Wise Paths,Level up from 1* to 2*,SIMPSTAT,Simple Statistics,https://www.codechef.com/problems/SIMPSTAT,Beginner DSA -> Practice Sorting
duplicate_name,Star Wise Paths,Level up from 1* to 2*,SIMPSTAT,Simple Statistics,https://www.codechef.com/problems/SIMPSTAT,Beginner DSA -> Practice Sorting
duplicate_url,Star Wise Paths,Level up from 1* to 2*,PERMEXIS,Watson asks Does Permutation Exist,https://www.codechef.com/problems/PERMEXIS,Algorithms -> Greedy Algorithms
duplicate_code,Star Wise Paths,Level up from 1* to 2*,PERMEXIS,Watson asks Does Permutation Exist,https://www.codechef.com/problems/PERMEXIS,Algorithms -> Greedy Algorithms
duplicate_name,Star Wise Paths,Level up from 1* to 2*,PERMEXIS,Watson asks Does Permutation Exist,https://www.codechef.com/problems/PERMEXIS,Algorithms -> Greedy Algorithms
duplicate_url,Star Wise Paths,Level up from 1* to 2*,SIGNFLIP,Maximise the Subsequence Sum,https://www.codechef.com/problems/SIGNFLIP,Star Wise Paths -> Level up from 1* to 2*
duplicate_code,Star Wise Paths,Level up from 1* to 2*,SIGNFLIP,Maximise the Subsequence Sum,https://www.codechef.com/problems/SIGNFLIP,Star Wise Paths -> Level up from 1* to 2*
duplicate_name,Star Wise Paths,Level up from 1* to 2*,SIGNFLIP,Maximise the Subsequence Sum,https://www.codechef.com/problems/SIGNFLIP,Star Wise Paths -> Level up from 1* to 2*
duplicate_row,Star Wise Paths,Level up from 1* to 2*,SIGNFLIP,Maximise the Subsequence Sum,https://www.codechef.com/problems/SIGNFLIP,Star Wise Paths -> Level up from 1* to 2*
duplicate_url,Star Wise Paths,Jump from 2* to 3*,MANYSUMS,Distinct Pair Sums,https://www.codechef.com/problems/MANYSUMS,Star Wise Paths -> Level up from 1* to 2*
duplicate_code,Star Wise Paths,Jump from 2* to 3*,MANYSUMS,Distinct Pair Sums,https://www.codechef.com/problems/MANYSUMS,Star Wise Paths -> Level up from 1* to 2*
duplicate_name,Star Wise Paths,Jump from 2* to 3*,MANYSUMS,Distinct Pair Sums,https://www.codechef.com/problems/MANYSUMS,Star Wise Paths -> Level up from 1* to 2*
duplicate_url,Star Wise Paths,Jump from 2* to 3*,NFS,Turn It,https://www.codechef.com/problems/NFS,Star Wise Paths -> Level up from 1* to 2*
duplicate_code,Star Wise Paths,Jump from 2* to 3*,NFS,Turn It,https://www.codechef.com/problems/NFS,Star Wise Paths -> Level up from 1* to 2*
duplicate_name,Star Wise Paths,Jump from 2* to 3*,NFS,Turn It,https://www.codechef.com/problems/NFS,Star Wise Paths -> Level up from 1* to 2*
duplicate_url,Star Wise Paths,Jump from 2* to 3*,TACHSTCK,Chopsticks,https://www.codechef.com/problems/TACHSTCK,Algorithms -> Greedy Algorithms
duplicate_code,Star Wise Paths,Jump from 2* to 3*,TACHSTCK,Chopsticks,https://www.codechef.com/problems/TACHSTCK,Algorithms -> Greedy Algorithms
duplicate_name,Star Wise Paths,Jump from 2* to 3*,TACHSTCK,Chopsticks,https://www.codechef.com/problems/TACHSTCK,Algorithms -> Greedy Algorithms
duplicate_url,Star Wise Paths,Jump from 2* to 3*,SMPAIR,The Smallest Pair,https://www.codechef.com/problems/SMPAIR,Star Wise Paths -> Level up from 1* to 2*
duplicate_code,Star Wise Paths,Jump from 2* to 3*,SMPAIR,The Smallest Pair,https://www.codechef.com/problems/SMPAIR,Star Wise Paths -> Level up from 1* to 2*
duplicate_name,Star Wise Paths,Jump from 2* to 3*,SMPAIR,The Smallest Pair,https://www.codechef.com/problems/SMPAIR,Star Wise Paths -> Level up from 1* to 2*
duplicate_url,Star Wise Paths,Jump from 2* to 3*,DIV03,Daanish and Problems,https://www.codechef.com/problems/DIV03,Star Wise Paths -> Level up from 1* to 2*
duplicate_code,Star Wise Paths,Jump from 2* to 3*,DIV03,Daanish and Problems,https://www.codechef.com/problems/DIV03,Star Wise Paths -> Level up from 1* to 2*
duplicate_name,Star Wise Paths,Jump from 2* to 3*,DIV03,Daanish and Problems,https://www.codechef.com/problems/DIV03,Star Wise Paths -> Level up from 1* to 2*
duplicate_url,Star Wise Paths,Jump from 2* to 3*,CM164364,Chocolate Monger,https://www.codechef.com/problems/CM164364,Star Wise Paths -> Level up from 1* to 2*
duplicate_code,Star Wise Paths,Jump from 2* to 3*,CM164364,Chocolate Monger,https://www.codechef.com/problems/CM164364,Star Wise Paths -> Level up from 1* to 2*
duplicate_name,Star Wise Paths,Jump from 2* to 3*,CM164364,Chocolate Monger,https://www.codechef.com/problems/CM164364,Star Wise Paths -> Level up from 1* to 2*
duplicate_name,Star Wise Paths,Jump from 2* to 3*,MEX,Max Mex,https://www.codechef.com/problems/MEX,Star Wise Paths -> Jump from 2* to 3*
duplicate_url,Star Wise Paths,Jump from 2* to 3*,BOOKCHEF,ChefWatson uses Social Network,https://www.codechef.com/problems/BOOKCHEF,Beginner DSA -> Practice Sorting
duplicate_code,Star Wise Paths,Jump from 2* to 3*,BOOKCHEF,ChefWatson uses Social Network,https://www.codechef.com/problems/BOOKCHEF,Beginner DSA -> Practice Sorting
duplicate_name,Star Wise Paths,Jump from 2* to 3*,BOOKCHEF,ChefWatson uses Social Network,https://www.codechef.com/problems/BOOKCHEF,Beginner DSA -> Practice Sorting
duplicate_url,Star Wise Paths,Jump from 2* to 3*,AVGFLEX,Average Flex,https://www.codechef.com/problems/AVGFLEX,Star Wise Paths -> Level up from 1* to 2*
duplicate_code,Star Wise Paths,Jump from 2* to 3*,AVGFLEX,Average Flex,https://www.codechef.com/problems/AVGFLEX,Star Wise Paths -> Level up from 1* to 2*
duplicate_name,Star Wise Paths,Jump from 2* to 3*,AVGFLEX,Average Flex,https://www.codechef.com/problems/AVGFLEX,Star Wise Paths -> Level up from 1* to 2*
duplicate_url,Star Wise Paths,Jump from 2* to 3*,MINEAT,Minion Chef and Bananas,https://www.codechef.com/problems/MINEAT,Algorithms -> Practice Binary Search
duplicate_code,Star Wise Paths,Jump from 2* to 3*,MINEAT,Minion Chef and Bananas,https://www.codechef.com/problems/MINEAT,Algorithms -> Practice Binary Search
duplicate_name,Star Wise Paths,Jump from 2* to 3*,MINEAT,Minion Chef and Bananas,https://www.codechef.com/problems/MINEAT,Algorithms -> Practice Binary Search
duplicate_url,Star Wise Paths,Jump from 2* to 3*,FORESTGA,Forest Gathering,https://www.codechef.com/problems/FORESTGA,Algorithms -> Practice Binary Search
duplicate_code,Star Wise Paths,Jump from 2* to 3*,FORESTGA,Forest Gathering,https://www.codechef.com/problems/FORESTGA,Algorithms -> Practice Binary Search
duplicate_name,Star Wise Paths,Jump from 2* to 3*,FORESTGA,Forest Gathering,https://www.codechef.com/problems/FORESTGA,Algorithms -> Practice Binary Search
duplicate_url,Star Wise Paths,Jump from 2* to 3*,SNAKEEAT,Snake Eating,https://www.codechef.com/problems/SNAKEEAT,Algorithms -> Practice Binary Search
duplicate_code,Star Wise Paths,Jump from 2* to 3*,SNAKEEAT,Snake Eating,https://www.codechef.com/problems/SNAKEEAT,Algorithms -> Practice Binary Search
duplicate_name,Star Wise Paths,Jump from 2* to 3*,SNAKEEAT,Snake Eating,https://www.codechef.com/problems/SNAKEEAT,Algorithms -> Practice Binary Search
duplicate_url,Star Wise Paths,Jump from 2* to 3*,SQUIRREL,Squirrel and chestnut,https://www.codechef.com/problems/SQUIRREL,Algorithms -> Practice Binary Search
duplicate_code,Star Wise Paths,Jump from 2* to 3*,SQUIRREL,Squirrel and chestnut,https://www.codechef.com/problems/SQUIRREL,Algorithms -> Practice Binary Search
duplicate_name,Star Wise Paths,Jump from 2* to 3*,SQUIRREL,Squirrel and chestnut,https://www.codechef.com/problems/SQUIRREL,Algorithms -> Practice Binary Search
duplicate_url,Star Wise Paths,Jump from 2* to 3*,FLUSHOT,Flu Shot Lineup,https://www.codechef.com/problems/FLUSHOT,Algorithms -> Practice Binary Search
duplicate_code,Star Wise Paths,Jump from 2* to 3*,FLUSHOT,Flu Shot Lineup,https://www.codechef.com/problems/FLUSHOT,Algorithms -> Practice Binary Search
duplicate_name,Star Wise Paths,Jump from 2* to 3*,FLUSHOT,Flu Shot Lineup,https://www.codechef.com/problems/FLUSHOT,Algorithms -> Practice Binary Search
duplicate_url,Star Wise Paths,Jump from 2* to 3*,IPCTRAIN,IPC Trainers,https://www.codechef.com/problems/IPCTRAIN,Data Structures -> Heaps
duplicate_code,Star Wise Paths,Jump from 2* to 3*,IPCTRAIN,IPC Trainers,https://www.codechef.com/problems/IPCTRAIN,Data Structures -> Heaps
duplicate_name,Star Wise Paths,Jump from 2* to 3*,IPCTRAIN,IPC Trainers,https://www.codechef.com/problems/IPCTRAIN,Data Structures -> Heaps
duplicate_url,Star Wise Paths,Jump from 2* to 3*,SUBINC,Count Subarrays,https://www.codechef.com/problems/SUBINC,Data Structures -> Monday Munch - DSA Challenge practice series
duplicate_code,Star Wise Paths,Jump from 2* to 3*,SUBINC,Count Subarrays,https://www.codechef.com/problems/SUBINC,Data Structures -> Monday Munch - DSA Challenge practice series
duplicate_name,Star Wise Paths,Jump from 2* to 3*,SUBINC,Count Subarrays,https://www.codechef.com/problems/SUBINC,Data Structures -> Monday Munch - DSA Challenge practice series
duplicate_url,Star Wise Paths,Jump from 2* to 3*,E1,The White Knight,https://www.codechef.com/problems/E1,Algorithms -> Dynamic programming
duplicate_code,Star Wise Paths,Jump from 2* to 3*,E1,The White Knight,https://www.codechef.com/problems/E1,Algorithms -> Dynamic programming
duplicate_name,Star Wise Paths,Jump from 2* to 3*,E1,The White Knight,https://www.codechef.com/problems/E1,Algorithms -> Dynamic programming
duplicate_url,Star Wise Paths,Jump from 2* to 3*,MGCRNK,Magic Rankings,https://www.codechef.com/problems/MGCRNK,Algorithms -> Dynamic programming
duplicate_code,Star Wise Paths,Jump from 2* to 3*,MGCRNK,Magic Rankings,https://www.codechef.com/problems/MGCRNK,Algorithms -> Dynamic programming
duplicate_name,Star Wise Paths,Jump from 2* to 3*,MGCRNK,Magic Rankings,https://www.codechef.com/problems/MGCRNK,Algorithms -> Dynamic programming
duplicate_url,Star Wise Paths,Jump from 2* to 3*,DISHDIS,Dish Distribution,https://www.codechef.com/problems/DISHDIS,Algorithms -> Dynamic programming
duplicate_code,Star Wise Paths,Jump from 2* to 3*,DISHDIS,Dish Distribution,https://www.codechef.com/problems/DISHDIS,Algorithms -> Dynamic programming
duplicate_name,Star Wise Paths,Jump from 2* to 3*,DISHDIS,Dish Distribution,https://www.codechef.com/problems/DISHDIS,Algorithms -> Dynamic programming
duplicate_url,Star Wise Paths,Jump from 2* to 3*,MAXCROSS,Maximal crosses,https://www.codechef.com/problems/MAXCROSS,Algorithms -> Dynamic programming
duplicate_code,Star Wise Paths,Jump from 2* to 3*,MAXCROSS,Maximal crosses,https://www.codechef.com/problems/MAXCROSS,Algorithms -> Dynamic programming
duplicate_name,Star Wise Paths,Jump from 2* to 3*,MAXCROSS,Maximal crosses,https://www.codechef.com/problems/MAXCROSS,Algorithms -> Dynamic programming
duplicate_url,Star Wise Paths,Jump from 2* to 3*,MINPIZZAS,Minimum Number of Pizzas,https://www.codechef.com/problems/MINPIZZAS,Star Wise Paths -> Jump from 2* to 3*
duplicate_code,Star Wise Paths,Jump from 2* to 3*,MINPIZZAS,Minimum Number of Pizzas,https://www.codechef.com/problems/MINPIZZAS,Star Wise Paths -> Jump from 2* to 3*
duplicate_name,Star Wise Paths,Jump from 2* to 3*,MINPIZZAS,Minimum Number of Pizzas,https://www.codechef.com/problems/MINPIZZAS,Star Wise Paths -> Jump from 2* to 3*
duplicate_row,Star Wise Paths,Jump from 2* to 3*,MINPIZZAS,Minimum Number of Pizzas,https://www.codechef.com/problems/MINPIZZAS,Star Wise Paths -> Jump from 2* to 3*
duplicate_url,Star Wise Paths,Jump from 2* to 3*,ALTER,Alternating Work Days,https://www.codechef.com/problems/ALTER,Star Wise Paths -> Jump from 2* to 3*
duplicate_code,Star Wise Paths,Jump from 2* to 3*,ALTER,Alternating Work Days,https://www.codechef.com/problems/ALTER,Star Wise Paths -> Jump from 2* to 3*
duplicate_name,Star Wise Paths,Jump from 2* to 3*,ALTER,Alternating Work Days,https://www.codechef.com/problems/ALTER,Star Wise Paths -> Jump from 2* to 3*
duplicate_row,Star Wise Paths,Jump from 2* to 3*,ALTER,Alternating Work Days,https://www.codechef.com/problems/ALTER,Star Wise Paths -> Jump from 2* to 3*
duplicate_url,Star Wise Paths,Jump from 2* to 3*,LINCHESS,Chef and Linear Chess,https://www.codechef.com/problems/LINCHESS,Star Wise Paths -> Level up from 1* to 2*
duplicate_code,Star Wise Paths,Jump from 2* to 3*,LINCHESS,Chef and Linear Chess,https://www.codechef.com/problems/LINCHESS,Star Wise Paths -> Level up from 1* to 2*
duplicate_name,Star Wise Paths,Jump from 2* to 3*,LINCHESS,Chef and Linear Chess,https://www.codechef.com/problems/LINCHESS,Star Wise Paths -> Level up from 1* to 2*
duplicate_url,Star Wise Paths,Jump from 2* to 3*,MIXCOLOR,Mix the Colors,https://www.codechef.com/problems/MIXCOLOR,Star Wise Paths -> Jump from 2* to 3*
duplicate_code,Star Wise Paths,Jump from 2* to 3*,MIXCOLOR,Mix the Colors,https://www.codechef.com/problems/MIXCOLOR,Star Wise Paths -> Jump from 2* to 3*
duplicate_name,Star Wise Paths,Jump from 2* to 3*,MIXCOLOR,Mix the Colors,https://www.codechef.com/problems/MIXCOLOR,Star Wise Paths -> Jump from 2* to 3*
duplicate_row,Star Wise Paths,Jump from 2* to 3*,MIXCOLOR,Mix the Colors,https://www.codechef.com/problems/MIXCOLOR,Star Wise Paths -> Jump from 2* to 3*
duplicate_url,Star Wise Paths,Jump from 2* to 3*,MEX,Max Mex,https://www.codechef.com/problems/MEX,Star Wise Paths -> Jump from 2* to 3*
duplicate_code,Star Wise Paths,Jump from 2* to 3*,MEX,Max Mex,https://www.codechef.com/problems/MEX,Star Wise Paths -> Jump from 2* to 3*
duplicate_name,Star Wise Paths,Jump from 2* to 3*,MEX,Max Mex,https://www.codechef.com/problems/MEX,Star Wise Paths -> Jump from 2* to 3*
duplicate_row,Star Wise Paths,Jump from 2* to 3*,MEX,Max Mex,https://www.codechef.com/problems/MEX,Star Wise Paths -> Jump from 2* to 3*
duplicate_url,Star Wise Paths,Jump from 2* to 3*,SHKNUM,Sheokand and Number,https://www.codechef.com/problems/SHKNUM,Algorithms -> Practice Binary Search
duplicate_code,Star Wise Paths,Jump from 2* to 3*,SHKNUM,Sheokand and Number,https://www.codechef.com/problems/SHKNUM,Algorithms -> Practice Binary Search
duplicate_name,Star Wise Paths,Jump from 2* to 3*,SHKNUM,Sheokand and Number,https://www.codechef.com/problems/SHKNUM,Algorithms -> Practice Binary Search
duplicate_url,Star Wise Paths,Jump from 2* to 3*,LISTLIST,List of Lists,https://www.codechef.com/problems/LISTLIST,"Algorithms -> Arrays, Strings & Sorting"
duplicate_code,Star Wise Paths,Jump from 2* to 3*,LISTLIST,List of Lists,https://www.codechef.com/problems/LISTLIST,"Algorithms -> Arrays, Strings & Sorting"
duplicate_name,Star Wise Paths,Jump from 2* to 3*,LISTLIST,List of Lists,https://www.codechef.com/problems/LISTLIST,"Algorithms -> Arrays, Strings & Sorting"
duplicate_url,Star Wise Paths,Rise from 3* to 4*,KPRIME,Count K-Primes,https://www.codechef.com/problems/KPRIME,Star Wise Paths -> Jump from 2* to 3*
duplicate_code,Star Wise Paths,Rise from 3* to 4*,KPRIME,Count K-Primes,https://www.codechef.com/problems/KPRIME,Star Wise Paths -> Jump from 2* to 3*
duplicate_name,Star Wise Paths,Rise from 3* to 4*,KPRIME,Count K-Primes,https://www.codechef.com/problems/KPRIME,Star Wise Paths -> Jump from 2* to 3*
duplicate_url,Star Wise Paths,Rise from 3* to 4*,NUMFACT,Number of Factors,https://www.codechef.com/problems/NUMFACT,Algorithms -> Number theory
duplicate_code,Star Wise Paths,Rise from 3* to 4*,NUMFACT,Number of Factors,https://www.codechef.com/problems/NUMFACT,Algorithms -> Number theory
duplicate_name,Star Wise Paths,Rise from 3* to 4*,NUMFACT,Number of Factors,https://www.codechef.com/problems/NUMFACT,Algorithms -> Number theory
duplicate_url,Star Wise Paths,Rise from 3* to 4*,MODEQ,Modular Equation,https://www.codechef.com/problems/MODEQ,Star Wise Paths -> Jump from 2* to 3*
duplicate_code,Star Wise Paths,Rise from 3* to 4*,MODEQ,Modular Equation,https://www.codechef.com/problems/MODEQ,Star Wise Paths -> Jump from 2* to 3*
duplicate_name,Star Wise Paths,Rise from 3* to 4*,MODEQ,Modular Equation,https://www.codechef.com/problems/MODEQ,Star Wise Paths -> Jump from 2* to 3*
duplicate_url,Star Wise Paths,Rise from 3* to 4*,PRETNUM,Yet Another Cute Girl,https://www.codechef.com/problems/PRETNUM,Star Wise Paths -> Jump from 2* to 3*
duplicate_code,Star Wise Paths,Rise from 3* to 4*,PRETNUM,Yet Another Cute Girl,https://www.codechef.com/problems/PRETNUM,Star Wise Paths -> Jump from 2* to 3*
duplicate_name,Star Wise Paths,Rise from 3* to 4*,PRETNUM,Yet Another Cute Girl,https://www.codechef.com/problems/PRETNUM,Star Wise Paths -> Jump from 2* to 3*
duplicate_name,Star Wise Paths,Rise from 3* to 4*,BLKJK,Blackjack,https://www.codechef.com/problems/BLKJK,Star Wise Paths -> Rise from 3* to 4*
duplicate_url,Star Wise Paths,Rise from 3* to 4*,SUBINC,Count Subarrays,https://www.codechef.com/problems/SUBINC,Data Structures -> Monday Munch - DSA Challenge practice series
duplicate_code,Star Wise Paths,Rise from 3* to 4*,SUBINC,Count Subarrays,https://www.codechef.com/problems/SUBINC,Data Structures -> Monday Munch - DSA Challenge practice series
duplicate_name,Star Wise Paths,Rise from 3* to 4*,SUBINC,Count Subarrays,https://www.codechef.com/problems/SUBINC,Data Structures -> Monday Munch - DSA Challenge practice series
duplicate_url,Star Wise Paths,Rise from 3* to 4*,E1,The White Knight,https://www.codechef.com/problems/E1,Algorithms -> Dynamic programming
duplicate_code,Star Wise Paths,Rise from 3* to 4*,E1,The White Knight,https://www.codechef.com/problems/E1,Algorithms -> Dynamic programming
duplicate_name,Star Wise Paths,Rise from 3* to 4*,E1,The White Knight,https://www.codechef.com/problems/E1,Algorithms -> Dynamic programming
duplicate_url,Star Wise Paths,Rise from 3* to 4*,FROGV,Chef and Frogs,https://www.codechef.com/problems/FROGV,Star Wise Paths -> Jump from 2* to 3*
duplicate_code,Star Wise Paths,Rise from 3* to 4*,FROGV,Chef and Frogs,https://www.codechef.com/problems/FROGV,Star Wise Paths -> Jump from 2* to 3*
duplicate_name,Star Wise Paths,Rise from 3* to 4*,FROGV,Chef and Frogs,https://www.codechef.com/problems/FROGV,Star Wise Paths -> Jump from 2* to 3*
duplicate_url,Star Wise Paths,Rise from 3* to 4*,DISHDIS,Dish Distribution,https://www.codechef.com/problems/DISHDIS,Algorithms -> Dynamic programming
duplicate_code,Star Wise Paths,Rise from 3* to 4*,DISHDIS,Dish Distribution,https://www.codechef.com/problems/DISHDIS,Algorithms -> Dynamic programming
duplicate_name,Star Wise Paths,Rise from 3* to 4*,DISHDIS,Dish Distribution,https://www.codechef.com/problems/DISHDIS,Algorithms -> Dynamic programming
duplicate_url,Star Wise Paths,Rise from 3* to 4*,COUNTPAL,Count palindromes,https://www.codechef.com/problems/COUNTPAL,Data Structures -> Monday Munch - DSA Challenge practice series
duplicate_code,Star Wise Paths,Rise from 3* to 4*,COUNTPAL,Count palindromes,https://www.codechef.com/problems/COUNTPAL,Data Structures -> Monday Munch - DSA Challenge practice series
duplicate_name,Star Wise Paths,Rise from 3* to 4*,COUNTPAL,Count palindromes,https://www.codechef.com/problems/COUNTPAL,Data Structures -> Monday Munch - DSA Challenge practice series
duplicate_url,Star Wise Paths,Rise from 3* to 4*,FCBARCA,Barcelona Gameplay Tactics,https://www.codechef.com/problems/FCBARCA,Algorithms -> Dynamic programming
duplicate_code,Star Wise Paths,Rise from 3* to 4*,FCBARCA,Barcelona Gameplay Tactics,https://www.codechef.com/problems/FCBARCA,Algorithms -> Dynamic programming
duplicate_name,Star Wise Paths,Rise from 3* to 4*,FCBARCA,Barcelona Gameplay Tactics,https://www.codechef.com/problems/FCBARCA,Algorithms -> Dynamic programming
duplicate_url,Star Wise Paths,Rise from 3* to 4*,MAXCROSS,Maximal crosses,https://www.codechef.com/problems/MAXCROSS,Algorithms -> Dynamic programming
duplicate_code,Star Wise Paths,Rise from 3* to 4*,MAXCROSS,Maximal crosses,https://www.codechef.com/problems/MAXCROSS,Algorithms -> Dynamic programming
duplicate_name,Star Wise Paths,Rise from 3* to 4*,MAXCROSS,Maximal crosses,https://www.codechef.com/problems/MAXCROSS,Algorithms -> Dynamic programming
duplicate_url,Star Wise Paths,Rise from 3* to 4*,SQUIRREL,Squirrel and chestnut,https://www.codechef.com/problems/SQUIRREL,Algorithms -> Practice Binary Search
duplicate_code,Star Wise Paths,Rise from 3* to 4*,SQUIRREL,Squirrel and chestnut,https://www.codechef.com/problems/SQUIRREL,Algorithms -> Practice Binary Search
duplicate_name,Star Wise Paths,Rise from 3* to 4*,SQUIRREL,Squirrel and chestnut,https://www.codechef.com/problems/SQUIRREL,Algorithms -> Practice Binary Search
duplicate_url,Star Wise Paths,Rise from 3* to 4*,WSTRING,W String,https://www.codechef.com/problems/WSTRING,Star Wise Paths -> Jump from 2* to 3*
duplicate_code,Star Wise Paths,Rise from 3* to 4*,WSTRING,W String,https://www.codechef.com/problems/WSTRING,Star Wise Paths -> Jump from 2* to 3*
duplicate_name,Star Wise Paths,Rise from 3* to 4*,WSTRING,W String,https://www.codechef.com/problems/WSTRING,Star Wise Paths -> Jump from 2* to 3*
duplicate_url,Star Wise Paths,Rise from 3* to 4*,STRQ,Chef and Strings,https://www.codechef.com/problems/STRQ,Algorithms -> Advanced Arrays and Strings
duplicate_code,Star Wise Paths,Rise from 3* to 4*,STRQ,Chef and Strings,https://www.codechef.com/problems/STRQ,Algorithms -> Advanced Arrays and Strings
duplicate_name,Star Wise Paths,Rise from 3* to 4*,STRQ,Chef and Strings,https://www.codechef.com/problems/STRQ,Algorithms -> Advanced Arrays and Strings
duplicate_url,Star Wise Paths,Rise from 3* to 4*,SEACO,Sereja and Commands,https://www.codechef.com/problems/SEACO,Algorithms -> Advanced Arrays and Strings
duplicate_code,Star Wise Paths,Rise from 3* to 4*,SEACO,Sereja and Commands,https://www.codechef.com/problems/SEACO,Algorithms -> Advanced Arrays and Strings
duplicate_name,Star Wise Paths,Rise from 3* to 4*,SEACO,Sereja and Commands,https://www.codechef.com/problems/SEACO,Algorithms -> Advanced Arrays and Strings
duplicate_name,Interview Questions,Python Interview Questions,PYMCQ03,String Operations,https://www.codechef.com/problems/PYMCQ03,Interview Questions -> Python Interview Questions
duplicate_name,Interview Questions,Python Interview Questions,PYMCQ29,String Immutability,https://www.codechef.com/problems/PYMCQ29,Interview Questions -> Python Interview Questions
duplicate_name,Interview Questions,Java Interview Questions for Freshers,JAVAMCQ06,String Concatenation,https://www.codechef.com/problems/JAVAMCQ06,Interview Questions -> Java Interview Questions for Freshers
duplicate_name,Interview Questions,Java Interview Questions for Freshers,JAVAMCQ31,String Immutability,https://www.codechef.com/problems/JAVAMCQ31,Interview Questions -> Java Interview Questions for Freshers
duplicate_name,Interview Questions,Java Interview Questions for Freshers,JAVAMCQ36,String Concatenation,https://www.codechef.com/problems/JAVAMCQ36,Interview Questions -> Java Interview Questions for Freshers
duplicate_name,Interview Questions,Java Interview Questions for Freshers,JAVAMCQ55,Method Overriding,https://www.codechef.com/problems/JAVAMCQ55,Interview Questions -> Java Interview Questions for Freshers
duplicate_name,Interview Questions,Java Interview Questions for Freshers,JAVAMCQ64,Method Overriding,https://www.codechef.com/problems/JAVAMCQ64,Interview Questions -> Java Interview Questions for Freshers
duplicate_name,Interview Questions,Java Interview Questions for Freshers,JAVAMCQ71,Exception Hierarchy,https://www.codechef.com/problems/JAVAMCQ71,Interview Questions -> Java Interview Questions for Freshers
duplicate_name,Interview Questions,Java Interview Questions for Freshers,JAVAMCQ76,Custom Exceptions,https://www.codechef.com/problems/JAVAMCQ76,Interview Questions -> Java Interview Questions for Freshers
duplicate_name,Interview Questions,C++ Interview Questions and Answers,CPPMCQ02,Operator Precedence,https://www.codechef.com/problems/CPPMCQ02,Interview Questions -> C++ Interview Questions and Answers
duplicate_name,Interview Questions,C++ Interview Questions and Answers,CPPMCQ10,Ternary Operator,https://www.codechef.com/problems/CPPMCQ10,Interview Questions -> C++ Interview Questions and Answers
duplicate_name,Interview Questions,C++ Interview Questions and Answers,CPPMCQ11,Class Definition,https://www.codechef.com/problems/CPPMCQ11,Interview Questions -> C++ Interview Questions and Answers
duplicate_name,Interview Questions,C++ Interview Questions and Answers,CPPMCQ12,Object Creation,https://www.codechef.com/problems/CPPMCQ12,Interview Questions -> C++ Interview Questions and Answers
duplicate_name,Interview Questions,C++ Interview Questions and Answers,CPPMCQ14,Inheritance Syntax,https://www.codechef.com/problems/CPPMCQ14,Interview Questions -> C++ Interview Questions and Answers
duplicate_name,Interview Questions,C++ Interview Questions and Answers,CPPMCQ18,Encapsulation Implementation,https://www.codechef.com/problems/CPPMCQ18,Interview Questions -> C++ Interview Questions and Answers
duplicate_name,Interview Questions,C++ Interview Questions and Answers,CPPMCQ19,Multiple Inheritance,https://www.codechef.com/problems/CPPMCQ19,Interview Questions -> C++ Interview Questions and Answers
duplicate_name,Interview Questions,C++ Interview Questions and Answers,CPPMCQ35,Exception Propagation,https://www.codechef.com/problems/CPPMCQ35,Interview Questions -> C++ Interview Questions and Answers
duplicate_name,Interview Questions,C++ Interview Questions and Answers,CPPMCQ36,Multiple Catch Blocks,https://www.codechef.com/problems/CPPMCQ36,Interview Questions -> C++ Interview Questions and Answers
duplicate_name,Interview Questions,C++ Interview Questions and Answers,CPPMCQ48,File Position,https://www.codechef.com/problems/CPPMCQ48,Interview Questions -> C++ Interview Questions and Answers
duplicate_name,Interview Questions,C++ Interview Questions and Answers,CPPMCQ85,Interface Implementation,https://www.codechef.com/problems/CPPMCQ85,Interview Questions -> C++ Interview Questions and Answers
duplicate_name,Interview Questions,Top SQL Interview Questions,SQLMCQ04,Distinct Values,https://www.codechef.com/problems/SQLMCQ04,Interview Questions -> Top SQL Interview Questions
duplicate_name,Interview Questions,Top SQL Interview Questions,SQLMCQ07,Data Retrieval,https://www.codechef.com/problems/SQLMCQ07,Interview Questions -> Top SQL Interview Questions
duplicate_name,Interview Questions,Top SQL Interview Questions,SQLMCQ12,Distinct Values,https://www.codechef.com/problems/SQLMCQ12,Interview Questions -> Top SQL Interview Questions
duplicate_name,Interview Questions,Top SQL Interview Questions,SQLMCQ26,Set Operations,https://www.codechef.com/problems/SQLMCQ26,Interview Questions -> Top SQL Interview Questions
duplicate_name,Interview Questions,Top SQL Interview Questions,SQLMCQ27,Performance Consideration,https://www.codechef.com/problems/SQLMCQ27,Interview Questions -> Top SQL Interview Questions
duplicate_name,Interview Questions,Top SQL Interview Questions,SQLMCQ44,Data Type Selection,https://www.codechef.com/problems/SQLMCQ44,Interview Questions -> Top SQL Interview Questions
duplicate_name,Interview Questions,Top SQL Interview Questions,SQLMCQ55,Performance Consideration,https://www.codechef.com/problems/SQLMCQ55,Interview Questions -> Top SQL Interview Questions
duplicate_name,Interview Questions,Top SQL Interview Questions,SQLMCQ60,Performance Consideration,https://www.codechef.com/problems/SQLMCQ60,Interview Questions -> Top SQL Interview Questions
duplicate_name,Interview Questions,Top JavaScript Interview Questions,JSMCQ01,Type Conversion,https://www.codechef.com/problems/JSMCQ01,Interview Questions -> Top JavaScript Interview Questions
duplicate_name,Interview Questions,Top JavaScript Interview Questions,JSMCQ05,Type Checking,https://www.codechef.com/problems/JSMCQ05,Interview Questions -> Top JavaScript Interview Questions
duplicate_name,Interview Questions,Top JavaScript Interview Questions,JSMCQ06,Variable Declaration,https://www.codechef.com/problems/JSMCQ06,Interview Questions -> Top JavaScript Interview Questions
duplicate_name,Interview Questions,Top JavaScript Interview Questions,JSMCQ21,Exception Handling Basics,https://www.codechef.com/problems/JSMCQ21,Interview Questions -> Top JavaScript Interview Questions
duplicate_name,Interview Questions,Top JavaScript Interview Questions,JSMCQ45,Encapsulation,https://www.codechef.com/problems/JSMCQ45,Interview Questions -> Top JavaScript Interview Questions
duplicate_name,Interview Questions,Top JavaScript Interview Questions,JSMCQ53,Object Creation,https://www.codechef.com/problems/JSMCQ53,Interview Questions -> Top JavaScript Interview Questions
duplicate_name,Interview Questions,Top JavaScript Interview Questions,JSMCQ77,DOM Manipulation,https://www.codechef.com/problems/JSMCQ77,Interview Questions -> Top JavaScript Interview Questions
duplicate_name,Interview Questions,React Interview Questions,REACTMCQ54,DOM Manipulation,https://www.codechef.com/problems/REACTMCQ54,Interview Questions -> React Interview Questions
duplicate_name,Interview Questions,React Interview Questions,REACTMCQ59,Error Handling,https://www.codechef.com/problems/REACTMCQ59,Interview Questions -> React Interview Questions
duplicate_name,Interview Questions,React Interview Questions,REACTMCQ80,Error Handling,https://www.codechef.com/problems/REACTMCQ80,Interview Questions -> React Interview Questions
duplicate_url,Interview Questions,Data Structures Interview Questions,PREP01,Array - Pascals or Khayyams triangle,https://www.codechef.com/problems/PREP01,Beginner DSA -> Practice Arrays
duplicate_code,Interview Questions,Data Structures Interview Questions,PREP01,Array - Pascals or Khayyams triangle,https://www.codechef.com/problems/PREP01,Beginner DSA -> Practice Arrays
duplicate_name,Interview Questions,Data Structures Interview Questions,PREP01,Array - Pascals or Khayyams triangle,https://www.codechef.com/problems/PREP01,Beginner DSA -> Practice Arrays
duplicate_url,Interview Questions,Data Structures Interview Questions,ARRAYREOR,Array Reordering,https://www.codechef.com/problems/ARRAYREOR,Beginner DSA -> Practice Sorting
duplicate_code,Interview Questions,Data Structures Interview Questions,ARRAYREOR,Array Reordering,https://www.codechef.com/problems/ARRAYREOR,Beginner DSA -> Practice Sorting
duplicate_name,Interview Questions,Data Structures Interview Questions,ARRAYREOR,Array Reordering,https://www.codechef.com/problems/ARRAYREOR,Beginner DSA -> Practice Sorting
duplicate_url,Interview Questions,Data Structures Interview Questions,SMLSUM,Sum of Smaller Elements,https://www.codechef.com/problems/SMLSUM,Beginner DSA -> Practice Arrays
duplicate_code,Interview Questions,Data Structures Interview Questions,SMLSUM,Sum of Smaller Elements,https://www.codechef.com/problems/SMLSUM,Beginner DSA -> Practice Arrays
duplicate_name,Interview Questions,Data Structures Interview Questions,SMLSUM,Sum of Smaller Elements,https://www.codechef.com/problems/SMLSUM,Beginner DSA -> Practice Arrays
duplicate_url,Interview Questions,Data Structures Interview Questions,ADDONE,Add One,https://www.codechef.com/problems/ADDONE,Data Structures -> Practice Strings - Intermediate
duplicate_code,Interview Questions,Data Structures Interview Questions,ADDONE,Add One,https://www.codechef.com/problems/ADDONE,Data Structures -> Practice Strings - Intermediate
duplicate_name,Interview Questions,Data Structures Interview Questions,ADDONE,Add One,https://www.codechef.com/problems/ADDONE,Data Structures -> Practice Strings - Intermediate
duplicate_url,Interview Questions,Data Structures Interview Questions,TYPE,Typing Letter,https://www.codechef.com/problems/TYPE,Algorithms -> Advanced Arrays and Strings
duplicate_code,Interview Questions,Data Structures Interview Questions,TYPE,Typing Letter,https://www.codechef.com/problems/TYPE,Algorithms -> Advanced Arrays and Strings
duplicate_name,Interview Questions,Data Structures Interview Questions,TYPE,Typing Letter,https://www.codechef.com/problems/TYPE,Algorithms -> Advanced Arrays and Strings
duplicate_url,Interview Questions,Data Structures Interview Questions,RTLL,Reverse a Linked List,https://www.codechef.com/problems/RTLL,Data Structures -> Practice Linked Lists
duplicate_code,Interview Questions,Data Structures Interview Questions,RTLL,Reverse a Linked List,https://www.codechef.com/problems/RTLL,Data Structures -> Practice Linked Lists
duplicate_name,Interview Questions,Data Structures Interview Questions,RTLL,Reverse a Linked List,https://www.codechef.com/problems/RTLL,Data Structures -> Practice Linked Lists
duplicate_url,Interview Questions,Data Structures Interview Questions,LLMID,Find Middle Element of Linked List,https://www.codechef.com/problems/LLMID,Data Structures -> Practice Linked Lists
duplicate_code,Interview Questions,Data Structures Interview Questions,LLMID,Find Middle Element of Linked List,https://www.codechef.com/problems/LLMID,Data Structures -> Practice Linked Lists
duplicate_name,Interview Questions,Data Structures Interview Questions,LLMID,Find Middle Element of Linked List,https://www.codechef.com/problems/LLMID,Data Structures -> Practice Linked Lists
duplicate_name,Interview Questions,Data Structures Interview Questions,REMDUP,Remove Duplicates,https://www.codechef.com/problems/REMDUP,Interview Questions -> Data Structures Interview Questions
duplicate_url,Interview Questions,Data Structures Interview Questions,ROTLIST,Rotate the List,https://www.codechef.com/problems/ROTLIST,Data Structures -> Practice Linked Lists
duplicate_code,Interview Questions,Data Structures Interview Questions,ROTLIST,Rotate the List,https://www.codechef.com/problems/ROTLIST,Data Structures -> Practice Linked Lists
duplicate_name,Interview Questions,Data Structures Interview Questions,ROTLIST,Rotate the List,https://www.codechef.com/problems/ROTLIST,Data Structures -> Practice Linked Lists
duplicate_url,Interview Questions,Data Structures Interview Questions,SEGEO,Separate Even and Odd values in a linked list,https://www.codechef.com/problems/SEGEO,Data Structures -> Practice Linked Lists
duplicate_code,Interview Questions,Data Structures Interview Questions,SEGEO,Separate Even and Odd values in a linked list,https://www.codechef.com/problems/SEGEO,Data Structures -> Practice Linked Lists
duplicate_name,Interview Questions,Data Structures Interview Questions,SEGEO,Separate Even and Odd values in a linked list,https://www.codechef.com/problems/SEGEO,Data Structures -> Practice Linked Lists
duplicate_url,Interview Questions,Data Structures Interview Questions,INSDELDLL,Insert and Delete in Doubly Linked List,https://www.codechef.com/problems/INSDELDLL,Data Structures -> Practice Linked Lists
duplicate_code,Interview Questions,Data Structures Interview Questions,INSDELDLL,Insert and Delete in Doubly Linked List,https://www.codechef.com/problems/INSDELDLL,Data Structures -> Practice Linked Lists
duplicate_name,Interview Questions,Data Structures Interview Questions,INSDELDLL,Insert and Delete in Doubly Linked List,https://www.codechef.com/problems/INSDELDLL,Data Structures -> Practice Linked Lists
duplicate_url,Interview Questions,Data Structures Interview Questions,LINKLP,Count loop length in Linked List,https://www.codechef.com/problems/LINKLP,Data Structures -> Practice Linked Lists
duplicate_code,Interview Questions,Data Structures Interview Questions,LINKLP,Count loop length in Linked List,https://www.codechef.com/problems/LINKLP,Data Structures -> Practice Linked Lists
duplicate_name,Interview Questions,Data Structures Interview Questions,LINKLP,Count loop length in Linked List,https://www.codechef.com/problems/LINKLP,Data Structures -> Practice Linked Lists
duplicate_url,Interview Questions,Data Structures Interview Questions,REVSEG,Reverse the Segment,https://www.codechef.com/problems/REVSEG,Data Structures -> Practice Linked Lists
duplicate_code,Interview Questions,Data Structures Interview Questions,REVSEG,Reverse the Segment,https://www.codechef.com/problems/REVSEG,Data Structures -> Practice Linked Lists
duplicate_name,Interview Questions,Data Structures Interview Questions,REVSEG,Reverse the Segment,https://www.codechef.com/problems/REVSEG,Data Structures -> Practice Linked Lists
duplicate_url,Interview Questions,Data Structures Interview Questions,KGRPREV,Reverse m size groups,https://www.codechef.com/problems/KGRPREV,Data Structures -> Practice Linked Lists
duplicate_code,Interview Questions,Data Structures Interview Questions,KGRPREV,Reverse m size groups,https://www.codechef.com/problems/KGRPREV,Data Structures -> Practice Linked Lists
duplicate_name,Interview Questions,Data Structures Interview Questions,KGRPREV,Reverse m size groups,https://www.codechef.com/problems/KGRPREV,Data Structures -> Practice Linked Lists
duplicate_url,Interview Questions,Data Structures Interview Questions,CRITLIST,Critical points in a Linked List,https://www.codechef.com/problems/CRITLIST,Data Structures -> Practice Linked Lists
duplicate_code,Interview Questions,Data Structures Interview Questions,CRITLIST,Critical points in a Linked List,https://www.codechef.com/problems/CRITLIST,Data Structures -> Practice Linked Lists
duplicate_name,Interview Questions,Data Structures Interview Questions,CRITLIST,Critical points in a Linked List,https://www.codechef.com/problems/CRITLIST,Data Structures -> Practice Linked Lists
duplicate_url,Interview Questions,Data Structures Interview Questions,SRTLL,Sort a linked list,https://www.codechef.com/problems/SRTLL,Data Structures -> Practice Linked Lists
duplicate_code,Interview Questions,Data Structures Interview Questions,SRTLL,Sort a linked list,https://www.codechef.com/problems/SRTLL,Data Structures -> Practice Linked Lists
duplicate_name,Interview Questions,Data Structures Interview Questions,SRTLL,Sort a linked list,https://www.codechef.com/problems/SRTLL,Data Structures -> Practice Linked Lists
duplicate_url,Interview Questions,Data Structures Interview Questions,STRANGELIST,Flatten a Linked List,https://www.codechef.com/problems/STRANGELIST,Data Structures -> Practice Linked Lists
duplicate_code,Interview Questions,Data Structures Interview Questions,STRANGELIST,Flatten a Linked List,https://www.codechef.com/problems/STRANGELIST,Data Structures -> Practice Linked Lists
duplicate_name,Interview Questions,Data Structures Interview Questions,STRANGELIST,Flatten a Linked List,https://www.codechef.com/problems/STRANGELIST,Data Structures -> Practice Linked Lists
duplicate_url,Interview Questions,Data Structures Interview Questions,NSELL,Find Next Smaller value in Linked List,https://www.codechef.com/problems/NSELL,Data Structures -> Practice Linked Lists
duplicate_code,Interview Questions,Data Structures Interview Questions,NSELL,Find Next Smaller value in Linked List,https://www.codechef.com/problems/NSELL,Data Structures -> Practice Linked Lists
duplicate_name,Interview Questions,Data Structures Interview Questions,NSELL,Find Next Smaller value in Linked List,https://www.codechef.com/problems/NSELL,Data Structures -> Practice Linked Lists
duplicate_url,Interview Questions,Data Structures Interview Questions,PREP55,Remove Duplicates from Sorted List,https://www.codechef.com/problems/PREP55,Data Structures -> Practice Linked Lists
duplicate_code,Interview Questions,Data Structures Interview Questions,PREP55,Remove Duplicates from Sorted List,https://www.codechef.com/problems/PREP55,Data Structures -> Practice Linked Lists
duplicate_name,Interview Questions,Data Structures Interview Questions,PREP55,Remove Duplicates from Sorted List,https://www.codechef.com/problems/PREP55,Data Structures -> Practice Linked Lists
duplicate_url,Interview Questions,Data Structures Interview Questions,PREP58,Cycle in a linked list,https://www.codechef.com/problems/PREP58,Data Structures -> Practice Linked Lists
duplicate_code,Interview Questions,Data Structures Interview Questions,PREP58,Cycle in a linked list,https://www.codechef.com/problems/PREP58,Data Structures -> Practice Linked Lists
duplicate_name,Interview Questions,Data Structures Interview Questions,PREP58,Cycle in a linked list,https://www.codechef.com/problems/PREP58,Data Structures -> Practice Linked Lists
duplicate_url,Interview Questions,Data Structures Interview Questions,STKSORT,Stack Sort,https://www.codechef.com/problems/STKSORT,Data Structures -> Practice Stacks and Queues
duplicate_code,Interview Questions,Data Structures Interview Questions,STKSORT,Stack Sort,https://www.codechef.com/problems/STKSORT,Data Structures -> Practice Stacks and Queues
duplicate_name,Interview Questions,Data Structures Interview Questions,STKSORT,Stack Sort,https://www.codechef.com/problems/STKSORT,Data Structures -> Practice Stacks and Queues
duplicate_url,Interview Questions,Data Structures Interview Questions,MXWATR,Maximum water in a section,https://www.codechef.com/problems/MXWATR,Data Structures -> Practice Stacks and Queues
duplicate_code,Interview Questions,Data Structures Interview Questions,MXWATR,Maximum water in a section,https://www.codechef.com/problems/MXWATR,Data Structures -> Practice Stacks and Queues
duplicate_name,Interview Questions,Data Structures Interview Questions,MXWATR,Maximum water in a section,https://www.codechef.com/problems/MXWATR,Data Structures -> Practice Stacks and Queues
duplicate_url,Interview Questions,Data Structures Interview Questions,MAXREC,Maximum Area,https://www.codechef.com/problems/MAXREC,Data Structures -> Practice Stacks and Queues
duplicate_code,Interview Questions,Data Structures Interview Questions,MAXREC,Maximum Area,https://www.codechef.com/problems/MAXREC,Data Structures -> Practice Stacks and Queues
duplicate_name,Interview Questions,Data Structures Interview Questions,MAXREC,Maximum Area,https://www.codechef.com/problems/MAXREC,Data Structures -> Practice Stacks and Queues
duplicate_url,Interview Questions,Data Structures Interview Questions,PREP21,Evaluate Expression,https://www.codechef.com/problems/PREP21,Data Structures -> Practice Stacks and Queues
duplicate_code,Interview Questions,Data Structures Interview Questions,PREP21,Evaluate Expression,https://www.codechef.com/problems/PREP21,Data Structures -> Practice Stacks and Queues
duplicate_name,Interview Questions,Data Structures Interview Questions,PREP21,Evaluate Expression,https://www.codechef.com/problems/PREP21,Data Structures -> Practice Stacks and Queues
duplicate_url,Interview Questions,Data Structures Interview Questions,PREP22,Largest Rectangle in Histogram,https://www.codechef.com/problems/PREP22,Data Structures -> Practice Stacks and Queues
duplicate_code,Interview Questions,Data Structures Interview Questions,PREP22,Largest Rectangle in Histogram,https://www.codechef.com/problems/PREP22,Data Structures -> Practice Stacks and Queues
duplicate_name,Interview Questions,Data Structures Interview Questions,PREP22,Largest Rectangle in Histogram,https://www.codechef.com/problems/PREP22,Data Structures -> Practice Stacks and Queues
duplicate_url,Interview Questions,Data Structures Interview Questions,PREP23,Sliding Window Maximum,https://www.codechef.com/problems/PREP23,Data Structures -> Practice Stacks and Queues
duplicate_code,Interview Questions,Data Structures Interview Questions,PREP23,Sliding Window Maximum,https://www.codechef.com/problems/PREP23,Data Structures -> Practice Stacks and Queues
duplicate_name,Interview Questions,Data Structures Interview Questions,PREP23,Sliding Window Maximum,https://www.codechef.com/problems/PREP23,Data Structures -> Practice Stacks and Queues
duplicate_url,Interview Questions,Data Structures Interview Questions,PREP59,Valid Parenthesis,https://www.codechef.com/problems/PREP59,Data Structures -> Practice Stacks and Queues
duplicate_code,Interview Questions,Data Structures Interview Questions,PREP59,Valid Parenthesis,https://www.codechef.com/problems/PREP59,Data Structures -> Practice Stacks and Queues
duplicate_name,Interview Questions,Data Structures Interview Questions,PREP59,Valid Parenthesis,https://www.codechef.com/problems/PREP59,Data Structures -> Practice Stacks and Queues
duplicate_url,Interview Questions,Data Structures Interview Questions,PREP60,Previous smaller element,https://www.codechef.com/problems/PREP60,Data Structures -> Practice Stacks and Queues
duplicate_code,Interview Questions,Data Structures Interview Questions,PREP60,Previous smaller element,https://www.codechef.com/problems/PREP60,Data Structures -> Practice Stacks and Queues
duplicate_name,Interview Questions,Data Structures Interview Questions,PREP60,Previous smaller element,https://www.codechef.com/problems/PREP60,Data Structures -> Practice Stacks and Queues
duplicate_url,Interview Questions,Data Structures Interview Questions,NEC,Necklace,https://www.codechef.com/problems/NEC,Data Structures -> Practice Stacks and Queues
duplicate_code,Interview Questions,Data Structures Interview Questions,NEC,Necklace,https://www.codechef.com/problems/NEC,Data Structures -> Practice Stacks and Queues
duplicate_name,Interview Questions,Data Structures Interview Questions,NEC,Necklace,https://www.codechef.com/problems/NEC,Data Structures -> Practice Stacks and Queues
duplicate_url,Interview Questions,Data Structures Interview Questions,STONE_PILE,Stone Pile,https://www.codechef.com/problems/STONE_PILE,Data Structures -> Practice Stacks and Queues
duplicate_code,Interview Questions,Data Structures Interview Questions,STONE_PILE,Stone Pile,https://www.codechef.com/problems/STONE_PILE,Data Structures -> Practice Stacks and Queues
duplicate_name,Interview Questions,Data Structures Interview Questions,STONE_PILE,Stone Pile,https://www.codechef.com/problems/STONE_PILE,Data Structures -> Practice Stacks and Queues
duplicate_url,Interview Questions,Data Structures Interview Questions,INC_HEIGHTS,Parallel World,https://www.codechef.com/problems/INC_HEIGHTS,Data Structures -> Heaps
duplicate_code,Interview Questions,Data Structures Interview Questions,INC_HEIGHTS,Parallel World,https://www.codechef.com/problems/INC_HEIGHTS,Data Structures -> Heaps
duplicate_name,Interview Questions,Data Structures Interview Questions,INC_HEIGHTS,Parallel World,https://www.codechef.com/problems/INC_HEIGHTS,Data Structures -> Heaps
duplicate_url,Interview Questions,Data Structures Interview Questions,AIRTRAV,Chef Airlines,https://www.codechef.com/problems/AIRTRAV,Data Structures -> Heaps
duplicate_code,Interview Questions,Data Structures Interview Questions,AIRTRAV,Chef Airlines,https://www.codechef.com/problems/AIRTRAV,Data Structures -> Heaps
duplicate_name,Interview Questions,Data Structures Interview Questions,AIRTRAV,Chef Airlines,https://www.codechef.com/problems/AIRTRAV,Data Structures -> Heaps
duplicate_url,Interview Questions,Data Structures Interview Questions,DIVNUMB,Good Numbers,https://www.codechef.com/problems/DIVNUMB,Data Structures -> Monday Munch - DSA Challenge practice series
duplicate_code,Interview Questions,Data Structures Interview Questions,DIVNUMB,Good Numbers,https://www.codechef.com/problems/DIVNUMB,Data Structures -> Monday Munch - DSA Challenge practice series
duplicate_name,Interview Questions,Data Structures Interview Questions,DIVNUMB,Good Numbers,https://www.codechef.com/problems/DIVNUMB,Data Structures -> Monday Munch - DSA Challenge practice series
duplicate_url,Interview Questions,Data Structures Interview Questions,PREP39,Binary Search - Power Function,https://www.codechef.com/problems/PREP39,Data Structures -> Monday Munch - DSA Challenge practice series
duplicate_code,Interview Questions,Data Structures Interview Questions,PREP39,Binary Search - Power Function,https://www.codechef.com/problems/PREP39,Data Structures -> Monday Munch - DSA Challenge practice series
duplicate_name,Interview Questions,Data Structures Interview Questions,PREP39,Binary Search - Power Function,https://www.codechef.com/problems/PREP39,Data Structures -> Monday Munch - DSA Challenge practice series
duplicate_url,Interview Questions,Data Structures Interview Questions,PREP35,Graphs - Capture Regions,https://www.codechef.com/problems/PREP35,Data Structures -> Monday Munch - DSA Challenge practice series
duplicate_code,Interview Questions,Data Structures Interview Questions,PREP35,Graphs - Capture Regions,https://www.codechef.com/problems/PREP35,Data Structures -> Monday Munch - DSA Challenge practice series
duplicate_name,Interview Questions,Data Structures Interview Questions,PREP35,Graphs - Capture Regions,https://www.codechef.com/problems/PREP35,Data Structures -> Monday Munch - DSA Challenge practice series
duplicate_url,Interview Questions,Data Structures Interview Questions,PREP27,Hashing - Four Sum,https://www.codechef.com/problems/PREP27,Data Structures -> Monday Munch - DSA Challenge practice series
duplicate_code,Interview Questions,Data Structures Interview Questions,PREP27,Hashing - Four Sum,https://www.codechef.com/problems/PREP27,Data Structures -> Monday Munch - DSA Challenge practice series
duplicate_name,Interview Questions,Data Structures Interview Questions,PREP27,Hashing - Four Sum,https://www.codechef.com/problems/PREP27,Data Structures -> Monday Munch - DSA Challenge practice series
duplicate_url,Interview Questions,Data Structures Interview Questions,PREP51,Hashing - Minimum Window Substring,https://www.codechef.com/problems/PREP51,Data Structures -> Monday Munch - DSA Challenge practice series
duplicate_code,Interview Questions,Data Structures Interview Questions,PREP51,Hashing - Minimum Window Substring,https://www.codechef.com/problems/PREP51,Data Structures -> Monday Munch - DSA Challenge practice series
duplicate_name,Interview Questions,Data Structures Interview Questions,PREP51,Hashing - Minimum Window Substring,https://www.codechef.com/problems/PREP51,Data Structures -> Monday Munch - DSA Challenge practice series
duplicate_url,Interview Questions,Data Structures Interview Questions,SPSBTR,Special Substring,https://www.codechef.com/problems/SPSBTR,Data Structures -> Monday Munch - DSA Challenge practice series
duplicate_code,Interview Questions,Data Structures Interview Questions,SPSBTR,Special Substring,https://www.codechef.com/problems/SPSBTR,Data Structures -> Monday Munch - DSA Challenge practice series
duplicate_name,Interview Questions,Data Structures Interview Questions,SPSBTR,Special Substring,https://www.codechef.com/problems/SPSBTR,Data Structures -> Monday Munch - DSA Challenge practice series
duplicate_url,Interview Questions,Data Structures Interview Questions,MINSIM,Minimum Similar Substring,https://www.codechef.com/problems/MINSIM,Algorithms -> Two Pointers and Sliding Window Technique
duplicate_code,Interview Questions,Data Structures Interview Questions,MINSIM,Minimum Similar Substring,https://www.codechef.com/problems/MINSIM,Algorithms -> Two Pointers and Sliding Window Technique
duplicate_name,Interview Questions,Data Structures Interview Questions,MINSIM,Minimum Similar Substring,https://www.codechef.com/problems/MINSIM,Algorithms -> Two Pointers and Sliding Window Technique
duplicate_url,Interview Questions,Data Structures Interview Questions,PREP17,Maximum Common Elements,https://www.codechef.com/problems/PREP17,Algorithms -> Two Pointers and Sliding Window Technique
duplicate_code,Interview Questions,Data Structures Interview Questions,PREP17,Maximum Common Elements,https://www.codechef.com/problems/PREP17,Algorithms -> Two Pointers and Sliding Window Technique
duplicate_name,Interview Questions,Data Structures Interview Questions,PREP17,Maximum Common Elements,https://www.codechef.com/problems/PREP17,Algorithms -> Two Pointers and Sliding Window Technique
duplicate_url,Interview Questions,Data Structures Interview Questions,PREP69,Remove Duplicates,https://www.codechef.com/problems/PREP69,Algorithms -> Two Pointers and Sliding Window Technique
duplicate_code,Interview Questions,Data Structures Interview Questions,PREP69,Remove Duplicates,https://www.codechef.com/problems/PREP69,Algorithms -> Two Pointers and Sliding Window Technique
duplicate_name,Interview Questions,Data Structures Interview Questions,PREP69,Remove Duplicates,https://www.codechef.com/problems/PREP69,Algorithms -> Two Pointers and Sliding Window Technique
duplicate_url,Interview Questions,Data Structures Interview Questions,PREP68,Difference Pairs,https://www.codechef.com/problems/PREP68,Algorithms -> Two Pointers and Sliding Window Technique
duplicate_code,Interview Questions,Data Structures Interview Questions,PREP68,Difference Pairs,https://www.codechef.com/problems/PREP68,Algorithms -> Two Pointers and Sliding Window Technique
duplicate_name,Interview Questions,Data Structures Interview Questions,PREP68,Difference Pairs,https://www.codechef.com/problems/PREP68,Algorithms -> Two Pointers and Sliding Window Technique
duplicate_url,Interview Questions,Data Structures Interview Questions,PREP18,Find Array Min,https://www.codechef.com/problems/PREP18,Algorithms -> Two Pointers and Sliding Window Technique
duplicate_code,Interview Questions,Data Structures Interview Questions,PREP18,Find Array Min,https://www.codechef.com/problems/PREP18,Algorithms -> Two Pointers and Sliding Window Technique
duplicate_name,Interview Questions,Data Structures Interview Questions,PREP18,Find Array Min,https://www.codechef.com/problems/PREP18,Algorithms -> Two Pointers and Sliding Window Technique
duplicate_url,Interview Questions,Data Structures Interview Questions,PREP31,Dynamic Programming - Minimum Jumps,https://www.codechef.com/problems/PREP31,Data Structures -> Monday Munch - DSA Challenge practice series
duplicate_code,Interview Questions,Data Structures Interview Questions,PREP31,Dynamic Programming - Minimum Jumps,https://www.codechef.com/problems/PREP31,Data Structures -> Monday Munch - DSA Challenge practice series
duplicate_name,Interview Questions,Data Structures Interview Questions,PREP31,Dynamic Programming - Minimum Jumps,https://www.codechef.com/problems/PREP31,Data Structures -> Monday Munch - DSA Challenge practice series
duplicate_url,Interview Questions,Data Structures Interview Questions,PREP45,Bit Manipulation - Single Number,https://www.codechef.com/problems/PREP45,Algorithms -> Bit manipulation
duplicate_code,Interview Questions,Data Structures Interview Questions,PREP45,Bit Manipulation - Single Number,https://www.codechef.com/problems/PREP45,Algorithms -> Bit manipulation
duplicate_name,Interview Questions,Data Structures Interview Questions,PREP45,Bit Manipulation - Single Number,https://www.codechef.com/problems/PREP45,Algorithms -> Bit manipulation
duplicate_url,Interview Questions,Data Structures Interview Questions,PREP16,Bit Manipulation - Sum of Bits,https://www.codechef.com/problems/PREP16,Algorithms -> Bit manipulation
duplicate_code,Interview Questions,Data Structures Interview Questions,PREP16,Bit Manipulation - Sum of Bits,https://www.codechef.com/problems/PREP16,Algorithms -> Bit manipulation
duplicate_name,Interview Questions,Data Structures Interview Questions,PREP16,Bit Manipulation - Sum of Bits,https://www.codechef.com/problems/PREP16,Algorithms -> Bit manipulation
duplicate_url,Interview Questions,Data Structures Interview Questions,PREP46,Bit Manipulation - Reverse Bits,https://www.codechef.com/problems/PREP46,Algorithms -> Bit manipulation
duplicate_code,Interview Questions,Data Structures Interview Questions,PREP46,Bit Manipulation - Reverse Bits,https://www.codechef.com/problems/PREP46,Algorithms -> Bit manipulation
duplicate_name,Interview Questions,Data Structures Interview Questions,PREP46,Bit Manipulation - Reverse Bits,https://www.codechef.com/problems/PREP46,Algorithms -> Bit manipulation
duplicate_name,Interview Questions,Operating systems Interview Questions,OSMCQ028,Memory Allocation Techniques,https://www.codechef.com/problems/OSMCQ028,Interview Questions -> Operating systems Interview Questions
duplicate_name,Interview Questions,Operating systems Interview Questions,OSMCQ030,Virtual Memory,https://www.codechef.com/problems/OSMCQ030,Interview Questions -> Operating systems Interview Questions
duplicate_name,Interview Questions,Operating systems Interview Questions,OSMCQ047,Contiguous Allocation,https://www.codechef.com/problems/OSMCQ047,Interview Questions -> Operating systems Interview Questions
duplicate_name,Interview Questions,Operating systems Interview Questions,OSMCQ107,Critical Section,https://www.codechef.com/problems/OSMCQ107,Interview Questions -> Operating systems Interview Questions
duplicate_name,Interview Questions,Operating systems Interview Questions,OSMCQ108,Deadlock Scenario,https://www.codechef.com/problems/OSMCQ108,Interview Questions -> Operating systems Interview Questions
duplicate_name,Interview Questions,Python Developer Interview Preparation,SHRTPROB98,Memory Management,https://www.codechef.com/problems/SHRTPROB98,Interview Questions -> Python Developer Interview Preparation
duplicate_url,Interview Questions,Python Developer Interview Preparation,LLMID,Find Middle Element of Linked List,https://www.codechef.com/problems/LLMID,Data Structures -> Practice Linked Lists
duplicate_code,Interview Questions,Python Developer Interview Preparation,LLMID,Find Middle Element of Linked List,https://www.codechef.com/problems/LLMID,Data Structures -> Practice Linked Lists
duplicate_name,Interview Questions,Python Developer Interview Preparation,LLMID,Find Middle Element of Linked List,https://www.codechef.com/problems/LLMID,Data Structures -> Practice Linked Lists
duplicate_url,Interview Questions,Python Developer Interview Preparation,NSELL,Find Next Smaller value in Linked List,https://www.codechef.com/problems/NSELL,Data Structures -> Practice Linked Lists
duplicate_code,Interview Questions,Python Developer Interview Preparation,NSELL,Find Next Smaller value in Linked List,https://www.codechef.com/problems/NSELL,Data Structures -> Practice Linked Lists
duplicate_name,Interview Questions,Python Developer Interview Preparation,NSELL,Find Next Smaller value in Linked List,https://www.codechef.com/problems/NSELL,Data Structures -> Practice Linked Lists
duplicate_url,Interview Questions,Python Developer Interview Preparation,RTLL,Reverse a Linked List,https://www.codechef.com/problems/RTLL,Data Structures -> Practice Linked Lists
duplicate_code,Interview Questions,Python Developer Interview Preparation,RTLL,Reverse a Linked List,https://www.codechef.com/problems/RTLL,Data Structures -> Practice Linked Lists
duplicate_name,Interview Questions,Python Developer Interview Preparation,RTLL,Reverse a Linked List,https://www.codechef.com/problems/RTLL,Data Structures -> Practice Linked Lists
duplicate_url,Interview Questions,Python Developer Interview Preparation,MAXLCS,Maximizing LCS,https://www.codechef.com/problems/MAXLCS,Data Structures -> Monday Munch - DSA Challenge practice series
duplicate_code,Interview Questions,Python Developer Interview Preparation,MAXLCS,Maximizing LCS,https://www.codechef.com/problems/MAXLCS,Data Structures -> Monday Munch - DSA Challenge practice series
duplicate_name,Interview Questions,Python Developer Interview Preparation,MAXLCS,Maximizing LCS,https://www.codechef.com/problems/MAXLCS,Data Structures -> Monday Munch - DSA Challenge practice series
duplicate_url,Interview Questions,Python Developer Interview Preparation,BSTKTHMAX,Kth Largest Node in BST,https://www.codechef.com/problems/BSTKTHMAX,Data Structures -> Monday Munch - DSA Challenge practice series
duplicate_code,Interview Questions,Python Developer Interview Preparation,BSTKTHMAX,Kth Largest Node in BST,https://www.codechef.com/problems/BSTKTHMAX,Data Structures -> Monday Munch - DSA Challenge practice series
duplicate_name,Interview Questions,Python Developer Interview Preparation,BSTKTHMAX,Kth Largest Node in BST,https://www.codechef.com/problems/BSTKTHMAX,Data Structures -> Monday Munch - DSA Challenge practice series
duplicate_url,Interview Questions,Python Developer Interview Preparation,DSAPROB15,Count Pairs,https://www.codechef.com/problems/DSAPROB15,Algorithms -> Two Pointers and Sliding Window Technique
duplicate_code,Interview Questions,Python Developer Interview Preparation,DSAPROB15,Count Pairs,https://www.codechef.com/problems/DSAPROB15,Algorithms -> Two Pointers and Sliding Window Technique
duplicate_name,Interview Questions,Python Developer Interview Preparation,DSAPROB15,Count Pairs,https://www.codechef.com/problems/DSAPROB15,Algorithms -> Two Pointers and Sliding Window Technique
duplicate_name,Interview Questions,Python Developer Interview Preparation,DSAAGP119A,Valid Parenthesis,https://www.codechef.com/problems/DSAAGP119A,Interview Questions -> Python Developer Interview Preparation
duplicate_name,Interview Questions,Python Developer Interview Preparation,SHRTPROB127,Atomic Operations,https://www.codechef.com/problems/SHRTPROB127,Interview Questions -> Python Developer Interview Preparation
duplicate_name,Interview Questions,Python Developer Interview Preparation,SHRTPROB195,Orchestrator,https://www.codechef.com/problems/SHRTPROB195,Interview Questions -> Python Developer Interview Preparation
duplicate_name,Interview Questions,Python Developer Interview Preparation,SHRTPROB211,Memory Efficiency,https://www.codechef.com/problems/SHRTPROB211,Interview Questions -> Python Developer Interview Preparation
duplicate_url,Interview Questions,Java Developer Interview Preparation,JVASHRTA16,Java Keyword Enforcement,https://www.codechef.com/problems/JVASHRTA16,Interview Questions -> Java Developer Interview Preparation
duplicate_code,Interview Questions,Java Developer Interview Preparation,JVASHRTA16,Java Keyword Enforcement,https://www.codechef.com/problems/JVASHRTA16,Interview Questions -> Java Developer Interview Preparation
duplicate_name,Interview Questions,Java Developer Interview Preparation,JVASHRTA16,Java Keyword Enforcement,https://www.codechef.com/problems/JVASHRTA16,Interview Questions -> Java Developer Interview Preparation
duplicate_row,Interview Questions,Java Developer Interview Preparation,JVASHRTA16,Java Keyword Enforcement,https://www.codechef.com/problems/JVASHRTA16,Interview Questions -> Java Developer Interview Preparation
duplicate_name,Interview Questions,Java Developer Interview Preparation,JVASHRTA20,Polymorphism,https://www.codechef.com/problems/JVASHRTA20,Interview Questions -> Java Developer Interview Preparation
duplicate_url,Interview Questions,Java Developer Interview Preparation,RTLL,Reverse a Linked List,https://www.codechef.com/problems/RTLL,Data Structures -> Practice Linked Lists
duplicate_code,Interview Questions,Java Developer Interview Preparation,RTLL,Reverse a Linked List,https://www.codechef.com/problems/RTLL,Data Structures -> Practice Linked Lists
duplicate_name,Interview Questions,Java Developer Interview Preparation,RTLL,Reverse a Linked List,https://www.codechef.com/problems/RTLL,Data Structures -> Practice Linked Lists
duplicate_name,Interview Questions,Java Developer Interview Preparation,SESO44,Complete the implementation,https://www.codechef.com/problems/SESO44,Interview Questions -> Java Developer Interview Preparation
duplicate_name,Interview Questions,Java Developer Interview Preparation,VISA06,Longest Palindromic Substring,https://www.codechef.com/problems/VISA06,Interview Questions -> Java Developer Interview Preparation
duplicate_name,Interview Questions,Java Developer Interview Preparation,DSAAGP96,Count loop length in Linked List,https://www.codechef.com/problems/DSAAGP96,Interview Questions -> Java Developer Interview Preparation
duplicate_name,Interview Questions,Java Developer Interview Preparation,DSAAGP105,Trapping Rainwater,https://www.codechef.com/problems/DSAAGP105,Interview Questions -> Java Developer Interview Preparation
duplicate_name,Other Practice Paths,SQL case studies,SQLP001,MCQ-1,https://www.codechef.com/problems/SQLP001,Other Practice Paths -> SQL case studies
duplicate_name,Other Practice Paths,SQL case studies,SQLP002,MCQ-2,https://www.codechef.com/problems/SQLP002,Other Practice Paths -> SQL case studies
duplicate_name,Other Practice Paths,SQL case studies,SQLP003,Rearrange code-1,https://www.codechef.com/problems/SQLP003,Other Practice Paths -> SQL case studies
duplicate_name,Other Practice Paths,SQL case studies,SQLP004,Rearrange code-2,https://www.codechef.com/problems/SQLP004,Other Practice Paths -> SQL case studies
duplicate_name,Other Practice Paths,SQL case studies,SQLP005,MCQ-3,https://www.codechef.com/problems/SQLP005,Other Practice Paths -> SQL case studies
duplicate_name,Other Practice Paths,SQL case studies,SQLP006,Rearrange code-3,https://www.codechef.com/problems/SQLP006,Other Practice Paths -> SQL case studies
duplicate_name,Other Practice Paths,SQL case studies,SQLP007,MCQ-4,https://www.codechef.com/problems/SQLP007,Other Practice Paths -> SQL case studies
duplicate_name,Other Practice Paths,SQL case studies,SQLP008,Rearrange code-4,https://www.codechef.com/problems/SQLP008,Other Practice Paths -> SQL case studies
duplicate_name,Other Practice Paths,SQL case studies,SQLP009,MCQ-5,https://www.codechef.com/problems/SQLP009,Other Practice Paths -> SQL case studies
duplicate_name,Other Practice Paths,SQL case studies,SQLP010,MCQ-6,https://www.codechef.com/problems/SQLP010,Other Practice Paths -> SQL case studies
duplicate_name,Other Practice Paths,SQL case studies,SQLP011,MCQ-7,https://www.codechef.com/problems/SQLP011,Other Practice Paths -> SQL case studies
duplicate_name,Other Practice Paths,SQL case studies,SQLP012,MCQ-8,https://www.codechef.com/problems/SQLP012,Other Practice Paths -> SQL case studies
duplicate_name,Other Practice Paths,SQL case studies,SQLP013,Rearrange code-5,https://www.codechef.com/problems/SQLP013,Other Practice Paths -> SQL case studies
duplicate_name,Other Practice Paths,SQL case studies,SQLP014,MCQ-9,https://www.codechef.com/problems/SQLP014,Other Practice Paths -> SQL case studies
duplicate_name,Other Practice Paths,SQL case studies,SQLP015,MCQ-10,https://www.codechef.com/problems/SQLP015,Other Practice Paths -> SQL case studies
duplicate_name,Other Practice Paths,SQL case studies,SQLP016,MCQ-11,https://www.codechef.com/problems/SQLP016,Other Practice Paths -> SQL case studies
duplicate_name,Other Practice Paths,SQL case studies,SQLP017,MCQ-12,https://www.codechef.com/problems/SQLP017,Other Practice Paths -> SQL case studies
duplicate_name,Other Practice Paths,SQL case studies,SQLP018,MCQ-13,https://www.codechef.com/problems/SQLP018,Other Practice Paths -> SQL case studies
duplicate_name,Other Practice Paths,SQL case studies,SQLP019,MCQ-14,https://www.codechef.com/problems/SQLP019,Other Practice Paths -> SQL case studies
duplicate_name,Other Practice Paths,SQL case studies,SQLP021,Query-1,https://www.codechef.com/problems/SQLP021,Other Practice Paths -> SQL case studies
duplicate_name,Other Practice Paths,SQL case studies,SQLP022,Query-2,https://www.codechef.com/problems/SQLP022,Other Practice Paths -> SQL case studies
duplicate_name,Other Practice Paths,SQL case studies,SQLP023,Query-3,https://www.codechef.com/problems/SQLP023,Other Practice Paths -> SQL case studies
duplicate_name,Other Practice Paths,SQL case studies,SQLP024,Query-4,https://www.codechef.com/problems/SQLP024,Other Practice Paths -> SQL case studies
duplicate_name,Other Practice Paths,SQL case studies,SQLP025,Query-5,https://www.codechef.com/problems/SQLP025,Other Practice Paths -> SQL case studies
duplicate_name,Other Practice Paths,SQL case studies,SQLP026,Query-6,https://www.codechef.com/problems/SQLP026,Other Practice Paths -> SQL case studies
duplicate_name,Other Practice Paths,SQL case studies,SQLP027,Query-7,https://www.codechef.com/problems/SQLP027,Other Practice Paths -> SQL case studies
duplicate_name,Other Practice Paths,SQL case studies,SQLP028,Query-8,https://www.codechef.com/problems/SQLP028,Other Practice Paths -> SQL case studies
duplicate_name,Other Practice Paths,SQL case studies,SQLP029,Query-9,https://www.codechef.com/problems/SQLP029,Other Practice Paths -> SQL case studies
duplicate_name,Other Practice Paths,SQL case studies,SQLP030,Query-10,https://www.codechef.com/problems/SQLP030,Other Practice Paths -> SQL case studies
duplicate_name,Other Practice Paths,SQL case studies,SQLP031,Query-11,https://www.codechef.com/problems/SQLP031,Other Practice Paths -> SQL case studies
duplicate_name,Other Practice Paths,SQL case studies,SQLP032,Query-12,https://www.codechef.com/problems/SQLP032,Other Practice Paths -> SQL case studies
duplicate_name,Other Practice Paths,SQL case studies,SQLP097,MCQ-1,https://www.codechef.com/problems/SQLP097,Other Practice Paths -> SQL case studies
duplicate_name,Other Practice Paths,SQL case studies,SQLP098,MCQ-2,https://www.codechef.com/problems/SQLP098,Other Practice Paths -> SQL case studies
duplicate_name,Other Practice Paths,SQL case studies,SQLP099,Rearrange code-1,https://www.codechef.com/problems/SQLP099,Other Practice Paths -> SQL case studies
duplicate_name,Other Practice Paths,SQL case studies,SQLP100,MCQ-3,https://www.codechef.com/problems/SQLP100,Other Practice Paths -> SQL case studies
duplicate_name,Other Practice Paths,SQL case studies,SQLP101,MCQ-4,https://www.codechef.com/problems/SQLP101,Other Practice Paths -> SQL case studies
duplicate_name,Other Practice Paths,SQL case studies,SQLP108,Rearrange code-2,https://www.codechef.com/problems/SQLP108,Other Practice Paths -> SQL case studies
duplicate_name,Other Practice Paths,SQL case studies,SQLP103,MCQ-5,https://www.codechef.com/problems/SQLP103,Other Practice Paths -> SQL case studies
duplicate_name,Other Practice Paths,SQL case studies,SQLP104,MCQ-6,https://www.codechef.com/problems/SQLP104,Other Practice Paths -> SQL case studies
duplicate_name,Other Practice Paths,SQL case studies,SQLP102,Rearrange code-3,https://www.codechef.com/problems/SQLP102,Other Practice Paths -> SQL case studies
duplicate_name,Other Practice Paths,SQL case studies,SQLP106,MCQ-7,https://www.codechef.com/problems/SQLP106,Other Practice Paths -> SQL case studies
duplicate_name,Other Practice Paths,SQL case studies,SQLP107,MCQ-8,https://www.codechef.com/problems/SQLP107,Other Practice Paths -> SQL case studies
duplicate_name,Other Practice Paths,SQL case studies,SQLP105,Rearrange code-4,https://www.codechef.com/problems/SQLP105,Other Practice Paths -> SQL case studies
duplicate_name,Other Practice Paths,SQL case studies,SQLP109,MCQ-9,https://www.codechef.com/problems/SQLP109,Other Practice Paths -> SQL case studies
duplicate_name,Other Practice Paths,SQL case studies,SQLP110,MCQ-10,https://www.codechef.com/problems/SQLP110,Other Practice Paths -> SQL case studies
duplicate_name,Other Practice Paths,SQL case studies,SQLP111,Rearrange code-5,https://www.codechef.com/problems/SQLP111,Other Practice Paths -> SQL case studies
duplicate_name,Other Practice Paths,SQL case studies,SQLP112,MCQ-11,https://www.codechef.com/problems/SQLP112,Other Practice Paths -> SQL case studies
duplicate_name,Other Practice Paths,SQL case studies,SQLP113,MCQ-12,https://www.codechef.com/problems/SQLP113,Other Practice Paths -> SQL case studies
duplicate_name,Other Practice Paths,SQL case studies,SQLP114,Rearrange code-6,https://www.codechef.com/problems/SQLP114,Other Practice Paths -> SQL case studies
duplicate_name,Other Practice Paths,SQL case studies,SQLP115,MCQ-13,https://www.codechef.com/problems/SQLP115,Other Practice Paths -> SQL case studies
duplicate_name,Other Practice Paths,SQL case studies,SQLP116,MCQ-14,https://www.codechef.com/problems/SQLP116,Other Practice Paths -> SQL case studies
duplicate_name,Other Practice Paths,SQL case studies,SQLP117,Query-1,https://www.codechef.com/problems/SQLP117,Other Practice Paths -> SQL case studies
duplicate_name,Other Practice Paths,SQL case studies,SQLP118,Query-2,https://www.codechef.com/problems/SQLP118,Other Practice Paths -> SQL case studies
duplicate_name,Other Practice Paths,SQL case studies,SQLP119,Query-3,https://www.codechef.com/problems/SQLP119,Other Practice Paths -> SQL case studies
duplicate_name,Other Practice Paths,SQL case studies,SQLP127,Query-4,https://www.codechef.com/problems/SQLP127,Other Practice Paths -> SQL case studies
duplicate_name,Other Practice Paths,SQL case studies,SQLP120,Query-5,https://www.codechef.com/problems/SQLP120,Other Practice Paths -> SQL case studies
duplicate_name,Other Practice Paths,SQL case studies,SQLP123,Query-6,https://www.codechef.com/problems/SQLP123,Other Practice Paths -> SQL case studies
duplicate_name,Other Practice Paths,SQL case studies,SQLP124,Query-7,https://www.codechef.com/problems/SQLP124,Other Practice Paths -> SQL case studies
duplicate_name,Other Practice Paths,SQL case studies,SQLP126,Query-8,https://www.codechef.com/problems/SQLP126,Other Practice Paths -> SQL case studies
duplicate_name,Other Practice Paths,SQL case studies,SQLP128,Query-9,https://www.codechef.com/problems/SQLP128,Other Practice Paths -> SQL case studies
duplicate_name,Other Practice Paths,SQL case studies,SQLP121,Query-10,https://www.codechef.com/problems/SQLP121,Other Practice Paths -> SQL case studies
duplicate_name,Other Practice Paths,SQL case studies,SQLP122,Query-11,https://www.codechef.com/problems/SQLP122,Other Practice Paths -> SQL case studies
duplicate_name,Other Practice Paths,SQL case studies,SQLP125,Query-12,https://www.codechef.com/problems/SQLP125,Other Practice Paths -> SQL case studies
duplicate_name,Other Practice Paths,SQL case studies,SQLP129,MCQ-1,https://www.codechef.com/problems/SQLP129,Other Practice Paths -> SQL case studies
duplicate_name,Other Practice Paths,SQL case studies,SQLP130,MCQ-2,https://www.codechef.com/problems/SQLP130,Other Practice Paths -> SQL case studies
duplicate_name,Other Practice Paths,SQL case studies,SQLP131,MCQ-3,https://www.codechef.com/problems/SQLP131,Other Practice Paths -> SQL case studies
duplicate_name,Other Practice Paths,SQL case studies,SQLP132,MCQ-4,https://www.codechef.com/problems/SQLP132,Other Practice Paths -> SQL case studies
duplicate_name,Other Practice Paths,SQL case studies,SQLP133,MCQ-5,https://www.codechef.com/problems/SQLP133,Other Practice Paths -> SQL case studies
duplicate_name,Other Practice Paths,SQL case studies,SQLP134,MCQ-6,https://www.codechef.com/problems/SQLP134,Other Practice Paths -> SQL case studies
duplicate_name,Other Practice Paths,SQL case studies,SQLP135,MCQ-7,https://www.codechef.com/problems/SQLP135,Other Practice Paths -> SQL case studies
duplicate_name,Other Practice Paths,SQL case studies,SQLP136,MCQ-8,https://www.codechef.com/problems/SQLP136,Other Practice Paths -> SQL case studies
duplicate_name,Other Practice Paths,SQL case studies,SQLP137,MCQ-9,https://www.codechef.com/problems/SQLP137,Other Practice Paths -> SQL case studies
duplicate_name,Other Practice Paths,SQL case studies,SQLP138,MCQ-10,https://www.codechef.com/problems/SQLP138,Other Practice Paths -> SQL case studies
duplicate_name,Other Practice Paths,SQL case studies,SQLP139,MCQ-11,https://www.codechef.com/problems/SQLP139,Other Practice Paths -> SQL case studies
duplicate_name,Other Practice Paths,SQL case studies,SQLP140,MCQ-12,https://www.codechef.com/problems/SQLP140,Other Practice Paths -> SQL case studies
duplicate_name,Other Practice Paths,SQL case studies,SQLP141,MCQ-13,https://www.codechef.com/problems/SQLP141,Other Practice Paths -> SQL case studies
duplicate_name,Other Practice Paths,SQL case studies,SQLP142,MCQ-14,https://www.codechef.com/problems/SQLP142,Other Practice Paths -> SQL case studies
duplicate_name,Other Practice Paths,SQL case studies,SQLP143,MCQ-15,https://www.codechef.com/problems/SQLP143,Other Practice Paths -> SQL case studies
duplicate_name,Other Practice Paths,SQL case studies,SQLP144,Rearrange code-1,https://www.codechef.com/problems/SQLP144,Other Practice Paths -> SQL case studies
duplicate_name,Other Practice Paths,SQL case studies,SQLP145,Rearrange code-2,https://www.codechef.com/problems/SQLP145,Other Practice Paths -> SQL case studies
duplicate_name,Other Practice Paths,SQL case studies,SQLP146,Rearrange code-3,https://www.codechef.com/problems/SQLP146,Other Practice Paths -> SQL case studies
duplicate_name,Other Practice Paths,SQL case studies,SQLP147,Rearrange code-4,https://www.codechef.com/problems/SQLP147,Other Practice Paths -> SQL case studies
duplicate_name,Other Practice Paths,SQL case studies,SQLP148,Rearrange code-5,https://www.codechef.com/problems/SQLP148,Other Practice Paths -> SQL case studies
duplicate_name,Other Practice Paths,SQL case studies,SQLP149,Query-1,https://www.codechef.com/problems/SQLP149,Other Practice Paths -> SQL case studies
duplicate_name,Other Practice Paths,SQL case studies,SQLP150,Query-2,https://www.codechef.com/problems/SQLP150,Other Practice Paths -> SQL case studies
duplicate_name,Other Practice Paths,SQL case studies,SQLP151,Query-3,https://www.codechef.com/problems/SQLP151,Other Practice Paths -> SQL case studies
duplicate_name,Other Practice Paths,SQL case studies,SQLP152,Query-4,https://www.codechef.com/problems/SQLP152,Other Practice Paths -> SQL case studies
duplicate_name,Other Practice Paths,SQL case studies,SQLP153,Query-5,https://www.codechef.com/problems/SQLP153,Other Practice Paths -> SQL case studies
duplicate_name,Other Practice Paths,SQL case studies,SQLP154,Query-6,https://www.codechef.com/problems/SQLP154,Other Practice Paths -> SQL case studies
duplicate_name,Other Practice Paths,SQL case studies,SQLP155,Query-7,https://www.codechef.com/problems/SQLP155,Other Practice Paths -> SQL case studies
duplicate_name,Other Practice Paths,SQL case studies,SQLP156,Query-8,https://www.codechef.com/problems/SQLP156,Other Practice Paths -> SQL case studies
duplicate_name,Other Practice Paths,SQL case studies,SQLP157,Query-9,https://www.codechef.com/problems/SQLP157,Other Practice Paths -> SQL case studies
duplicate_name,Other Practice Paths,SQL case studies,SQLP158,Query-10,https://www.codechef.com/problems/SQLP158,Other Practice Paths -> SQL case studies
duplicate_name,Other Practice Paths,SQL case studies,SQLP159,Query-11,https://www.codechef.com/problems/SQLP159,Other Practice Paths -> SQL case studies
duplicate_name,Other Practice Paths,SQL case studies,SQLP160,Query-12,https://www.codechef.com/problems/SQLP160,Other Practice Paths -> SQL case studies
duplicate_name,Other Practice Paths,SQL case studies,SQLP161,MCQ-1,https://www.codechef.com/problems/SQLP161,Other Practice Paths -> SQL case studies
duplicate_name,Other Practice Paths,SQL case studies,SQLP162,MCQ-2,https://www.codechef.com/problems/SQLP162,Other Practice Paths -> SQL case studies
duplicate_name,Other Practice Paths,SQL case studies,SQLP163,MCQ-3,https://www.codechef.com/problems/SQLP163,Other Practice Paths -> SQL case studies
duplicate_name,Other Practice Paths,SQL case studies,SQLP164,MCQ-4,https://www.codechef.com/problems/SQLP164,Other Practice Paths -> SQL case studies
duplicate_name,Other Practice Paths,SQL case studies,SQLP165,MCQ-5,https://www.codechef.com/problems/SQLP165,Other Practice Paths -> SQL case studies
duplicate_name,Other Practice Paths,SQL case studies,SQLP166,MCQ-6,https://www.codechef.com/problems/SQLP166,Other Practice Paths -> SQL case studies
duplicate_name,Other Practice Paths,SQL case studies,SQLP167,MCQ-7,https://www.codechef.com/problems/SQLP167,Other Practice Paths -> SQL case studies
duplicate_name,Other Practice Paths,SQL case studies,SQLP168,MCQ-8,https://www.codechef.com/problems/SQLP168,Other Practice Paths -> SQL case studies
duplicate_name,Other Practice Paths,SQL case studies,SQLP169,MCQ-9,https://www.codechef.com/problems/SQLP169,Other Practice Paths -> SQL case studies
duplicate_name,Other Practice Paths,SQL case studies,SQLP170,MCQ-10,https://www.codechef.com/problems/SQLP170,Other Practice Paths -> SQL case studies
duplicate_name,Other Practice Paths,SQL case studies,SQLP171,MCQ-11,https://www.codechef.com/problems/SQLP171,Other Practice Paths -> SQL case studies
duplicate_name,Other Practice Paths,SQL case studies,SQLP172,MCQ-12,https://www.codechef.com/problems/SQLP172,Other Practice Paths -> SQL case studies
duplicate_name,Other Practice Paths,SQL case studies,SQLP173,MCQ-13,https://www.codechef.com/problems/SQLP173,Other Practice Paths -> SQL case studies
duplicate_name,Other Practice Paths,SQL case studies,SQLP174,MCQ-14,https://www.codechef.com/problems/SQLP174,Other Practice Paths -> SQL case studies
duplicate_name,Other Practice Paths,SQL case studies,SQLP175,MCQ-15,https://www.codechef.com/problems/SQLP175,Other Practice Paths -> SQL case studies
duplicate_name,Other Practice Paths,SQL case studies,SQLP176,Rearrange code-1,https://www.codechef.com/problems/SQLP176,Other Practice Paths -> SQL case studies
duplicate_name,Other Practice Paths,SQL case studies,SQLP177,Rearrange code-2,https://www.codechef.com/problems/SQLP177,Other Practice Paths -> SQL case studies
duplicate_name,Other Practice Paths,SQL case studies,SQLP178,Rearrange code-3,https://www.codechef.com/problems/SQLP178,Other Practice Paths -> SQL case studies
duplicate_name,Other Practice Paths,SQL case studies,SQLP179,Rearrange code-4,https://www.codechef.com/problems/SQLP179,Other Practice Paths -> SQL case studies
duplicate_name,Other Practice Paths,SQL case studies,SQLP180,Rearrange code-5,https://www.codechef.com/problems/SQLP180,Other Practice Paths -> SQL case studies
duplicate_name,Other Practice Paths,SQL case studies,SQLP181,Query-1,https://www.codechef.com/problems/SQLP181,Other Practice Paths -> SQL case studies
duplicate_name,Other Practice Paths,SQL case studies,SQLP182,Query-2,https://www.codechef.com/problems/SQLP182,Other Practice Paths -> SQL case studies
duplicate_name,Other Practice Paths,SQL case studies,SQLP183,Query-3,https://www.codechef.com/problems/SQLP183,Other Practice Paths -> SQL case studies
duplicate_name,Other Practice Paths,SQL case studies,SQLP184,Query-4,https://www.codechef.com/problems/SQLP184,Other Practice Paths -> SQL case studies
duplicate_name,Other Practice Paths,SQL case studies,SQLP185,Query-5,https://www.codechef.com/problems/SQLP185,Other Practice Paths -> SQL case studies
duplicate_name,Other Practice Paths,SQL case studies,SQLP186,Query-6,https://www.codechef.com/problems/SQLP186,Other Practice Paths -> SQL case studies
duplicate_name,Other Practice Paths,SQL case studies,SQLP187,Query-7,https://www.codechef.com/problems/SQLP187,Other Practice Paths -> SQL case studies
duplicate_name,Other Practice Paths,SQL case studies,SQLP188,Query-8,https://www.codechef.com/problems/SQLP188,Other Practice Paths -> SQL case studies
duplicate_name,Other Practice Paths,SQL case studies,SQLP189,Query-9,https://www.codechef.com/problems/SQLP189,Other Practice Paths -> SQL case studies
duplicate_name,Other Practice Paths,SQL case studies,SQLP190,Query-10,https://www.codechef.com/problems/SQLP190,Other Practice Paths -> SQL case studies
duplicate_name,Other Practice Paths,SQL case studies,SQLP191,Query-11,https://www.codechef.com/problems/SQLP191,Other Practice Paths -> SQL case studies
duplicate_name,Other Practice Paths,SQL case studies,SQLP192,Query-12,https://www.codechef.com/problems/SQLP192,Other Practice Paths -> SQL case studies
duplicate_name,Other Practice Paths,Practice R Programming,LPRASPR05,Identify Correct Syntax,https://www.codechef.com/problems/LPRASPR05,Other Practice Paths -> Practice R Programming
duplicate_name,Other Practice Paths,Practice R Programming,LPRASPR11,Guess the Output,https://www.codechef.com/problems/LPRASPR11,Other Practice Paths -> Practice R Programming
duplicate_name,Other Practice Paths,Practice R Programming,LPRASPR13,Guess the Output,https://www.codechef.com/problems/LPRASPR13,Other Practice Paths -> Practice R Programming
duplicate_name,Other Practice Paths,Practice R Programming,LPRASPR16,Guess the Output,https://www.codechef.com/problems/LPRASPR16,Other Practice Paths -> Practice R Programming
duplicate_name,Other Practice Paths,Practice R Programming,LPRASPR17,Guess the Output,https://www.codechef.com/problems/LPRASPR17,Other Practice Paths -> Practice R Programming
duplicate_name,Other Practice Paths,Practice R Programming,LPRASPR19,Guess the Output,https://www.codechef.com/problems/LPRASPR19,Other Practice Paths -> Practice R Programming
duplicate_name,Other Practice Paths,Practice R Programming,LPRASPR22,Guess the Output,https://www.codechef.com/problems/LPRASPR22,Other Practice Paths -> Practice R Programming
duplicate_name,Other Practice Paths,Practice R Programming,LPRASPR24,Guess the Output,https://www.codechef.com/problems/LPRASPR24,Other Practice Paths -> Practice R Programming
duplicate_name,Other Practice Paths,Practice R Programming,LPRASPR26,Guess the Output,https://www.codechef.com/problems/LPRASPR26,Other Practice Paths -> Practice R Programming
duplicate_name,Other Practice Paths,Practice R Programming,LPRASPR28,Guess the Output,https://www.codechef.com/problems/LPRASPR28,Other Practice Paths -> Practice R Programming
duplicate_name,Other Practice Paths,Practice R Programming,LPRASPR37,Guess the output,https://www.codechef.com/problems/LPRASPR37,Other Practice Paths -> Practice R Programming
duplicate_name,Other Practice Paths,Practice R Programming,LPRASPR39,Guess the output,https://www.codechef.com/problems/LPRASPR39,Other Practice Paths -> Practice R Programming
duplicate_name,Other Practice Paths,Practice R Programming,LPRASPR40,Guess the output,https://www.codechef.com/problems/LPRASPR40,Other Practice Paths -> Practice R Programming
duplicate_name,Other Practice Paths,Practice R Programming,LPRASPR43,Print the length,https://www.codechef.com/problems/LPRASPR43,Other Practice Paths -> Practice R Programming
duplicate_name,Other Practice Paths,Practice R Programming,LPRASPR45,Guess the output,https://www.codechef.com/problems/LPRASPR45,Other Practice Paths -> Practice R Programming
duplicate_name,Other Practice Paths,Practice R Programming,LPRASPR46,Guess the output,https://www.codechef.com/problems/LPRASPR46,Other Practice Paths -> Practice R Programming
duplicate_name,Other Practice Paths,Practice R Programming,LPRASPR47,Guess the output,https://www.codechef.com/problems/LPRASPR47,Other Practice Paths -> Practice R Programming
duplicate_name,Other Practice Paths,Practice R Programming,LPRASPR48,Guess the output,https://www.codechef.com/problems/LPRASPR48,Other Practice Paths -> Practice R Programming
duplicate_name,Other Practice Paths,Practice R Programming,LPRASPR49,Guess the output,https://www.codechef.com/problems/LPRASPR49,Other Practice Paths -> Practice R Programming
duplicate_name,Other Practice Paths,Practice R Programming,LPRASPR54,Identify the function,https://www.codechef.com/problems/LPRASPR54,Other Practice Paths -> Practice R Programming
duplicate_name,Other Practice Paths,Practice R Programming,LPRASPR56,Guess the output,https://www.codechef.com/problems/LPRASPR56,Other Practice Paths -> Practice R Programming
duplicate_name,Other Practice Paths,Practice R Programming,LPRASPR57,Guess the output,https://www.codechef.com/problems/LPRASPR57,Other Practice Paths -> Practice R Programming
duplicate_name,Other Practice Paths,Practice R Programming,LPRASPR59,Guess the output,https://www.codechef.com/problems/LPRASPR59,Other Practice Paths -> Practice R Programming
duplicate_name,Other Practice Paths,Practice R Programming,LPRASPR60,Guess the output,https://www.codechef.com/problems/LPRASPR60,Other Practice Paths -> Practice R Programming
duplicate_name,Other Practice Paths,Practice R Programming,LPRASPR67,Guess the output,https://www.codechef.com/problems/LPRASPR67,Other Practice Paths -> Practice R Programming
duplicate_name,Other Practice Paths,Practice R Programming,LPRASPR68,Guess the output,https://www.codechef.com/problems/LPRASPR68,Other Practice Paths -> Practice R Programming
duplicate_name,Other Practice Paths,Practice R Programming,LPRASPR70,Guess the output,https://www.codechef.com/problems/LPRASPR70,Other Practice Paths -> Practice R Programming
duplicate_name,Other Practice Paths,Practice R Programming,LPRASPR71,Guess the output,https://www.codechef.com/problems/LPRASPR71,Other Practice Paths -> Practice R Programming
duplicate_name,Other Practice Paths,Practice R Programming,LPRASPR73,Guess the output,https://www.codechef.com/problems/LPRASPR73,Other Practice Paths -> Practice R Programming
duplicate_name,Other Practice Paths,Practice R Programming,LPRASPR74,Guess the output,https://www.codechef.com/problems/LPRASPR74,Other Practice Paths -> Practice R Programming
duplicate_name,Other Practice Paths,Practice R Programming,LPRASPR75,Guess the Output,https://www.codechef.com/problems/LPRASPR75,Other Practice Paths -> Practice R Programming
duplicate_name,Other Practice Paths,Practice R Programming,LPRASPR79,Guess the output,https://www.codechef.com/problems/LPRASPR79,Other Practice Paths -> Practice R Programming
duplicate_name,Other Practice Paths,Practice R Programming,LPRASPR83,Guess the output,https://www.codechef.com/problems/LPRASPR83,Other Practice Paths -> Practice R Programming
duplicate_name,Other Practice Paths,Practice R Programming,LPRASPR84,Guess the output,https://www.codechef.com/problems/LPRASPR84,Other Practice Paths -> Practice R Programming
duplicate_name,Other Practice Paths,Practice R Programming,LPRASPR85,Guess the output,https://www.codechef.com/problems/LPRASPR85,Other Practice Paths -> Practice R Programming
duplicate_name,Other Practice Paths,Practice R Programming,LPRASPR91,Guess the error,https://www.codechef.com/problems/LPRASPR91,Other Practice Paths -> Practice R Programming
duplicate_name,Other Practice Paths,Practice R Programming,LPRASPR92,Guess the error,https://www.codechef.com/problems/LPRASPR92,Other Practice Paths -> Practice R Programming
duplicate_name,Other Practice Paths,Practice R Programming,LPRASPR93,Guess the Output,https://www.codechef.com/problems/LPRASPR93,Other Practice Paths -> Practice R Programming
duplicate_name,Other Practice Paths,Practice R Programming,LPRASPR95,Identify the error,https://www.codechef.com/problems/LPRASPR95,Other Practice Paths -> Practice R Programming
duplicate_name,Other Practice Paths,Practice R Programming,LPRASPR96,Identify the error,https://www.codechef.com/problems/LPRASPR96,Other Practice Paths -> Practice R Programming
duplicate_name,Other Practice Paths,Practice R Programming,LPRASPR97,Identify the error,https://www.codechef.com/problems/LPRASPR97,Other Practice Paths -> Practice R Programming
duplicate_name,Other Practice Paths,Practice R Programming,LPRASPR98,Identify the error,https://www.codechef.com/problems/LPRASPR98,Other Practice Paths -> Practice R Programming
duplicate_name,Other Practice Paths,Practice R Programming,LPRASPR102,Guess the output,https://www.codechef.com/problems/LPRASPR102,Other Practice Paths -> Practice R Programming
duplicate_name,Other Practice Paths,Practice R Programming,LPRASPR103,Guess the output,https://www.codechef.com/problems/LPRASPR103,Other Practice Paths -> Practice R Programming
duplicate_name,Other Practice Paths,Practice R Programming,LPRASPR104,Guess the output,https://www.codechef.com/problems/LPRASPR104,Other Practice Paths -> Practice R Programming
duplicate_name,Other Practice Paths,Practice R Programming,LPRASPR105,Guess the output,https://www.codechef.com/problems/LPRASPR105,Other Practice Paths -> Practice R Programming
duplicate_name,Other Practice Paths,Practice R Programming,LPRASPR106,Guess the output,https://www.codechef.com/problems/LPRASPR106,Other Practice Paths -> Practice R Programming
duplicate_name,Other Practice Paths,Practice R Programming,LPRASPR107,Guess the output,https://www.codechef.com/problems/LPRASPR107,Other Practice Paths -> Practice R Programming
duplicate_name,Other Practice Paths,Practice R Programming,LPRASPR108,Guess the output,https://www.codechef.com/problems/LPRASPR108,Other Practice Paths -> Practice R Programming
duplicate_name,Other Practice Paths,Practice R Programming,LPRASPR113,Guess the output,https://www.codechef.com/problems/LPRASPR113,Other Practice Paths -> Practice R Programming
duplicate_name,Other Practice Paths,Practice R Programming,LPRASPR114,Guess the output,https://www.codechef.com/problems/LPRASPR114,Other Practice Paths -> Practice R Programming
duplicate_name,Other Practice Paths,Practice R Programming,LPRASPR115,Guess the output,https://www.codechef.com/problems/LPRASPR115,Other Practice Paths -> Practice R Programming
duplicate_name,Other Practice Paths,Practice R Programming,LPRASPR117,Guess the output,https://www.codechef.com/problems/LPRASPR117,Other Practice Paths -> Practice R Programming
duplicate_name,Other Practice Paths,Practice R Programming,LPRASPR118,Guess the output,https://www.codechef.com/problems/LPRASPR118,Other Practice Paths -> Practice R Programming
duplicate_name,Other Practice Paths,Practice R Programming,LPRASPR121,Print Squares,https://www.codechef.com/problems/LPRASPR121,Other Practice Paths -> Practice R Programming
duplicate_name,Other Practice Paths,Practice R Programming,LPRASPR125,Guess the output,https://www.codechef.com/problems/LPRASPR125,Other Practice Paths -> Practice R Programming
duplicate_name,Other Practice Paths,Practice R Programming,LPRASPR129,Guess the output,https://www.codechef.com/problems/LPRASPR129,Other Practice Paths -> Practice R Programming
duplicate_name,Other Practice Paths,Practice R Programming,LPRASPR130,Guess the output,https://www.codechef.com/problems/LPRASPR130,Other Practice Paths -> Practice R Programming
duplicate_name,Other Practice Paths,Practice R Programming,LPRASPR132,Guess the output,https://www.codechef.com/problems/LPRASPR132,Other Practice Paths -> Practice R Programming
duplicate_name,Other Practice Paths,Practice R Programming,LPRASPR137,Guess the output,https://www.codechef.com/problems/LPRASPR137,Other Practice Paths -> Practice R Programming
duplicate_name,Other Practice Paths,Practice R Programming,LPRASPR138,Guess the output,https://www.codechef.com/problems/LPRASPR138,Other Practice Paths -> Practice R Programming
duplicate_name,Other Practice Paths,Practice R Programming,LPRASPR139,Guess the output,https://www.codechef.com/problems/LPRASPR139,Other Practice Paths -> Practice R Programming
duplicate_name,Other Practice Paths,Practice R Programming,LPRASPR141,Guess the output,https://www.codechef.com/problems/LPRASPR141,Other Practice Paths -> Practice R Programming
duplicate_name,Other Practice Paths,Practice R Programming,LPRASPR142,Guess the output,https://www.codechef.com/problems/LPRASPR142,Other Practice Paths -> Practice R Programming
duplicate_name,Other Practice Paths,Practice R Programming,LPRASPR143,Number of iterations,https://www.codechef.com/problems/LPRASPR143,Other Practice Paths -> Practice R Programming
duplicate_name,Other Practice Paths,Practice R Programming,LPRASPR144,Guess the output,https://www.codechef.com/problems/LPRASPR144,Other Practice Paths -> Practice R Programming
duplicate_name,Other Practice Paths,Practice R Programming,LPRASPR150,Guess the output,https://www.codechef.com/problems/LPRASPR150,Other Practice Paths -> Practice R Programming
duplicate_name,Other Practice Paths,Practice R Programming,LPRASPR166,Test cases,https://www.codechef.com/problems/LPRASPR166,Other Practice Paths -> Practice R Programming
duplicate_name,Other Practice Paths,Practice Rust,RSPRACREAR1A,Multiple Choice Question,https://www.codechef.com/problems/RSPRACREAR1A,Other Practice Paths -> Practice Rust
duplicate_name,Other Practice Paths,Practice Rust,RSPRACMCQ4,Multiple Choice Question,https://www.codechef.com/problems/RSPRACMCQ4,Other Practice Paths -> Practice Rust
duplicate_name,Other Practice Paths,Practice Rust,RSPRACMCQ2,Multiple Choice Question,https://www.codechef.com/problems/RSPRACMCQ2,Other Practice Paths -> Practice Rust
duplicate_name,Other Practice Paths,Practice Rust,RSPRACMCQ3,Multiple Choice Question,https://www.codechef.com/problems/RSPRACMCQ3,Other Practice Paths -> Practice Rust
duplicate_name,Other Practice Paths,Practice Rust,RSPRACMCQ5,Multiple Choice Question,https://www.codechef.com/problems/RSPRACMCQ5,Other Practice Paths -> Practice Rust
duplicate_name,Other Practice Paths,Practice Rust,RSPRACMCQ6,Multiple Choice Question,https://www.codechef.com/problems/RSPRACMCQ6,Other Practice Paths -> Practice Rust
duplicate_name,Other Practice Paths,Practice Rust,RSPRACMCQ9,Multiple Choice Question,https://www.codechef.com/problems/RSPRACMCQ9,Other Practice Paths -> Practice Rust
duplicate_name,Other Practice Paths,Practice Rust,RSPRACREARR2,Rearrange Code,https://www.codechef.com/problems/RSPRACREARR2,Other Practice Paths -> Practice Rust
duplicate_name,Other Practice Paths,Practice Rust,RSPRACMCQ8,Multiple Choice Question,https://www.codechef.com/problems/RSPRACMCQ8,Other Practice Paths -> Practice Rust
duplicate_name,Other Practice Paths,Practice Rust,RSPRACMCQ7,Multiple Choice Question,https://www.codechef.com/problems/RSPRACMCQ7,Other Practice Paths -> Practice Rust
duplicate_name,Other Practice Paths,Practice Rust,RSPRACREARR3,Rearrange Code,https://www.codechef.com/problems/RSPRACREARR3,Other Practice Paths -> Practice Rust
duplicate_name,Other Practice Paths,Practice Rust,RSPRACMCQ11,Multiple Choice Question,https://www.codechef.com/problems/RSPRACMCQ11,Other Practice Paths -> Practice Rust
duplicate_name,Other Practice Paths,Practice Rust,RSPRACMCQ10,Multiple Choice Question,https://www.codechef.com/problems/RSPRACMCQ10,Other Practice Paths -> Practice Rust
duplicate_name,Other Practice Paths,Practice Rust,RSPRACMCQ12,Multiple Choice Question,https://www.codechef.com/problems/RSPRACMCQ12,Other Practice Paths -> Practice Rust
duplicate_name,Other Practice Paths,Practice Rust,RSPRACMCQ13,Multiple Choice Question,https://www.codechef.com/problems/RSPRACMCQ13,Other Practice Paths -> Practice Rust
duplicate_name,Other Practice Paths,Practice C#,CSPRACMCQ1,Multiple Choice Question,https://www.codechef.com/problems/CSPRACMCQ1,Other Practice Paths -> Practice C#
duplicate_url,Other Practice Paths,Practice C#,START01,Number Mirror,https://www.codechef.com/problems/START01,Other Practice Paths -> Practice Rust
duplicate_code,Other Practice Paths,Practice C#,START01,Number Mirror,https://www.codechef.com/problems/START01,Other Practice Paths -> Practice Rust
duplicate_name,Other Practice Paths,Practice C#,START01,Number Mirror,https://www.codechef.com/problems/START01,Other Practice Paths -> Practice Rust
duplicate_name,Other Practice Paths,Practice C#,CSPRACREARR1,Rearrange Code,https://www.codechef.com/problems/CSPRACREARR1,Other Practice Paths -> Practice C#
duplicate_name,Other Practice Paths,Practice C#,CSPRACREAR1A,Multiple Choice Question,https://www.codechef.com/problems/CSPRACREAR1A,Other Practice Paths -> Practice C#
duplicate_url,Other Practice Paths,Practice C#,INSTNOODLE,Chef and Instant Noodles,https://www.codechef.com/problems/INSTNOODLE,Other Practice Paths -> Practice Rust
duplicate_code,Other Practice Paths,Practice C#,INSTNOODLE,Chef and Instant Noodles,https://www.codechef.com/problems/INSTNOODLE,Other Practice Paths -> Practice Rust
duplicate_name,Other Practice Paths,Practice C#,INSTNOODLE,Chef and Instant Noodles,https://www.codechef.com/problems/INSTNOODLE,Other Practice Paths -> Practice Rust
duplicate_name,Other Practice Paths,Practice C#,CSPRACMCQ4,Multiple Choice Question,https://www.codechef.com/problems/CSPRACMCQ4,Other Practice Paths -> Practice C#
duplicate_url,Other Practice Paths,Practice C#,CCLEARN,CodeChef Learn Problem Solving,https://www.codechef.com/problems/CCLEARN,Other Practice Paths -> Practice Rust
duplicate_code,Other Practice Paths,Practice C#,CCLEARN,CodeChef Learn Problem Solving,https://www.codechef.com/problems/CCLEARN,Other Practice Paths -> Practice Rust
duplicate_name,Other Practice Paths,Practice C#,CCLEARN,CodeChef Learn Problem Solving,https://www.codechef.com/problems/CCLEARN,Other Practice Paths -> Practice Rust
duplicate_name,Other Practice Paths,Practice C#,CSPRACMCQ2,Multiple Choice Question,https://www.codechef.com/problems/CSPRACMCQ2,Other Practice Paths -> Practice C#
duplicate_url,Other Practice Paths,Practice C#,LEARNSQL,Learning SQL,https://www.codechef.com/problems/LEARNSQL,Other Practice Paths -> Practice Rust
duplicate_code,Other Practice Paths,Practice C#,LEARNSQL,Learning SQL,https://www.codechef.com/problems/LEARNSQL,Other Practice Paths -> Practice Rust
duplicate_name,Other Practice Paths,Practice C#,LEARNSQL,Learning SQL,https://www.codechef.com/problems/LEARNSQL,Other Practice Paths -> Practice Rust
duplicate_name,Other Practice Paths,Practice C#,CSPRACMCQ3,Multiple Choice Question,https://www.codechef.com/problems/CSPRACMCQ3,Other Practice Paths -> Practice C#
duplicate_url,Other Practice Paths,Practice C#,PARKINGCHARG,Parking Charges,https://www.codechef.com/problems/PARKINGCHARG,Other Practice Paths -> Practice Rust
duplicate_code,Other Practice Paths,Practice C#,PARKINGCHARG,Parking Charges,https://www.codechef.com/problems/PARKINGCHARG,Other Practice Paths -> Practice Rust
duplicate_name,Other Practice Paths,Practice C#,PARKINGCHARG,Parking Charges,https://www.codechef.com/problems/PARKINGCHARG,Other Practice Paths -> Practice Rust
duplicate_name,Other Practice Paths,Practice C#,CSPRACMCQ5,Multiple Choice Question,https://www.codechef.com/problems/CSPRACMCQ5,Other Practice Paths -> Practice C#
duplicate_url,Other Practice Paths,Practice C#,CBSPEED,Chef and Brain Speed,https://www.codechef.com/problems/CBSPEED,Other Practice Paths -> Practice Rust
duplicate_code,Other Practice Paths,Practice C#,CBSPEED,Chef and Brain Speed,https://www.codechef.com/problems/CBSPEED,Other Practice Paths -> Practice Rust
duplicate_name,Other Practice Paths,Practice C#,CBSPEED,Chef and Brain Speed,https://www.codechef.com/problems/CBSPEED,Other Practice Paths -> Practice Rust
duplicate_name,Other Practice Paths,Practice C#,CSPRACMCQ6,Multiple Choice Question,https://www.codechef.com/problems/CSPRACMCQ6,Other Practice Paths -> Practice C#
duplicate_url,Other Practice Paths,Practice C#,MARKSTW,Alice and Marks,https://www.codechef.com/problems/MARKSTW,Other Practice Paths -> Practice Rust
duplicate_code,Other Practice Paths,Practice C#,MARKSTW,Alice and Marks,https://www.codechef.com/problems/MARKSTW,Other Practice Paths -> Practice Rust
duplicate_name,Other Practice Paths,Practice C#,MARKSTW,Alice and Marks,https://www.codechef.com/problems/MARKSTW,Other Practice Paths -> Practice Rust
duplicate_name,Other Practice Paths,Practice C#,CSPRACMCQ9,Multiple Choice Question,https://www.codechef.com/problems/CSPRACMCQ9,Other Practice Paths -> Practice C#
duplicate_url,Other Practice Paths,Practice C#,ONEFULPAIRS,Oneful Pairs,https://www.codechef.com/problems/ONEFULPAIRS,Other Practice Paths -> Practice Rust
duplicate_code,Other Practice Paths,Practice C#,ONEFULPAIRS,Oneful Pairs,https://www.codechef.com/problems/ONEFULPAIRS,Other Practice Paths -> Practice Rust
duplicate_name,Other Practice Paths,Practice C#,ONEFULPAIRS,Oneful Pairs,https://www.codechef.com/problems/ONEFULPAIRS,Other Practice Paths -> Practice Rust
duplicate_name,Other Practice Paths,Practice C#,CSPRACREARR2,Rearrange Code,https://www.codechef.com/problems/CSPRACREARR2,Other Practice Paths -> Practice C#
duplicate_url,Other Practice Paths,Practice C#,MY1STCONTEST,My very 1st contest!,https://www.codechef.com/problems/MY1STCONTEST,Other Practice Paths -> Practice Rust
duplicate_code,Other Practice Paths,Practice C#,MY1STCONTEST,My very 1st contest!,https://www.codechef.com/problems/MY1STCONTEST,Other Practice Paths -> Practice Rust
duplicate_name,Other Practice Paths,Practice C#,MY1STCONTEST,My very 1st contest!,https://www.codechef.com/problems/MY1STCONTEST,Other Practice Paths -> Practice Rust
duplicate_name,Other Practice Paths,Practice C#,CSPRACMCQ8,Multiple Choice Question,https://www.codechef.com/problems/CSPRACMCQ8,Other Practice Paths -> Practice C#
duplicate_url,Other Practice Paths,Practice C#,BLACKCEL,Black cells in a chessboard,https://www.codechef.com/problems/BLACKCEL,Other Practice Paths -> Practice Rust
duplicate_code,Other Practice Paths,Practice C#,BLACKCEL,Black cells in a chessboard,https://www.codechef.com/problems/BLACKCEL,Other Practice Paths -> Practice Rust
duplicate_name,Other Practice Paths,Practice C#,BLACKCEL,Black cells in a chessboard,https://www.codechef.com/problems/BLACKCEL,Other Practice Paths -> Practice Rust
duplicate_name,Other Practice Paths,Practice C#,CSPRACMCQ7,Multiple Choice Question,https://www.codechef.com/problems/CSPRACMCQ7,Other Practice Paths -> Practice C#
duplicate_url,Other Practice Paths,Practice C#,ABDIFF,AB Difference,https://www.codechef.com/problems/ABDIFF,Other Practice Paths -> Practice Rust
duplicate_code,Other Practice Paths,Practice C#,ABDIFF,AB Difference,https://www.codechef.com/problems/ABDIFF,Other Practice Paths -> Practice Rust
duplicate_name,Other Practice Paths,Practice C#,ABDIFF,AB Difference,https://www.codechef.com/problems/ABDIFF,Other Practice Paths -> Practice Rust
duplicate_name,Other Practice Paths,Practice C#,CSPRACREARR3,Rearrange Code,https://www.codechef.com/problems/CSPRACREARR3,Other Practice Paths -> Practice C#
duplicate_url,Other Practice Paths,Practice C#,FLOW001,Add Two Numbers,https://www.codechef.com/problems/FLOW001,Other Practice Paths -> Practice Rust
duplicate_code,Other Practice Paths,Practice C#,FLOW001,Add Two Numbers,https://www.codechef.com/problems/FLOW001,Other Practice Paths -> Practice Rust
duplicate_name,Other Practice Paths,Practice C#,FLOW001,Add Two Numbers,https://www.codechef.com/problems/FLOW001,Other Practice Paths -> Practice Rust
duplicate_name,Other Practice Paths,Practice C#,CSPRACMCQ11,Multiple Choice Question,https://www.codechef.com/problems/CSPRACMCQ11,Other Practice Paths -> Practice C#
duplicate_url,Other Practice Paths,Practice C#,GDTURN,Good Turn,https://www.codechef.com/problems/GDTURN,Other Practice Paths -> Practice Rust
duplicate_code,Other Practice Paths,Practice C#,GDTURN,Good Turn,https://www.codechef.com/problems/GDTURN,Other Practice Paths -> Practice Rust
duplicate_name,Other Practice Paths,Practice C#,GDTURN,Good Turn,https://www.codechef.com/problems/GDTURN,Other Practice Paths -> Practice Rust
duplicate_name,Other Practice Paths,Practice C#,CSPRACMCQ10,Multiple Choice Question,https://www.codechef.com/problems/CSPRACMCQ10,Other Practice Paths -> Practice C#
duplicate_url,Other Practice Paths,Practice C#,WATERCONS,Water Consumption,https://www.codechef.com/problems/WATERCONS,Other Practice Paths -> Practice Rust
duplicate_code,Other Practice Paths,Practice C#,WATERCONS,Water Consumption,https://www.codechef.com/problems/WATERCONS,Other Practice Paths -> Practice Rust
duplicate_name,Other Practice Paths,Practice C#,WATERCONS,Water Consumption,https://www.codechef.com/problems/WATERCONS,Other Practice Paths -> Practice Rust
duplicate_name,Other Practice Paths,Practice C#,CSPRACMCQ12,Multiple Choice Question,https://www.codechef.com/problems/CSPRACMCQ12,Other Practice Paths -> Practice C#
duplicate_url,Other Practice Paths,Practice C#,AGELIMIT,Age Limit,https://www.codechef.com/problems/AGELIMIT,Other Practice Paths -> Practice Rust
duplicate_code,Other Practice Paths,Practice C#,AGELIMIT,Age Limit,https://www.codechef.com/problems/AGELIMIT,Other Practice Paths -> Practice Rust
duplicate_name,Other Practice Paths,Practice C#,AGELIMIT,Age Limit,https://www.codechef.com/problems/AGELIMIT,Other Practice Paths -> Practice Rust
duplicate_name,Other Practice Paths,Practice C#,CSPRACMCQ13,Multiple Choice Question,https://www.codechef.com/problems/CSPRACMCQ13,Other Practice Paths -> Practice C#
duplicate_url,Other Practice Paths,Practice C#,SQUATS,Squats,https://www.codechef.com/problems/SQUATS,Other Practice Paths -> Practice Rust
duplicate_code,Other Practice Paths,Practice C#,SQUATS,Squats,https://www.codechef.com/problems/SQUATS,Other Practice Paths -> Practice Rust
duplicate_name,Other Practice Paths,Practice C#,SQUATS,Squats,https://www.codechef.com/problems/SQUATS,Other Practice Paths -> Practice Rust
duplicate_name,Other Practice Paths,Practice Go,GOPRACMCQ1,Multiple Choice Question,https://www.codechef.com/problems/GOPRACMCQ1,Other Practice Paths -> Practice Go
duplicate_url,Other Practice Paths,Practice Go,START01,Number Mirror,https://www.codechef.com/problems/START01,Other Practice Paths -> Practice Rust
duplicate_code,Other Practice Paths,Practice Go,START01,Number Mirror,https://www.codechef.com/problems/START01,Other Practice Paths -> Practice Rust
duplicate_name,Other Practice Paths,Practice Go,START01,Number Mirror,https://www.codechef.com/problems/START01,Other Practice Paths -> Practice Rust
duplicate_name,Other Practice Paths,Practice Go,GOPRACREARR1,Rearrange Code,https://www.codechef.com/problems/GOPRACREARR1,Other Practice Paths -> Practice Go
duplicate_name,Other Practice Paths,Practice Go,GOPRACREAR1A,Multiple Choice Question,https://www.codechef.com/problems/GOPRACREAR1A,Other Practice Paths -> Practice Go
duplicate_url,Other Practice Paths,Practice Go,INSTNOODLE,Chef and Instant Noodles,https://www.codechef.com/problems/INSTNOODLE,Other Practice Paths -> Practice Rust
duplicate_code,Other Practice Paths,Practice Go,INSTNOODLE,Chef and Instant Noodles,https://www.codechef.com/problems/INSTNOODLE,Other Practice Paths -> Practice Rust
duplicate_name,Other Practice Paths,Practice Go,INSTNOODLE,Chef and Instant Noodles,https://www.codechef.com/problems/INSTNOODLE,Other Practice Paths -> Practice Rust
duplicate_name,Other Practice Paths,Practice Go,GOPRACMCQ4,Multiple Choice Question,https://www.codechef.com/problems/GOPRACMCQ4,Other Practice Paths -> Practice Go
duplicate_url,Other Practice Paths,Practice Go,CCLEARN,CodeChef Learn Problem Solving,https://www.codechef.com/problems/CCLEARN,Other Practice Paths -> Practice Rust
duplicate_code,Other Practice Paths,Practice Go,CCLEARN,CodeChef Learn Problem Solving,https://www.codechef.com/problems/CCLEARN,Other Practice Paths -> Practice Rust
duplicate_name,Other Practice Paths,Practice Go,CCLEARN,CodeChef Learn Problem Solving,https://www.codechef.com/problems/CCLEARN,Other Practice Paths -> Practice Rust
duplicate_name,Other Practice Paths,Practice Go,GOPRACMCQ2,Multiple Choice Question,https://www.codechef.com/problems/GOPRACMCQ2,Other Practice Paths -> Practice Go
duplicate_url,Other Practice Paths,Practice Go,LEARNSQL,Learning SQL,https://www.codechef.com/problems/LEARNSQL,Other Practice Paths -> Practice Rust
duplicate_code,Other Practice Paths,Practice Go,LEARNSQL,Learning SQL,https://www.codechef.com/problems/LEARNSQL,Other Practice Paths -> Practice Rust
duplicate_name,Other Practice Paths,Practice Go,LEARNSQL,Learning SQL,https://www.codechef.com/problems/LEARNSQL,Other Practice Paths -> Practice Rust
duplicate_name,Other Practice Paths,Practice Go,GOPRACMCQ3,Multiple Choice Question,https://www.codechef.com/problems/GOPRACMCQ3,Other Practice Paths -> Practice Go
duplicate_url,Other Practice Paths,Practice Go,PARKINGCHARG,Parking Charges,https://www.codechef.com/problems/PARKINGCHARG,Other Practice Paths -> Practice Rust
duplicate_code,Other Practice Paths,Practice Go,PARKINGCHARG,Parking Charges,https://www.codechef.com/problems/PARKINGCHARG,Other Practice Paths -> Practice Rust
duplicate_name,Other Practice Paths,Practice Go,PARKINGCHARG,Parking Charges,https://www.codechef.com/problems/PARKINGCHARG,Other Practice Paths -> Practice Rust
duplicate_name,Other Practice Paths,Practice Go,GOPRACMCQ5,Multiple Choice Question,https://www.codechef.com/problems/GOPRACMCQ5,Other Practice Paths -> Practice Go
duplicate_url,Other Practice Paths,Practice Go,CBSPEED,Chef and Brain Speed,https://www.codechef.com/problems/CBSPEED,Other Practice Paths -> Practice Rust
duplicate_code,Other Practice Paths,Practice Go,CBSPEED,Chef and Brain Speed,https://www.codechef.com/problems/CBSPEED,Other Practice Paths -> Practice Rust
duplicate_name,Other Practice Paths,Practice Go,CBSPEED,Chef and Brain Speed,https://www.codechef.com/problems/CBSPEED,Other Practice Paths -> Practice Rust
duplicate_name,Other Practice Paths,Practice Go,GOPRACMCQ6,Multiple Choice Question,https://www.codechef.com/problems/GOPRACMCQ6,Other Practice Paths -> Practice Go
duplicate_url,Other Practice Paths,Practice Go,MARKSTW,Alice and Marks,https://www.codechef.com/problems/MARKSTW,Other Practice Paths -> Practice Rust
duplicate_code,Other Practice Paths,Practice Go,MARKSTW,Alice and Marks,https://www.codechef.com/problems/MARKSTW,Other Practice Paths -> Practice Rust
duplicate_name,Other Practice Paths,Practice Go,MARKSTW,Alice and Marks,https://www.codechef.com/problems/MARKSTW,Other Practice Paths -> Practice Rust
duplicate_name,Other Practice Paths,Practice Go,GOPRACMCQ9,Multiple Choice Question,https://www.codechef.com/problems/GOPRACMCQ9,Other Practice Paths -> Practice Go
duplicate_url,Other Practice Paths,Practice Go,ONEFULPAIRS,Oneful Pairs,https://www.codechef.com/problems/ONEFULPAIRS,Other Practice Paths -> Practice Rust
duplicate_code,Other Practice Paths,Practice Go,ONEFULPAIRS,Oneful Pairs,https://www.codechef.com/problems/ONEFULPAIRS,Other Practice Paths -> Practice Rust
duplicate_name,Other Practice Paths,Practice Go,ONEFULPAIRS,Oneful Pairs,https://www.codechef.com/problems/ONEFULPAIRS,Other Practice Paths -> Practice Rust
duplicate_name,Other Practice Paths,Practice Go,GOPRACREARR2,Rearrange Code,https://www.codechef.com/problems/GOPRACREARR2,Other Practice Paths -> Practice Go
duplicate_url,Other Practice Paths,Practice Go,MY1STCONTEST,My very 1st contest!,https://www.codechef.com/problems/MY1STCONTEST,Other Practice Paths -> Practice Rust
duplicate_code,Other Practice Paths,Practice Go,MY1STCONTEST,My very 1st contest!,https://www.codechef.com/problems/MY1STCONTEST,Other Practice Paths -> Practice Rust
duplicate_name,Other Practice Paths,Practice Go,MY1STCONTEST,My very 1st contest!,https://www.codechef.com/problems/MY1STCONTEST,Other Practice Paths -> Practice Rust
duplicate_name,Other Practice Paths,Practice Go,GOPRACMCQ8,Multiple Choice Question,https://www.codechef.com/problems/GOPRACMCQ8,Other Practice Paths -> Practice Go
duplicate_url,Other Practice Paths,Practice Go,BLACKCEL,Black cells in a chessboard,https://www.codechef.com/problems/BLACKCEL,Other Practice Paths -> Practice Rust
duplicate_code,Other Practice Paths,Practice Go,BLACKCEL,Black cells in a chessboard,https://www.codechef.com/problems/BLACKCEL,Other Practice Paths -> Practice Rust
duplicate_name,Other Practice Paths,Practice Go,BLACKCEL,Black cells in a chessboard,https://www.codechef.com/problems/BLACKCEL,Other Practice Paths -> Practice Rust
duplicate_name,Other Practice Paths,Practice Go,GOPRACMCQ7,Multiple Choice Question,https://www.codechef.com/problems/GOPRACMCQ7,Other Practice Paths -> Practice Go
duplicate_url,Other Practice Paths,Practice Go,ABDIFF,AB Difference,https://www.codechef.com/problems/ABDIFF,Other Practice Paths -> Practice Rust
duplicate_code,Other Practice Paths,Practice Go,ABDIFF,AB Difference,https://www.codechef.com/problems/ABDIFF,Other Practice Paths -> Practice Rust
duplicate_name,Other Practice Paths,Practice Go,ABDIFF,AB Difference,https://www.codechef.com/problems/ABDIFF,Other Practice Paths -> Practice Rust
duplicate_name,Other Practice Paths,Practice Go,GOPRACREARR3,Rearrange Code,https://www.codechef.com/problems/GOPRACREARR3,Other Practice Paths -> Practice Go
duplicate_url,Other Practice Paths,Practice Go,FLOW001,Add Two Numbers,https://www.codechef.com/problems/FLOW001,Other Practice Paths -> Practice Rust
duplicate_code,Other Practice Paths,Practice Go,FLOW001,Add Two Numbers,https://www.codechef.com/problems/FLOW001,Other Practice Paths -> Practice Rust
duplicate_name,Other Practice Paths,Practice Go,FLOW001,Add Two Numbers,https://www.codechef.com/problems/FLOW001,Other Practice Paths -> Practice Rust
duplicate_name,Other Practice Paths,Practice Go,GOPRACMCQ11,Multiple Choice Question,https://www.codechef.com/problems/GOPRACMCQ11,Other Practice Paths -> Practice Go
duplicate_url,Other Practice Paths,Practice Go,GDTURN,Good Turn,https://www.codechef.com/problems/GDTURN,Other Practice Paths -> Practice Rust
duplicate_code,Other Practice Paths,Practice Go,GDTURN,Good Turn,https://www.codechef.com/problems/GDTURN,Other Practice Paths -> Practice Rust
duplicate_name,Other Practice Paths,Practice Go,GDTURN,Good Turn,https://www.codechef.com/problems/GDTURN,Other Practice Paths -> Practice Rust
duplicate_name,Other Practice Paths,Practice Go,GOPRACMCQ10,Multiple Choice Question,https://www.codechef.com/problems/GOPRACMCQ10,Other Practice Paths -> Practice Go
duplicate_url,Other Practice Paths,Practice Go,WATERCONS,Water Consumption,https://www.codechef.com/problems/WATERCONS,Other Practice Paths -> Practice Rust
duplicate_code,Other Practice Paths,Practice Go,WATERCONS,Water Consumption,https://www.codechef.com/problems/WATERCONS,Other Practice Paths -> Practice Rust
duplicate_name,Other Practice Paths,Practice Go,WATERCONS,Water Consumption,https://www.codechef.com/problems/WATERCONS,Other Practice Paths -> Practice Rust
duplicate_name,Other Practice Paths,Practice Go,GOPRACMCQ12,Multiple Choice Question,https://www.codechef.com/problems/GOPRACMCQ12,Other Practice Paths -> Practice Go
duplicate_url,Other Practice Paths,Practice Go,AGELIMIT,Age Limit,https://www.codechef.com/problems/AGELIMIT,Other Practice Paths -> Practice Rust
duplicate_code,Other Practice Paths,Practice Go,AGELIMIT,Age Limit,https://www.codechef.com/problems/AGELIMIT,Other Practice Paths -> Practice Rust
duplicate_name,Other Practice Paths,Practice Go,AGELIMIT,Age Limit,https://www.codechef.com/problems/AGELIMIT,Other Practice Paths -> Practice Rust
duplicate_name,Other Practice Paths,Practice Go,GOPRACMCQ13,Multiple Choice Question,https://www.codechef.com/problems/GOPRACMCQ13,Other Practice Paths -> Practice Go
duplicate_url,Other Practice Paths,Practice Go,SQUATS,Squats,https://www.codechef.com/problems/SQUATS,Other Practice Paths -> Practice Rust
duplicate_code,Other Practice Paths,Practice Go,SQUATS,Squats,https://www.codechef.com/problems/SQUATS,Other Practice Paths -> Practice Rust
duplicate_name,Other Practice Paths,Practice Go,SQUATS,Squats,https://www.codechef.com/problems/SQUATS,Other Practice Paths -> Practice Rust
duplicate_name,Other Practice Paths,Practice for ZCO and INOI,VOTERSDI,Discrepancies in the Voters List,https://www.codechef.com/problems/VOTERSDI,Other Practice Paths -> Practice for ZCO and INOI
duplicate_url,Other Practice Paths,Practice for ZCO and INOI,NEXTPERM,Next Permutation,https://www.codechef.com/problems/NEXTPERM,Data Structures -> Monday Munch - DSA Challenge practice series
duplicate_code,Other Practice Paths,Practice for ZCO and INOI,NEXTPERM,Next Permutation,https://www.codechef.com/problems/NEXTPERM,Data Structures -> Monday Munch - DSA Challenge practice series
duplicate_name,Other Practice Paths,Practice for ZCO and INOI,NEXTPERM,Next Permutation,https://www.codechef.com/problems/NEXTPERM,Data Structures -> Monday Munch - DSA Challenge practice series
duplicate_url,Other Practice Paths,Practice for ZCO and INOI,ZCO14002,SUPW,https://www.codechef.com/problems/ZCO14002,Algorithms -> Dynamic programming
duplicate_code,Other Practice Paths,Practice for ZCO and INOI,ZCO14002,SUPW,https://www.codechef.com/problems/ZCO14002,Algorithms -> Dynamic programming
duplicate_name,Other Practice Paths,Practice for ZCO and INOI,ZCO14002,SUPW,https://www.codechef.com/problems/ZCO14002,Algorithms -> Dynamic programming
duplicate_url,Other Practice Paths,Practice for ZCO and INOI,ZCO14004,IPL,https://www.codechef.com/problems/ZCO14004,Algorithms -> Dynamic programming
duplicate_code,Other Practice Paths,Practice for ZCO and INOI,ZCO14004,IPL,https://www.codechef.com/problems/ZCO14004,Algorithms -> Dynamic programming
duplicate_name,Other Practice Paths,Practice for ZCO and INOI,ZCO14004,IPL,https://www.codechef.com/problems/ZCO14004,Algorithms -> Dynamic programming
duplicate_url,Other Practice Paths,Practice for ZCO and INOI,ZCO15001,Break Up,https://www.codechef.com/problems/ZCO15001,Algorithms -> Dynamic programming
duplicate_code,Other Practice Paths,Practice for ZCO and INOI,ZCO15001,Break Up,https://www.codechef.com/problems/ZCO15001,Algorithms -> Dynamic programming
duplicate_name,Other Practice Paths,Practice for ZCO and INOI,ZCO15001,Break Up,https://www.codechef.com/problems/ZCO15001,Algorithms -> Dynamic programming
duplicate_url,Other Practice Paths,Practice for ZCO and INOI,ZCO15003,Covering,https://www.codechef.com/problems/ZCO15003,Algorithms -> Greedy Algorithms
duplicate_code,Other Practice Paths,Practice for ZCO and INOI,ZCO15003,Covering,https://www.codechef.com/problems/ZCO15003,Algorithms -> Greedy Algorithms
duplicate_name,Other Practice Paths,Practice for ZCO and INOI,ZCO15003,Covering,https://www.codechef.com/problems/ZCO15003,Algorithms -> Greedy Algorithms
duplicate_url,Other Practice Paths,Practice for ZCO and INOI,ZCO16002,Bamboo Art,https://www.codechef.com/problems/ZCO16002,Algorithms -> Dynamic programming
duplicate_code,Other Practice Paths,Practice for ZCO and INOI,ZCO16002,Bamboo Art,https://www.codechef.com/problems/ZCO16002,Algorithms -> Dynamic programming
duplicate_name,Other Practice Paths,Practice for ZCO and INOI,ZCO16002,Bamboo Art,https://www.codechef.com/problems/ZCO16002,Algorithms -> Dynamic programming
duplicate_url,Other Practice Paths,Practice for ZCO and INOI,ZCO13002,Little Red Riding Hood,https://www.codechef.com/problems/ZCO13002,Algorithms -> Dynamic programming
duplicate_code,Other Practice Paths,Practice for ZCO and INOI,ZCO13002,Little Red Riding Hood,https://www.codechef.com/problems/ZCO13002,Algorithms -> Dynamic programming
duplicate_name,Other Practice Paths,Practice for ZCO and INOI,ZCO13002,Little Red Riding Hood,https://www.codechef.com/problems/ZCO13002,Algorithms -> Dynamic programming
duplicate_name,Other Practice Paths,Practice for ZCO and INOI,ZCO15004,Rectangle,https://www.codechef.com/problems/ZCO15004,Other Practice Paths -> Practice for ZCO and INOI
duplicate_url,Other Practice Paths,Practice for ZCO and INOI,INOI1301,Calvins Game,https://www.codechef.com/problems/INOI1301,Algorithms -> Dynamic programming
duplicate_code,Other Practice Paths,Practice for ZCO and INOI,INOI1301,Calvins Game,https://www.codechef.com/problems/INOI1301,Algorithms -> Dynamic programming
duplicate_name,Other Practice Paths,Practice for ZCO and INOI,INOI1301,Calvins Game,https://www.codechef.com/problems/INOI1301,Algorithms -> Dynamic programming
duplicate_url,Other Practice Paths,Practice for ZCO and INOI,INOI1601,Wealth Disparity,https://www.codechef.com/problems/INOI1601,Star Wise Paths -> Rise from 3* to 4*
duplicate_code,Other Practice Paths,Practice for ZCO and INOI,INOI1601,Wealth Disparity,https://www.codechef.com/problems/INOI1601,Star Wise Paths -> Rise from 3* to 4*
duplicate_name,Other Practice Paths,Practice for ZCO and INOI,INOI1601,Wealth Disparity,https://www.codechef.com/problems/INOI1601,Star Wise Paths -> Rise from 3* to 4*
duplicate_url,Other Practice Paths,Practice for ZCO and INOI,TINOI17A,Fence - INOI 2017,https://www.codechef.com/problems/TINOI17A,Star Wise Paths -> Rise from 3* to 4*
duplicate_code,Other Practice Paths,Practice for ZCO and INOI,TINOI17A,Fence - INOI 2017,https://www.codechef.com/problems/TINOI17A,Star Wise Paths -> Rise from 3* to 4*
duplicate_name,Other Practice Paths,Practice for ZCO and INOI,TINOI17A,Fence - INOI 2017,https://www.codechef.com/problems/TINOI17A,Star Wise Paths -> Rise from 3* to 4*
duplicate_url,Other Practice Paths,Prepare for ICPC - Past Year Problems,MOBCNT,Counting Mobiles,https://www.codechef.com/problems/MOBCNT,Star Wise Paths -> Rise from 3* to 4*
duplicate_code,Other Practice Paths,Prepare for ICPC - Past Year Problems,MOBCNT,Counting Mobiles,https://www.codechef.com/problems/MOBCNT,Star Wise Paths -> Rise from 3* to 4*
duplicate_name,Other Practice Paths,Prepare for ICPC - Past Year Problems,MOBCNT,Counting Mobiles,https://www.codechef.com/problems/MOBCNT,Star Wise Paths -> Rise from 3* to 4*
duplicate_url,Other Practice Paths,Prepare for ICPC - Past Year Problems,SEGDIR,Moving Segments,https://www.codechef.com/problems/SEGDIR,Star Wise Paths -> Rise from 3* to 4*
duplicate_code,Other Practice Paths,Prepare for ICPC - Past Year Problems,SEGDIR,Moving Segments,https://www.codechef.com/problems/SEGDIR,Star Wise Paths -> Rise from 3* to 4*
duplicate_name,Other Practice Paths,Prepare for ICPC - Past Year Problems,SEGDIR,Moving Segments,https://www.codechef.com/problems/SEGDIR,Star Wise Paths -> Rise from 3* to 4*
duplicate_url,Other Practice Paths,Prepare for ICPC - Past Year Problems,INFDIV,E - Make it Zero,https://www.codechef.com/problems/INFDIV,Star Wise Paths -> Rise from 3* to 4*
duplicate_code,Other Practice Paths,Prepare for ICPC - Past Year Problems,INFDIV,E - Make it Zero,https://www.codechef.com/problems/INFDIV,Star Wise Paths -> Rise from 3* to 4*
duplicate_name,Other Practice Paths,Prepare for ICPC - Past Year Problems,INFDIV,E - Make it Zero,https://www.codechef.com/problems/INFDIV,Star Wise Paths -> Rise from 3* to 4*
duplicate_url,Other Practice Paths,Prepare for ICPC - Past Year Problems,PLAYPIAN,Play Piano,https://www.codechef.com/problems/PLAYPIAN,Beginner DSA -> Practice Strings
duplicate_code,Other Practice Paths,Prepare for ICPC - Past Year Problems,PLAYPIAN,Play Piano,https://www.codechef.com/problems/PLAYPIAN,Beginner DSA -> Practice Strings
duplicate_name,Other Practice Paths,Prepare for ICPC - Past Year Problems,PLAYPIAN,Play Piano,https://www.codechef.com/problems/PLAYPIAN,Beginner DSA -> Practice Strings
duplicate_url,Other Practice Paths,Prepare for ICPC - Past Year Problems,CHN09,Malvika is peculiar about color of balloons,https://www.codechef.com/problems/CHN09,Beginner DSA -> Practice Strings
duplicate_code,Other Practice Paths,Prepare for ICPC - Past Year Problems,CHN09,Malvika is peculiar about color of balloons,https://www.codechef.com/problems/CHN09,Beginner DSA -> Practice Strings
duplicate_name,Other Practice Paths,Prepare for ICPC - Past Year Problems,CHN09,Malvika is peculiar about color of balloons,https://www.codechef.com/problems/CHN09,Beginner DSA -> Practice Strings
duplicate_name,Other Practice Paths,Prepare for ICPC - Past Year Problems,AMLPALIN,Longest Palindrome,https://www.codechef.com/problems/AMLPALIN,Other Practice Paths -> Prepare for ICPC - Past Year Problems
duplicate_url,Company Based Questions,Amazon Coding Interview Questions,JUMPEND,Jump To The End,https://www.codechef.com/problems/JUMPEND,Interview Questions -> Data Structures Interview Questions
duplicate_code,Company Based Questions,Amazon Coding Interview Questions,JUMPEND,Jump To The End,https://www.codechef.com/problems/JUMPEND,Interview Questions -> Data Structures Interview Questions
duplicate_name,Company Based Questions,Amazon Coding Interview Questions,JUMPEND,Jump To The End,https://www.codechef.com/problems/JUMPEND,Interview Questions -> Data Structures Interview Questions
duplicate_url,Company Based Questions,Amazon Coding Interview Questions,NEC,Necklace,https://www.codechef.com/problems/NEC,Data Structures -> Practice Stacks and Queues
duplicate_code,Company Based Questions,Amazon Coding Interview Questions,NEC,Necklace,https://www.codechef.com/problems/NEC,Data Structures -> Practice Stacks and Queues
duplicate_name,Company Based Questions,Amazon Coding Interview Questions,NEC,Necklace,https://www.codechef.com/problems/NEC,Data Structures -> Practice Stacks and Queues
duplicate_url,Company Based Questions,Amazon Coding Interview Questions,STKSORT,Stack Sort,https://www.codechef.com/problems/STKSORT,Data Structures -> Practice Stacks and Queues
duplicate_code,Company Based Questions,Amazon Coding Interview Questions,STKSORT,Stack Sort,https://www.codechef.com/problems/STKSORT,Data Structures -> Practice Stacks and Queues
duplicate_name,Company Based Questions,Amazon Coding Interview Questions,STKSORT,Stack Sort,https://www.codechef.com/problems/STKSORT,Data Structures -> Practice Stacks and Queues
duplicate_url,Company Based Questions,Amazon Coding Interview Questions,PAL_STRING,Dispute Resolving,https://www.codechef.com/problems/PAL_STRING,Interview Questions -> Data Structures Interview Questions
duplicate_code,Company Based Questions,Amazon Coding Interview Questions,PAL_STRING,Dispute Resolving,https://www.codechef.com/problems/PAL_STRING,Interview Questions -> Data Structures Interview Questions
duplicate_name,Company Based Questions,Amazon Coding Interview Questions,PAL_STRING,Dispute Resolving,https://www.codechef.com/problems/PAL_STRING,Interview Questions -> Data Structures Interview Questions
duplicate_url,Company Based Questions,Amazon Coding Interview Questions,REVSEG,Reverse the Segment,https://www.codechef.com/problems/REVSEG,Data Structures -> Practice Linked Lists
duplicate_code,Company Based Questions,Amazon Coding Interview Questions,REVSEG,Reverse the Segment,https://www.codechef.com/problems/REVSEG,Data Structures -> Practice Linked Lists
duplicate_name,Company Based Questions,Amazon Coding Interview Questions,REVSEG,Reverse the Segment,https://www.codechef.com/problems/REVSEG,Data Structures -> Practice Linked Lists
duplicate_url,Company Based Questions,Amazon Coding Interview Questions,PATSEARCH,Find the Pattern,https://www.codechef.com/problems/PATSEARCH,Interview Questions -> Data Structures Interview Questions
duplicate_code,Company Based Questions,Amazon Coding Interview Questions,PATSEARCH,Find the Pattern,https://www.codechef.com/problems/PATSEARCH,Interview Questions -> Data Structures Interview Questions
duplicate_name,Company Based Questions,Amazon Coding Interview Questions,PATSEARCH,Find the Pattern,https://www.codechef.com/problems/PATSEARCH,Interview Questions -> Data Structures Interview Questions
duplicate_url,Company Based Questions,Amazon Coding Interview Questions,KGRPREV,Reverse m size groups,https://www.codechef.com/problems/KGRPREV,Data Structures -> Practice Linked Lists
duplicate_code,Company Based Questions,Amazon Coding Interview Questions,KGRPREV,Reverse m size groups,https://www.codechef.com/problems/KGRPREV,Data Structures -> Practice Linked Lists
duplicate_name,Company Based Questions,Amazon Coding Interview Questions,KGRPREV,Reverse m size groups,https://www.codechef.com/problems/KGRPREV,Data Structures -> Practice Linked Lists
duplicate_url,Company Based Questions,Amazon Coding Interview Questions,RECTREE,Reconstruct the Tree,https://www.codechef.com/problems/RECTREE,Interview Questions -> Data Structures Interview Questions
duplicate_code,Company Based Questions,Amazon Coding Interview Questions,RECTREE,Reconstruct the Tree,https://www.codechef.com/problems/RECTREE,Interview Questions -> Data Structures Interview Questions
duplicate_name,Company Based Questions,Amazon Coding Interview Questions,RECTREE,Reconstruct the Tree,https://www.codechef.com/problems/RECTREE,Interview Questions -> Data Structures Interview Questions
duplicate_url,Company Based Questions,Amazon Coding Interview Questions,SUBTCH,Find the Subtree,https://www.codechef.com/problems/SUBTCH,Interview Questions -> Data Structures Interview Questions
duplicate_code,Company Based Questions,Amazon Coding Interview Questions,SUBTCH,Find the Subtree,https://www.codechef.com/problems/SUBTCH,Interview Questions -> Data Structures Interview Questions
duplicate_name,Company Based Questions,Amazon Coding Interview Questions,SUBTCH,Find the Subtree,https://www.codechef.com/problems/SUBTCH,Interview Questions -> Data Structures Interview Questions
duplicate_url,Company Based Questions,Amazon Coding Interview Questions,STRANGELIST,Flatten a Linked List,https://www.codechef.com/problems/STRANGELIST,Data Structures -> Practice Linked Lists
duplicate_code,Company Based Questions,Amazon Coding Interview Questions,STRANGELIST,Flatten a Linked List,https://www.codechef.com/problems/STRANGELIST,Data Structures -> Practice Linked Lists
duplicate_name,Company Based Questions,Amazon Coding Interview Questions,STRANGELIST,Flatten a Linked List,https://www.codechef.com/problems/STRANGELIST,Data Structures -> Practice Linked Lists
duplicate_url,Company Based Questions,Amazon Coding Interview Questions,LCAN3,Triplet LCA,https://www.codechef.com/problems/LCAN3,Interview Questions -> Data Structures Interview Questions
duplicate_code,Company Based Questions,Amazon Coding Interview Questions,LCAN3,Triplet LCA,https://www.codechef.com/problems/LCAN3,Interview Questions -> Data Structures Interview Questions
duplicate_name,Company Based Questions,Amazon Coding Interview Questions,LCAN3,Triplet LCA,https://www.codechef.com/problems/LCAN3,Interview Questions -> Data Structures Interview Questions
duplicate_url,Company Based Questions,Amazon Coding Interview Questions,RTLL,Reverse a Linked List,https://www.codechef.com/problems/RTLL,Data Structures -> Practice Linked Lists
duplicate_code,Company Based Questions,Amazon Coding Interview Questions,RTLL,Reverse a Linked List,https://www.codechef.com/problems/RTLL,Data Structures -> Practice Linked Lists
duplicate_name,Company Based Questions,Amazon Coding Interview Questions,RTLL,Reverse a Linked List,https://www.codechef.com/problems/RTLL,Data Structures -> Practice Linked Lists
duplicate_url,Company Based Questions,Amazon Coding Interview Questions,LINKLP,Count loop length in Linked List,https://www.codechef.com/problems/LINKLP,Data Structures -> Practice Linked Lists
duplicate_code,Company Based Questions,Amazon Coding Interview Questions,LINKLP,Count loop length in Linked List,https://www.codechef.com/problems/LINKLP,Data Structures -> Practice Linked Lists
duplicate_name,Company Based Questions,Amazon Coding Interview Questions,LINKLP,Count loop length in Linked List,https://www.codechef.com/problems/LINKLP,Data Structures -> Practice Linked Lists
duplicate_url,Company Based Questions,Amazon Coding Interview Questions,SEGEO,Separate Even and Odd values in a linked list,https://www.codechef.com/problems/SEGEO,Data Structures -> Practice Linked Lists
duplicate_code,Company Based Questions,Amazon Coding Interview Questions,SEGEO,Separate Even and Odd values in a linked list,https://www.codechef.com/problems/SEGEO,Data Structures -> Practice Linked Lists
duplicate_name,Company Based Questions,Amazon Coding Interview Questions,SEGEO,Separate Even and Odd values in a linked list,https://www.codechef.com/problems/SEGEO,Data Structures -> Practice Linked Lists
duplicate_url,Company Based Questions,Amazon Coding Interview Questions,PREP01,Array - Pascals or Khayyams triangle,https://www.codechef.com/problems/PREP01,Beginner DSA -> Practice Arrays
duplicate_code,Company Based Questions,Amazon Coding Interview Questions,PREP01,Array - Pascals or Khayyams triangle,https://www.codechef.com/problems/PREP01,Beginner DSA -> Practice Arrays
duplicate_name,Company Based Questions,Amazon Coding Interview Questions,PREP01,Array - Pascals or Khayyams triangle,https://www.codechef.com/problems/PREP01,Beginner DSA -> Practice Arrays
duplicate_url,Company Based Questions,Amazon Coding Interview Questions,PREP23,Sliding Window Maximum,https://www.codechef.com/problems/PREP23,Data Structures -> Practice Stacks and Queues
duplicate_code,Company Based Questions,Amazon Coding Interview Questions,PREP23,Sliding Window Maximum,https://www.codechef.com/problems/PREP23,Data Structures -> Practice Stacks and Queues
duplicate_name,Company Based Questions,Amazon Coding Interview Questions,PREP23,Sliding Window Maximum,https://www.codechef.com/problems/PREP23,Data Structures -> Practice Stacks and Queues
duplicate_url,Company Based Questions,Amazon Coding Interview Questions,PREP32,Dynamic Programming - String Distance,https://www.codechef.com/problems/PREP32,Interview Questions -> Data Structures Interview Questions
duplicate_code,Company Based Questions,Amazon Coding Interview Questions,PREP32,Dynamic Programming - String Distance,https://www.codechef.com/problems/PREP32,Interview Questions -> Data Structures Interview Questions
duplicate_name,Company Based Questions,Amazon Coding Interview Questions,PREP32,Dynamic Programming - String Distance,https://www.codechef.com/problems/PREP32,Interview Questions -> Data Structures Interview Questions
duplicate_url,Company Based Questions,Amazon Coding Interview Questions,PREP27,Hashing - Four Sum,https://www.codechef.com/problems/PREP27,Data Structures -> Monday Munch - DSA Challenge practice series
duplicate_code,Company Based Questions,Amazon Coding Interview Questions,PREP27,Hashing - Four Sum,https://www.codechef.com/problems/PREP27,Data Structures -> Monday Munch - DSA Challenge practice series
duplicate_name,Company Based Questions,Amazon Coding Interview Questions,PREP27,Hashing - Four Sum,https://www.codechef.com/problems/PREP27,Data Structures -> Monday Munch - DSA Challenge practice series
duplicate_url,Company Based Questions,Amazon Coding Interview Questions,PREP22,Largest Rectangle in Histogram,https://www.codechef.com/problems/PREP22,Data Structures -> Practice Stacks and Queues
duplicate_code,Company Based Questions,Amazon Coding Interview Questions,PREP22,Largest Rectangle in Histogram,https://www.codechef.com/problems/PREP22,Data Structures -> Practice Stacks and Queues
duplicate_name,Company Based Questions,Amazon Coding Interview Questions,PREP22,Largest Rectangle in Histogram,https://www.codechef.com/problems/PREP22,Data Structures -> Practice Stacks and Queues
duplicate_url,Company Based Questions,Amazon Coding Interview Questions,PREP36,Graphs - Word Ladder,https://www.codechef.com/problems/PREP36,Interview Questions -> Data Structures Interview Questions
duplicate_code,Company Based Questions,Amazon Coding Interview Questions,PREP36,Graphs - Word Ladder,https://www.codechef.com/problems/PREP36,Interview Questions -> Data Structures Interview Questions
duplicate_name,Company Based Questions,Amazon Coding Interview Questions,PREP36,Graphs - Word Ladder,https://www.codechef.com/problems/PREP36,Interview Questions -> Data Structures Interview Questions
duplicate_url,Company Based Questions,Amazon Coding Interview Questions,PREP60,Previous smaller element,https://www.codechef.com/problems/PREP60,Data Structures -> Practice Stacks and Queues
duplicate_code,Company Based Questions,Amazon Coding Interview Questions,PREP60,Previous smaller element,https://www.codechef.com/problems/PREP60,Data Structures -> Practice Stacks and Queues
duplicate_name,Company Based Questions,Amazon Coding Interview Questions,PREP60,Previous smaller element,https://www.codechef.com/problems/PREP60,Data Structures -> Practice Stacks and Queues
duplicate_url,Company Based Questions,Amazon Coding Interview Questions,PREP54,Linked List - Swap nodes in pairs,https://www.codechef.com/problems/PREP54,Interview Questions -> Data Structures Interview Questions
duplicate_code,Company Based Questions,Amazon Coding Interview Questions,PREP54,Linked List - Swap nodes in pairs,https://www.codechef.com/problems/PREP54,Interview Questions -> Data Structures Interview Questions
duplicate_name,Company Based Questions,Amazon Coding Interview Questions,PREP54,Linked List - Swap nodes in pairs,https://www.codechef.com/problems/PREP54,Interview Questions -> Data Structures Interview Questions
duplicate_url,Company Based Questions,Amazon Coding Interview Questions,PREP58,Cycle in a linked list,https://www.codechef.com/problems/PREP58,Data Structures -> Practice Linked Lists
duplicate_code,Company Based Questions,Amazon Coding Interview Questions,PREP58,Cycle in a linked list,https://www.codechef.com/problems/PREP58,Data Structures -> Practice Linked Lists
duplicate_name,Company Based Questions,Amazon Coding Interview Questions,PREP58,Cycle in a linked list,https://www.codechef.com/problems/PREP58,Data Structures -> Practice Linked Lists
duplicate_url,Company Based Questions,Amazon Coding Interview Questions,PREP57,Linked List - Add Two Numbers As Lists,https://www.codechef.com/problems/PREP57,Interview Questions -> Data Structures Interview Questions
duplicate_code,Company Based Questions,Amazon Coding Interview Questions,PREP57,Linked List - Add Two Numbers As Lists,https://www.codechef.com/problems/PREP57,Interview Questions -> Data Structures Interview Questions
duplicate_name,Company Based Questions,Amazon Coding Interview Questions,PREP57,Linked List - Add Two Numbers As Lists,https://www.codechef.com/problems/PREP57,Interview Questions -> Data Structures Interview Questions
duplicate_url,Company Based Questions,Amazon Coding Interview Questions,PREP51,Hashing - Minimum Window Substring,https://www.codechef.com/problems/PREP51,Data Structures -> Monday Munch - DSA Challenge practice series
duplicate_code,Company Based Questions,Amazon Coding Interview Questions,PREP51,Hashing - Minimum Window Substring,https://www.codechef.com/problems/PREP51,Data Structures -> Monday Munch - DSA Challenge practice series
duplicate_name,Company Based Questions,Amazon Coding Interview Questions,PREP51,Hashing - Minimum Window Substring,https://www.codechef.com/problems/PREP51,Data Structures -> Monday Munch - DSA Challenge practice series
duplicate_url,Company Based Questions,Amazon Coding Interview Questions,PREP49,Graphs - Valid Path,https://www.codechef.com/problems/PREP49,Interview Questions -> Data Structures Interview Questions
duplicate_code,Company Based Questions,Amazon Coding Interview Questions,PREP49,Graphs - Valid Path,https://www.codechef.com/problems/PREP49,Interview Questions -> Data Structures Interview Questions
duplicate_name,Company Based Questions,Amazon Coding Interview Questions,PREP49,Graphs - Valid Path,https://www.codechef.com/problems/PREP49,Interview Questions -> Data Structures Interview Questions
duplicate_url,Company Based Questions,Microsoft Coding Interview Questions,PTRLP,Petrol ki Problem,https://www.codechef.com/problems/PTRLP,Interview Questions -> Data Structures Interview Questions
duplicate_code,Company Based Questions,Microsoft Coding Interview Questions,PTRLP,Petrol ki Problem,https://www.codechef.com/problems/PTRLP,Interview Questions -> Data Structures Interview Questions
duplicate_name,Company Based Questions,Microsoft Coding Interview Questions,PTRLP,Petrol ki Problem,https://www.codechef.com/problems/PTRLP,Interview Questions -> Data Structures Interview Questions
duplicate_url,Company Based Questions,Microsoft Coding Interview Questions,PAL_STRING,Dispute Resolving,https://www.codechef.com/problems/PAL_STRING,Interview Questions -> Data Structures Interview Questions
duplicate_code,Company Based Questions,Microsoft Coding Interview Questions,PAL_STRING,Dispute Resolving,https://www.codechef.com/problems/PAL_STRING,Interview Questions -> Data Structures Interview Questions
duplicate_name,Company Based Questions,Microsoft Coding Interview Questions,PAL_STRING,Dispute Resolving,https://www.codechef.com/problems/PAL_STRING,Interview Questions -> Data Structures Interview Questions
duplicate_url,Company Based Questions,Microsoft Coding Interview Questions,LLMID,Find Middle Element of Linked List,https://www.codechef.com/problems/LLMID,Data Structures -> Practice Linked Lists
duplicate_code,Company Based Questions,Microsoft Coding Interview Questions,LLMID,Find Middle Element of Linked List,https://www.codechef.com/problems/LLMID,Data Structures -> Practice Linked Lists
duplicate_name,Company Based Questions,Microsoft Coding Interview Questions,LLMID,Find Middle Element of Linked List,https://www.codechef.com/problems/LLMID,Data Structures -> Practice Linked Lists
duplicate_url,Company Based Questions,Microsoft Coding Interview Questions,RECTREE,Reconstruct the Tree,https://www.codechef.com/problems/RECTREE,Interview Questions -> Data Structures Interview Questions
duplicate_code,Company Based Questions,Microsoft Coding Interview Questions,RECTREE,Reconstruct the Tree,https://www.codechef.com/problems/RECTREE,Interview Questions -> Data Structures Interview Questions
duplicate_name,Company Based Questions,Microsoft Coding Interview Questions,RECTREE,Reconstruct the Tree,https://www.codechef.com/problems/RECTREE,Interview Questions -> Data Structures Interview Questions
duplicate_url,Company Based Questions,Microsoft Coding Interview Questions,SUBTCH,Find the Subtree,https://www.codechef.com/problems/SUBTCH,Interview Questions -> Data Structures Interview Questions
duplicate_code,Company Based Questions,Microsoft Coding Interview Questions,SUBTCH,Find the Subtree,https://www.codechef.com/problems/SUBTCH,Interview Questions -> Data Structures Interview Questions
duplicate_name,Company Based Questions,Microsoft Coding Interview Questions,SUBTCH,Find the Subtree,https://www.codechef.com/problems/SUBTCH,Interview Questions -> Data Structures Interview Questions
duplicate_url,Company Based Questions,Microsoft Coding Interview Questions,NSELL,Find Next Smaller value in Linked List,https://www.codechef.com/problems/NSELL,Data Structures -> Practice Linked Lists
duplicate_code,Company Based Questions,Microsoft Coding Interview Questions,NSELL,Find Next Smaller value in Linked List,https://www.codechef.com/problems/NSELL,Data Structures -> Practice Linked Lists
duplicate_name,Company Based Questions,Microsoft Coding Interview Questions,NSELL,Find Next Smaller value in Linked List,https://www.codechef.com/problems/NSELL,Data Structures -> Practice Linked Lists
duplicate_url,Company Based Questions,Microsoft Coding Interview Questions,TRAINLOOP,Train Loop,https://www.codechef.com/problems/TRAINLOOP,Interview Questions -> Data Structures Interview Questions
duplicate_code,Company Based Questions,Microsoft Coding Interview Questions,TRAINLOOP,Train Loop,https://www.codechef.com/problems/TRAINLOOP,Interview Questions -> Data Structures Interview Questions
duplicate_name,Company Based Questions,Microsoft Coding Interview Questions,TRAINLOOP,Train Loop,https://www.codechef.com/problems/TRAINLOOP,Interview Questions -> Data Structures Interview Questions
duplicate_url,Company Based Questions,Microsoft Coding Interview Questions,STRANGELIST,Flatten a Linked List,https://www.codechef.com/problems/STRANGELIST,Data Structures -> Practice Linked Lists
duplicate_code,Company Based Questions,Microsoft Coding Interview Questions,STRANGELIST,Flatten a Linked List,https://www.codechef.com/problems/STRANGELIST,Data Structures -> Practice Linked Lists
duplicate_name,Company Based Questions,Microsoft Coding Interview Questions,STRANGELIST,Flatten a Linked List,https://www.codechef.com/problems/STRANGELIST,Data Structures -> Practice Linked Lists
duplicate_url,Company Based Questions,Microsoft Coding Interview Questions,RTLL,Reverse a Linked List,https://www.codechef.com/problems/RTLL,Data Structures -> Practice Linked Lists
duplicate_code,Company Based Questions,Microsoft Coding Interview Questions,RTLL,Reverse a Linked List,https://www.codechef.com/problems/RTLL,Data Structures -> Practice Linked Lists
duplicate_name,Company Based Questions,Microsoft Coding Interview Questions,RTLL,Reverse a Linked List,https://www.codechef.com/problems/RTLL,Data Structures -> Practice Linked Lists
duplicate_url,Company Based Questions,Microsoft Coding Interview Questions,PREP05,Array - Addition,https://www.codechef.com/problems/PREP05,Interview Questions -> Data Structures Interview Questions
duplicate_code,Company Based Questions,Microsoft Coding Interview Questions,PREP05,Array - Addition,https://www.codechef.com/problems/PREP05,Interview Questions -> Data Structures Interview Questions
duplicate_name,Company Based Questions,Microsoft Coding Interview Questions,PREP05,Array - Addition,https://www.codechef.com/problems/PREP05,Interview Questions -> Data Structures Interview Questions
duplicate_url,Company Based Questions,Microsoft Coding Interview Questions,PREP27,Hashing - Four Sum,https://www.codechef.com/problems/PREP27,Data Structures -> Monday Munch - DSA Challenge practice series
duplicate_code,Company Based Questions,Microsoft Coding Interview Questions,PREP27,Hashing - Four Sum,https://www.codechef.com/problems/PREP27,Data Structures -> Monday Munch - DSA Challenge practice series
duplicate_name,Company Based Questions,Microsoft Coding Interview Questions,PREP27,Hashing - Four Sum,https://www.codechef.com/problems/PREP27,Data Structures -> Monday Munch - DSA Challenge practice series
duplicate_url,Company Based Questions,Microsoft Coding Interview Questions,PREP22,Largest Rectangle in Histogram,https://www.codechef.com/problems/PREP22,Data Structures -> Practice Stacks and Queues
duplicate_code,Company Based Questions,Microsoft Coding Interview Questions,PREP22,Largest Rectangle in Histogram,https://www.codechef.com/problems/PREP22,Data Structures -> Practice Stacks and Queues
duplicate_name,Company Based Questions,Microsoft Coding Interview Questions,PREP22,Largest Rectangle in Histogram,https://www.codechef.com/problems/PREP22,Data Structures -> Practice Stacks and Queues
duplicate_url,Company Based Questions,Microsoft Coding Interview Questions,PREP54,Linked List - Swap nodes in pairs,https://www.codechef.com/problems/PREP54,Interview Questions -> Data Structures Interview Questions
duplicate_code,Company Based Questions,Microsoft Coding Interview Questions,PREP54,Linked List - Swap nodes in pairs,https://www.codechef.com/problems/PREP54,Interview Questions -> Data Structures Interview Questions
duplicate_name,Company Based Questions,Microsoft Coding Interview Questions,PREP54,Linked List - Swap nodes in pairs,https://www.codechef.com/problems/PREP54,Interview Questions -> Data Structures Interview Questions
duplicate_url,Company Based Questions,Microsoft Coding Interview Questions,PREP65,Trees - Path Sum,https://www.codechef.com/problems/PREP65,Interview Questions -> Data Structures Interview Questions
duplicate_code,Company Based Questions,Microsoft Coding Interview Questions,PREP65,Trees - Path Sum,https://www.codechef.com/problems/PREP65,Interview Questions -> Data Structures Interview Questions
duplicate_name,Company Based Questions,Microsoft Coding Interview Questions,PREP65,Trees - Path Sum,https://www.codechef.com/problems/PREP65,Interview Questions -> Data Structures Interview Questions
duplicate_url,Company Based Questions,Google Interview Questions,SUBASUM,Sub-array Sum,https://www.codechef.com/problems/SUBASUM,Interview Questions -> Data Structures Interview Questions
duplicate_code,Company Based Questions,Google Interview Questions,SUBASUM,Sub-array Sum,https://www.codechef.com/problems/SUBASUM,Interview Questions -> Data Structures Interview Questions
duplicate_name,Company Based Questions,Google Interview Questions,SUBASUM,Sub-array Sum,https://www.codechef.com/problems/SUBASUM,Interview Questions -> Data Structures Interview Questions
duplicate_url,Company Based Questions,Google Interview Questions,PTRLP,Petrol ki Problem,https://www.codechef.com/problems/PTRLP,Interview Questions -> Data Structures Interview Questions
duplicate_code,Company Based Questions,Google Interview Questions,PTRLP,Petrol ki Problem,https://www.codechef.com/problems/PTRLP,Interview Questions -> Data Structures Interview Questions
duplicate_name,Company Based Questions,Google Interview Questions,PTRLP,Petrol ki Problem,https://www.codechef.com/problems/PTRLP,Interview Questions -> Data Structures Interview Questions
duplicate_url,Company Based Questions,Google Interview Questions,MAXREC,Maximum Area,https://www.codechef.com/problems/MAXREC,Data Structures -> Practice Stacks and Queues
duplicate_code,Company Based Questions,Google Interview Questions,MAXREC,Maximum Area,https://www.codechef.com/problems/MAXREC,Data Structures -> Practice Stacks and Queues
duplicate_name,Company Based Questions,Google Interview Questions,MAXREC,Maximum Area,https://www.codechef.com/problems/MAXREC,Data Structures -> Practice Stacks and Queues
duplicate_url,Company Based Questions,Google Interview Questions,CNTND,Counting Nodes,https://www.codechef.com/problems/CNTND,Interview Questions -> Data Structures Interview Questions
duplicate_code,Company Based Questions,Google Interview Questions,CNTND,Counting Nodes,https://www.codechef.com/problems/CNTND,Interview Questions -> Data Structures Interview Questions
duplicate_name,Company Based Questions,Google Interview Questions,CNTND,Counting Nodes,https://www.codechef.com/problems/CNTND,Interview Questions -> Data Structures Interview Questions
duplicate_url,Company Based Questions,Google Interview Questions,PREP19,Trapping Rainwater,https://www.codechef.com/problems/PREP19,Interview Questions -> Data Structures Interview Questions
duplicate_code,Company Based Questions,Google Interview Questions,PREP19,Trapping Rainwater,https://www.codechef.com/problems/PREP19,Interview Questions -> Data Structures Interview Questions
duplicate_name,Company Based Questions,Google Interview Questions,PREP19,Trapping Rainwater,https://www.codechef.com/problems/PREP19,Interview Questions -> Data Structures Interview Questions
duplicate_url,Company Based Questions,Google Interview Questions,PREP32,Dynamic Programming - String Distance,https://www.codechef.com/problems/PREP32,Interview Questions -> Data Structures Interview Questions
duplicate_code,Company Based Questions,Google Interview Questions,PREP32,Dynamic Programming - String Distance,https://www.codechef.com/problems/PREP32,Interview Questions -> Data Structures Interview Questions
duplicate_name,Company Based Questions,Google Interview Questions,PREP32,Dynamic Programming - String Distance,https://www.codechef.com/problems/PREP32,Interview Questions -> Data Structures Interview Questions
duplicate_url,Company Based Questions,Google Interview Questions,PREP27,Hashing - Four Sum,https://www.codechef.com/problems/PREP27,Data Structures -> Monday Munch - DSA Challenge practice series
duplicate_code,Company Based Questions,Google Interview Questions,PREP27,Hashing - Four Sum,https://www.codechef.com/problems/PREP27,Data Structures -> Monday Munch - DSA Challenge practice series
duplicate_name,Company Based Questions,Google Interview Questions,PREP27,Hashing - Four Sum,https://www.codechef.com/problems/PREP27,Data Structures -> Monday Munch - DSA Challenge practice series
duplicate_url,Company Based Questions,Google Interview Questions,PREP36,Graphs - Word Ladder,https://www.codechef.com/problems/PREP36,Interview Questions -> Data Structures Interview Questions
duplicate_code,Company Based Questions,Google Interview Questions,PREP36,Graphs - Word Ladder,https://www.codechef.com/problems/PREP36,Interview Questions -> Data Structures Interview Questions
duplicate_name,Company Based Questions,Google Interview Questions,PREP36,Graphs - Word Ladder,https://www.codechef.com/problems/PREP36,Interview Questions -> Data Structures Interview Questions
duplicate_url,Company Based Questions,Google Interview Questions,PREP37,Graphs - Red Blue Lakes,https://www.codechef.com/problems/PREP37,Interview Questions -> Data Structures Interview Questions
duplicate_code,Company Based Questions,Google Interview Questions,PREP37,Graphs - Red Blue Lakes,https://www.codechef.com/problems/PREP37,Interview Questions -> Data Structures Interview Questions
duplicate_name,Company Based Questions,Google Interview Questions,PREP37,Graphs - Red Blue Lakes,https://www.codechef.com/problems/PREP37,Interview Questions -> Data Structures Interview Questions
duplicate_url,Company Based Questions,Google Interview Questions,PREP48,Maximum Product Subarray,https://www.codechef.com/problems/PREP48,Interview Questions -> Data Structures Interview Questions
duplicate_code,Company Based Questions,Google Interview Questions,PREP48,Maximum Product Subarray,https://www.codechef.com/problems/PREP48,Interview Questions -> Data Structures Interview Questions
duplicate_name,Company Based Questions,Google Interview Questions,PREP48,Maximum Product Subarray,https://www.codechef.com/problems/PREP48,Interview Questions -> Data Structures Interview Questions
duplicate_url,Company Based Questions,Google Interview Questions,PREP41,Backtracking - Find Valid Parenthesis,https://www.codechef.com/problems/PREP41,Interview Questions -> Data Structures Interview Questions
duplicate_code,Company Based Questions,Google Interview Questions,PREP41,Backtracking - Find Valid Parenthesis,https://www.codechef.com/problems/PREP41,Interview Questions -> Data Structures Interview Questions
duplicate_name,Company Based Questions,Google Interview Questions,PREP41,Backtracking - Find Valid Parenthesis,https://www.codechef.com/problems/PREP41,Interview Questions -> Data Structures Interview Questions
duplicate_url,Company Based Questions,Adobe Coding Interview Questions,JUMPEND,Jump To The End,https://www.codechef.com/problems/JUMPEND,Interview Questions -> Data Structures Interview Questions
duplicate_code,Company Based Questions,Adobe Coding Interview Questions,JUMPEND,Jump To The End,https://www.codechef.com/problems/JUMPEND,Interview Questions -> Data Structures Interview Questions
duplicate_name,Company Based Questions,Adobe Coding Interview Questions,JUMPEND,Jump To The End,https://www.codechef.com/problems/JUMPEND,Interview Questions -> Data Structures Interview Questions
duplicate_url,Company Based Questions,Adobe Coding Interview Questions,PTRLP,Petrol ki Problem,https://www.codechef.com/problems/PTRLP,Interview Questions -> Data Structures Interview Questions
duplicate_code,Company Based Questions,Adobe Coding Interview Questions,PTRLP,Petrol ki Problem,https://www.codechef.com/problems/PTRLP,Interview Questions -> Data Structures Interview Questions
duplicate_name,Company Based Questions,Adobe Coding Interview Questions,PTRLP,Petrol ki Problem,https://www.codechef.com/problems/PTRLP,Interview Questions -> Data Structures Interview Questions
duplicate_url,Company Based Questions,Adobe Coding Interview Questions,LLMID,Find Middle Element of Linked List,https://www.codechef.com/problems/LLMID,Data Structures -> Practice Linked Lists
duplicate_code,Company Based Questions,Adobe Coding Interview Questions,LLMID,Find Middle Element of Linked List,https://www.codechef.com/problems/LLMID,Data Structures -> Practice Linked Lists
duplicate_name,Company Based Questions,Adobe Coding Interview Questions,LLMID,Find Middle Element of Linked List,https://www.codechef.com/problems/LLMID,Data Structures -> Practice Linked Lists
duplicate_url,Company Based Questions,Adobe Coding Interview Questions,SUBTCH,Find the Subtree,https://www.codechef.com/problems/SUBTCH,Interview Questions -> Data Structures Interview Questions
duplicate_code,Company Based Questions,Adobe Coding Interview Questions,SUBTCH,Find the Subtree,https://www.codechef.com/problems/SUBTCH,Interview Questions -> Data Structures Interview Questions
duplicate_name,Company Based Questions,Adobe Coding Interview Questions,SUBTCH,Find the Subtree,https://www.codechef.com/problems/SUBTCH,Interview Questions -> Data Structures Interview Questions
duplicate_url,Company Based Questions,Adobe Coding Interview Questions,REMDUP,Remove Duplicates,https://www.codechef.com/problems/REMDUP,Interview Questions -> Data Structures Interview Questions
duplicate_code,Company Based Questions,Adobe Coding Interview Questions,REMDUP,Remove Duplicates,https://www.codechef.com/problems/REMDUP,Interview Questions -> Data Structures Interview Questions
duplicate_name,Company Based Questions,Adobe Coding Interview Questions,REMDUP,Remove Duplicates,https://www.codechef.com/problems/REMDUP,Interview Questions -> Data Structures Interview Questions
duplicate_url,Company Based Questions,Adobe Coding Interview Questions,TOYDESIRE,Alice and Bob,https://www.codechef.com/problems/TOYDESIRE,Interview Questions -> Data Structures Interview Questions
duplicate_code,Company Based Questions,Adobe Coding Interview Questions,TOYDESIRE,Alice and Bob,https://www.codechef.com/problems/TOYDESIRE,Interview Questions -> Data Structures Interview Questions
duplicate_name,Company Based Questions,Adobe Coding Interview Questions,TOYDESIRE,Alice and Bob,https://www.codechef.com/problems/TOYDESIRE,Interview Questions -> Data Structures Interview Questions
duplicate_url,Company Based Questions,Adobe Coding Interview Questions,RTLL,Reverse a Linked List,https://www.codechef.com/problems/RTLL,Data Structures -> Practice Linked Lists
duplicate_code,Company Based Questions,Adobe Coding Interview Questions,RTLL,Reverse a Linked List,https://www.codechef.com/problems/RTLL,Data Structures -> Practice Linked Lists
duplicate_name,Company Based Questions,Adobe Coding Interview Questions,RTLL,Reverse a Linked List,https://www.codechef.com/problems/RTLL,Data Structures -> Practice Linked Lists
duplicate_url,Company Based Questions,Adobe Coding Interview Questions,PREP01,Array - Pascals or Khayyams triangle,https://www.codechef.com/problems/PREP01,Beginner DSA -> Practice Arrays
duplicate_code,Company Based Questions,Adobe Coding Interview Questions,PREP01,Array - Pascals or Khayyams triangle,https://www.codechef.com/problems/PREP01,Beginner DSA -> Practice Arrays
duplicate_name,Company Based Questions,Adobe Coding Interview Questions,PREP01,Array - Pascals or Khayyams triangle,https://www.codechef.com/problems/PREP01,Beginner DSA -> Practice Arrays
duplicate_url,Company Based Questions,Adobe Coding Interview Questions,PREP02,Array - Matrix operations,https://www.codechef.com/problems/PREP02,Interview Questions -> Data Structures Interview Questions
duplicate_code,Company Based Questions,Adobe Coding Interview Questions,PREP02,Array - Matrix operations,https://www.codechef.com/problems/PREP02,Interview Questions -> Data Structures Interview Questions
duplicate_name,Company Based Questions,Adobe Coding Interview Questions,PREP02,Array - Matrix operations,https://www.codechef.com/problems/PREP02,Interview Questions -> Data Structures Interview Questions
duplicate_url,Company Based Questions,Adobe Coding Interview Questions,PREP36,Graphs - Word Ladder,https://www.codechef.com/problems/PREP36,Interview Questions -> Data Structures Interview Questions
duplicate_code,Company Based Questions,Adobe Coding Interview Questions,PREP36,Graphs - Word Ladder,https://www.codechef.com/problems/PREP36,Interview Questions -> Data Structures Interview Questions
duplicate_name,Company Based Questions,Adobe Coding Interview Questions,PREP36,Graphs - Word Ladder,https://www.codechef.com/problems/PREP36,Interview Questions -> Data Structures Interview Questions
duplicate_url,Company Based Questions,Adobe Coding Interview Questions,PREP40,Backtracking - Unique Combinations Sum,https://www.codechef.com/problems/PREP40,Interview Questions -> Data Structures Interview Questions
duplicate_code,Company Based Questions,Adobe Coding Interview Questions,PREP40,Backtracking - Unique Combinations Sum,https://www.codechef.com/problems/PREP40,Interview Questions -> Data Structures Interview Questions
duplicate_name,Company Based Questions,Adobe Coding Interview Questions,PREP40,Backtracking - Unique Combinations Sum,https://www.codechef.com/problems/PREP40,Interview Questions -> Data Structures Interview Questions
duplicate_url,Company Based Questions,Adobe Coding Interview Questions,PREP44,Bit Manipulation - Count set bits,https://www.codechef.com/problems/PREP44,Interview Questions -> Data Structures Interview Questions
duplicate_code,Company Based Questions,Adobe Coding Interview Questions,PREP44,Bit Manipulation - Count set bits,https://www.codechef.com/problems/PREP44,Interview Questions -> Data Structures Interview Questions
duplicate_name,Company Based Questions,Adobe Coding Interview Questions,PREP44,Bit Manipulation - Count set bits,https://www.codechef.com/problems/PREP44,Interview Questions -> Data Structures Interview Questions
duplicate_url,Company Based Questions,Adobe Coding Interview Questions,PREP65,Trees - Path Sum,https://www.codechef.com/problems/PREP65,Interview Questions -> Data Structures Interview Questions
duplicate_code,Company Based Questions,Adobe Coding Interview Questions,PREP65,Trees - Path Sum,https://www.codechef.com/problems/PREP65,Interview Questions -> Data Structures Interview Questions
duplicate_name,Company Based Questions,Adobe Coding Interview Questions,PREP65,Trees - Path Sum,https://www.codechef.com/problems/PREP65,Interview Questions -> Data Structures Interview Questions
duplicate_url,Company Based Questions,Flipkart Coding Interview Questions,KNGATK,Attack on Kingdom,https://www.codechef.com/problems/KNGATK,Interview Questions -> Data Structures Interview Questions
duplicate_code,Company Based Questions,Flipkart Coding Interview Questions,KNGATK,Attack on Kingdom,https://www.codechef.com/problems/KNGATK,Interview Questions -> Data Structures Interview Questions
duplicate_name,Company Based Questions,Flipkart Coding Interview Questions,KNGATK,Attack on Kingdom,https://www.codechef.com/problems/KNGATK,Interview Questions -> Data Structures Interview Questions
duplicate_url,Company Based Questions,Flipkart Coding Interview Questions,LLMID,Find Middle Element of Linked List,https://www.codechef.com/problems/LLMID,Data Structures -> Practice Linked Lists
duplicate_code,Company Based Questions,Flipkart Coding Interview Questions,LLMID,Find Middle Element of Linked List,https://www.codechef.com/problems/LLMID,Data Structures -> Practice Linked Lists
duplicate_name,Company Based Questions,Flipkart Coding Interview Questions,LLMID,Find Middle Element of Linked List,https://www.codechef.com/problems/LLMID,Data Structures -> Practice Linked Lists
duplicate_url,Company Based Questions,Flipkart Coding Interview Questions,TOYDESIRE,Alice and Bob,https://www.codechef.com/problems/TOYDESIRE,Interview Questions -> Data Structures Interview Questions
duplicate_code,Company Based Questions,Flipkart Coding Interview Questions,TOYDESIRE,Alice and Bob,https://www.codechef.com/problems/TOYDESIRE,Interview Questions -> Data Structures Interview Questions
duplicate_name,Company Based Questions,Flipkart Coding Interview Questions,TOYDESIRE,Alice and Bob,https://www.codechef.com/problems/TOYDESIRE,Interview Questions -> Data Structures Interview Questions
duplicate_url,Company Based Questions,Flipkart Coding Interview Questions,STRANGELIST,Flatten a Linked List,https://www.codechef.com/problems/STRANGELIST,Data Structures -> Practice Linked Lists
duplicate_code,Company Based Questions,Flipkart Coding Interview Questions,STRANGELIST,Flatten a Linked List,https://www.codechef.com/problems/STRANGELIST,Data Structures -> Practice Linked Lists
duplicate_name,Company Based Questions,Flipkart Coding Interview Questions,STRANGELIST,Flatten a Linked List,https://www.codechef.com/problems/STRANGELIST,Data Structures -> Practice Linked Lists
duplicate_url,Company Based Questions,Flipkart Coding Interview Questions,CRITLIST,Critical points in a Linked List,https://www.codechef.com/problems/CRITLIST,Data Structures -> Practice Linked Lists
duplicate_code,Company Based Questions,Flipkart Coding Interview Questions,CRITLIST,Critical points in a Linked List,https://www.codechef.com/problems/CRITLIST,Data Structures -> Practice Linked Lists
duplicate_name,Company Based Questions,Flipkart Coding Interview Questions,CRITLIST,Critical points in a Linked List,https://www.codechef.com/problems/CRITLIST,Data Structures -> Practice Linked Lists
duplicate_url,Company Based Questions,Flipkart Coding Interview Questions,PREP02,Array - Matrix operations,https://www.codechef.com/problems/PREP02,Interview Questions -> Data Structures Interview Questions
duplicate_code,Company Based Questions,Flipkart Coding Interview Questions,PREP02,Array - Matrix operations,https://www.codechef.com/problems/PREP02,Interview Questions -> Data Structures Interview Questions
duplicate_name,Company Based Questions,Flipkart Coding Interview Questions,PREP02,Array - Matrix operations,https://www.codechef.com/problems/PREP02,Interview Questions -> Data Structures Interview Questions
duplicate_url,Company Based Questions,Flipkart Coding Interview Questions,PREP05,Array - Addition,https://www.codechef.com/problems/PREP05,Interview Questions -> Data Structures Interview Questions
duplicate_code,Company Based Questions,Flipkart Coding Interview Questions,PREP05,Array - Addition,https://www.codechef.com/problems/PREP05,Interview Questions -> Data Structures Interview Questions
duplicate_name,Company Based Questions,Flipkart Coding Interview Questions,PREP05,Array - Addition,https://www.codechef.com/problems/PREP05,Interview Questions -> Data Structures Interview Questions
duplicate_url,Company Based Questions,Flipkart Coding Interview Questions,PREP23,Sliding Window Maximum,https://www.codechef.com/problems/PREP23,Data Structures -> Practice Stacks and Queues
duplicate_code,Company Based Questions,Flipkart Coding Interview Questions,PREP23,Sliding Window Maximum,https://www.codechef.com/problems/PREP23,Data Structures -> Practice Stacks and Queues
duplicate_name,Company Based Questions,Flipkart Coding Interview Questions,PREP23,Sliding Window Maximum,https://www.codechef.com/problems/PREP23,Data Structures -> Practice Stacks and Queues
duplicate_url,Company Based Questions,Flipkart Coding Interview Questions,PREP36,Graphs - Word Ladder,https://www.codechef.com/problems/PREP36,Interview Questions -> Data Structures Interview Questions
duplicate_code,Company Based Questions,Flipkart Coding Interview Questions,PREP36,Graphs - Word Ladder,https://www.codechef.com/problems/PREP36,Interview Questions -> Data Structures Interview Questions
duplicate_name,Company Based Questions,Flipkart Coding Interview Questions,PREP36,Graphs - Word Ladder,https://www.codechef.com/problems/PREP36,Interview Questions -> Data Structures Interview Questions
duplicate_url,Company Based Questions,Flipkart Coding Interview Questions,PREP50,Graphs - Clone a graph,https://www.codechef.com/problems/PREP50,Interview Questions -> Data Structures Interview Questions
duplicate_code,Company Based Questions,Flipkart Coding Interview Questions,PREP50,Graphs - Clone a graph,https://www.codechef.com/problems/PREP50,Interview Questions -> Data Structures Interview Questions
duplicate_name,Company Based Questions,Flipkart Coding Interview Questions,PREP50,Graphs - Clone a graph,https://www.codechef.com/problems/PREP50,Interview Questions -> Data Structures Interview Questions
duplicate_url,Company Based Questions,Flipkart Coding Interview Questions,PREP57,Linked List - Add Two Numbers As Lists,https://www.codechef.com/problems/PREP57,Interview Questions -> Data Structures Interview Questions
duplicate_code,Company Based Questions,Flipkart Coding Interview Questions,PREP57,Linked List - Add Two Numbers As Lists,https://www.codechef.com/problems/PREP57,Interview Questions -> Data Structures Interview Questions
duplicate_name,Company Based Questions,Flipkart Coding Interview Questions,PREP57,Linked List - Add Two Numbers As Lists,https://www.codechef.com/problems/PREP57,Interview Questions -> Data Structures Interview Questions
duplicate_url,Company Based Questions,Flipkart Coding Interview Questions,PREP55,Remove Duplicates from Sorted List,https://www.codechef.com/problems/PREP55,Data Structures -> Practice Linked Lists
duplicate_code,Company Based Questions,Flipkart Coding Interview Questions,PREP55,Remove Duplicates from Sorted List,https://www.codechef.com/problems/PREP55,Data Structures -> Practice Linked Lists
duplicate_name,Company Based Questions,Flipkart Coding Interview Questions,PREP55,Remove Duplicates from Sorted List,https://www.codechef.com/problems/PREP55,Data Structures -> Practice Linked Lists
duplicate_url,Company Based Questions,Flipkart Coding Interview Questions,PTRLP,Petrol ki Problem,https://www.codechef.com/problems/PTRLP,Interview Questions -> Data Structures Interview Questions
duplicate_code,Company Based Questions,Flipkart Coding Interview Questions,PTRLP,Petrol ki Problem,https://www.codechef.com/problems/PTRLP,Interview Questions -> Data Structures Interview Questions
duplicate_name,Company Based Questions,Flipkart Coding Interview Questions,PTRLP,Petrol ki Problem,https://www.codechef.com/problems/PTRLP,Interview Questions -> Data Structures Interview Questions
duplicate_url,Company Based Questions,Flipkart Coding Interview Questions,PREP66,Trees - Height of a Tree,https://www.codechef.com/problems/PREP66,Interview Questions -> Data Structures Interview Questions
duplicate_code,Company Based Questions,Flipkart Coding Interview Questions,PREP66,Trees - Height of a Tree,https://www.codechef.com/problems/PREP66,Interview Questions -> Data Structures Interview Questions
duplicate_name,Company Based Questions,Flipkart Coding Interview Questions,PREP66,Trees - Height of a Tree,https://www.codechef.com/problems/PREP66,Interview Questions -> Data Structures Interview Questions
duplicate_url,Company Based Questions,Flipkart Coding Interview Questions,PREP24,Backtracking - Find Unique Permutations,https://www.codechef.com/problems/PREP24,Interview Questions -> Data Structures Interview Questions
duplicate_code,Company Based Questions,Flipkart Coding Interview Questions,PREP24,Backtracking - Find Unique Permutations,https://www.codechef.com/problems/PREP24,Interview Questions -> Data Structures Interview Questions
duplicate_name,Company Based Questions,Flipkart Coding Interview Questions,PREP24,Backtracking - Find Unique Permutations,https://www.codechef.com/problems/PREP24,Interview Questions -> Data Structures Interview Questions
duplicate_name,Company Based Questions,TCS Codevita Problems,CODEVITA22A,Count Pairs,https://www.codechef.com/problems/CODEVITA22A,Company Based Questions -> TCS Codevita Problems
duplicate_name,Company Based Questions,TCS NQT Coding Questions,TCSNQTCP07,Longest Common Prefix,https://www.codechef.com/problems/TCSNQTCP07,Company Based Questions -> TCS NQT Coding Questions
duplicate_name,Company Based Questions,TCS NQT Coding Questions,TCSNQTRA08,Seating Arrangement,https://www.codechef.com/problems/TCSNQTRA08,Company Based Questions -> TCS NQT Coding Questions
duplicate_name,Company Based Questions,Nutanix Coding Interview Questions,NUTANIX06,Book Allocation,https://www.codechef.com/problems/NUTANIX06,Company Based Questions -> Nutanix Coding Interview Questions
duplicate_name,Company Based Questions,Junglee Games Interview Questions,JUNGLEE05,Consecutive Prime Sum,https://www.codechef.com/problems/JUNGLEE05,Company Based Questions -> Junglee Games Interview Questions
duplicate_url,Company Based Questions,Visa Interview Questions,VISA02,Jump Game,https://www.codechef.com/problems/VISA02,Data Structures -> Monday Munch - DSA Challenge practice series
duplicate_code,Company Based Questions,Visa Interview Questions,VISA02,Jump Game,https://www.codechef.com/problems/VISA02,Data Structures -> Monday Munch - DSA Challenge practice series
duplicate_name,Company Based Questions,Visa Interview Questions,VISA02,Jump Game,https://www.codechef.com/problems/VISA02,Data Structures -> Monday Munch - DSA Challenge practice series
duplicate_url,Company Based Questions,Visa Interview Questions,VISA06,Longest Palindromic Substring,https://www.codechef.com/problems/VISA06,Interview Questions -> Java Developer Interview Preparation
duplicate_code,Company Based Questions,Visa Interview Questions,VISA06,Longest Palindromic Substring,https://www.codechef.com/problems/VISA06,Interview Questions -> Java Developer Interview Preparation
duplicate_name,Company Based Questions,Visa Interview Questions,VISA06,Longest Palindromic Substring,https://www.codechef.com/problems/VISA06,Interview Questions -> Java Developer Interview Preparation
duplicate_name,Company Based Questions,Visa Interview Questions,VISA09,Minimum Coins,https://www.codechef.com/problems/VISA09,Company Based Questions -> Visa Interview Questions
duplicate_name,Company Based Questions,PhonePe Interview Questions,PHONEPE05,Longest Increasing Subsequence,https://www.codechef.com/problems/PHONEPE05,Company Based Questions -> PhonePe Interview Questions
duplicate_url,Company Based Questions,Accolite Coding Interview Questions,ACCOLITE04,Top K Frequent Numbers After Each Element,https://www.codechef.com/problems/ACCOLITE04,Interview Questions -> Java Developer Interview Preparation
duplicate_code,Company Based Questions,Accolite Coding Interview Questions,ACCOLITE04,Top K Frequent Numbers After Each Element,https://www.codechef.com/problems/ACCOLITE04,Interview Questions -> Java Developer Interview Preparation
duplicate_name,Company Based Questions,Accolite Coding Interview Questions,ACCOLITE04,Top K Frequent Numbers After Each Element,https://www.codechef.com/problems/ACCOLITE04,Interview Questions -> Java Developer Interview Preparation
duplicate_name,Company Based Questions,Texas Instruments Coding Interview Questions,TXSINST03,Largest Rectangle in Histogram,https://www.codechef.com/problems/TXSINST03,Company Based Questions -> Texas Instruments Coding Interview Questions
duplicate_name,Company Based Questions,Glean Coding Interview Questions,GLEAN01,Chocolate Division,https://www.codechef.com/problems/GLEAN01,Company Based Questions -> Glean Coding Interview Questions
duplicate_url,Company Based Questions,Deloitte NLA Questions,MISSINPERM,Missing number in permutation,https://www.codechef.com/problems/MISSINPERM,Beginner DSA -> Practice Arrays
duplicate_code,Company Based Questions,Deloitte NLA Questions,MISSINPERM,Missing number in permutation,https://www.codechef.com/problems/MISSINPERM,Beginner DSA -> Practice Arrays
duplicate_name,Company Based Questions,Deloitte NLA Questions,MISSINPERM,Missing number in permutation,https://www.codechef.com/problems/MISSINPERM,Beginner DSA -> Practice Arrays
duplicate_url,Company Based Questions,Deloitte NLA Questions,TWOSUMM,Chef and Pair of Elements,https://www.codechef.com/problems/TWOSUMM,Data Structures -> Monday Munch - DSA Challenge practice series
duplicate_code,Company Based Questions,Deloitte NLA Questions,TWOSUMM,Chef and Pair of Elements,https://www.codechef.com/problems/TWOSUMM,Data Structures -> Monday Munch - DSA Challenge practice series
duplicate_name,Company Based Questions,Deloitte NLA Questions,TWOSUMM,Chef and Pair of Elements,https://www.codechef.com/problems/TWOSUMM,Data Structures -> Monday Munch - DSA Challenge practice series
duplicate_url,Company Based Questions,Deloitte NLA Questions,ROTATEARRAY,Rotate the array,https://www.codechef.com/problems/ROTATEARRAY,Data Structures -> Monday Munch - DSA Challenge practice series
duplicate_code,Company Based Questions,Deloitte NLA Questions,ROTATEARRAY,Rotate the array,https://www.codechef.com/problems/ROTATEARRAY,Data Structures -> Monday Munch - DSA Challenge practice series
duplicate_name,Company Based Questions,Deloitte NLA Questions,ROTATEARRAY,Rotate the array,https://www.codechef.com/problems/ROTATEARRAY,Data Structures -> Monday Munch - DSA Challenge practice series
duplicate_name,Company Based Questions,Deloitte NLA Questions,ISHYNF03,Longest Palindromic Substring,https://www.codechef.com/problems/ISHYNF03,Company Based Questions -> Deloitte NLA Questions
duplicate_name,Company Based Questions,Deloitte NLA Questions,ISHYNF08,Longest Increasing Subsequence,https://www.codechef.com/problems/ISHYNF08,Company Based Questions -> Deloitte NLA Questions
duplicate_url,Company Based Questions,Deloitte NLA Questions,RTLL,Reverse a Linked List,https://www.codechef.com/problems/RTLL,Data Structures -> Practice Linked Lists
duplicate_code,Company Based Questions,Deloitte NLA Questions,RTLL,Reverse a Linked List,https://www.codechef.com/problems/RTLL,Data Structures -> Practice Linked Lists
duplicate_name,Company Based Questions,Deloitte NLA Questions,RTLL,Reverse a Linked List,https://www.codechef.com/problems/RTLL,Data Structures -> Practice Linked Lists
duplicate_name,Company Based Questions,Deloitte NLA Questions,CASS34,Prime Check,https://www.codechef.com/problems/CASS34,Company Based Questions -> Deloitte NLA Questions
duplicate_name,Company Based Questions,Deloitte NLA Questions,AAKCGL06,Percentage,https://www.codechef.com/problems/AAKCGL06,Company Based Questions -> Deloitte NLA Questions
duplicate_name,Company Based Questions,Deloitte NLA Questions,CJACIF15,Find the Odd One Out,https://www.codechef.com/problems/CJACIF15,Company Based Questions -> Deloitte NLA Questions
duplicate_name,Company Based Questions,Deloitte NLA Questions,CJACIF16,Letter Rearrangement,https://www.codechef.com/problems/CJACIF16,Company Based Questions -> Deloitte NLA Questions
duplicate_name,Company Based Questions,Deloitte NLA Questions,AAKCGL20,Antonyms,https://www.codechef.com/problems/AAKCGL20,Company Based Questions -> Deloitte NLA Questions
duplicate_name,Company Based Questions,WIPRO Elite Questions,YJQPVI21,Rotate the List,https://www.codechef.com/problems/YJQPVI21,Company Based Questions -> WIPRO Elite Questions
duplicate_name,Company Based Questions,WIPRO Elite Questions,LKCCTY17,Seating Arrangement,https://www.codechef.com/problems/LKCCTY17,Company Based Questions -> WIPRO Elite Questions
duplicate_name,Company Based Questions,WIPRO Elite Questions,NJTODZ46,Family Relation Puzzle,https://www.codechef.com/problems/NJTODZ46,Company Based Questions -> WIPRO Elite Questions
duplicate_name,Company Based Questions,WIPRO Elite Questions,LKCCTY24,Spot the Error: Subject-Verb Agreement,https://www.codechef.com/problems/LKCCTY24,Company Based Questions -> WIPRO Elite Questions
duplicate_name,Company Based Questions,Infosys InfyTQ - Questions,QQQUOC12,Balanced Brackets,https://www.codechef.com/problems/QQQUOC12,Company Based Questions -> Infosys InfyTQ - Questions
duplicate_name,Company Based Questions,Accenture Interview Questions,DPNMAO15,Merge Sorted Arrays,https://www.codechef.com/problems/DPNMAO15,Company Based Questions -> Accenture Interview Questions
duplicate_name,Company Based Questions,Accenture Interview Questions,AGTCCR47,Secret Code Language Puzzle,https://www.codechef.com/problems/AGTCCR47,Company Based Questions -> Accenture Interview Questions
